<?xml version="1.0" encoding="UTF-8"?>
<project xmlns="http://cordis.europa.eu">
  
  
	
	
  
  <language>en</language>
  
  
	
  
  <availableLanguages readOnly="true">en</availableLanguages>
  
  
	
  
  <rcn>193378</rcn>
  
  
	
  
  <reference>636148</reference>
  
  
	
  
  <acronym>EuTravel</acronym>
  
  
	
  
  <teaser>EuTravel aims to:1. Support the EU agenda towards an open and single market for mobility services by enabling travellers to organise a multimodal trip in accordance with their own criteria including environmental performance, providing multimodal travel service providers an...</teaser>
  
  
	
  
  <objective>EuTravel aims to:
1. Support the EU agenda towards an open and single market for mobility services by enabling travellers to organise a multimodal trip in accordance with their own criteria including environmental performance, providing multimodal travel service providers an effective way to deliver customised services addressing any type of specialised travel needs and facilitating fact-based EU policy making.
2. Promote the creation of content, open and linked data for travellers enriching the travelling experience.
3. Support travel industry players join forces towards realising an EU shared seamless mobility strategy and architecture.
EuTravel will research and demonstrate Inter-modal travel optimised with respect to synchronisation between modes, passenger experience and rights and environmental performance (Optimodal Travel). 

The project objectives will be realised by:
1. Developing an open and readily usable Optimodality Framework aimed at integrating processes, data, and systems in a manner that eliminates interoperability barriers to the marketplace emergence of truly Optimodal travel services: from planning through booking and the full range of related travel support solutions.
2. Delivering Optimodality Ecosystem Enablers, offering an open infrastructure that allows organisations to set up cost-effective integration of existing systems and to create value added multimodal travel services.
3. Organising and developing a Living Lab to experiment and evaluate new concepts and prototype solutions in real life multimodal travel scenarios and obtain data to quantify impact.
4. Taking actions towards sustainable development including a Stakeholder Engagement Strategy and wide dissemination.
EuTravel, unlike other projects/initiatives, will deliver an Ecosystem promoting and supporting Optimodal travel that will have higher chances of success as it will be populated with tools that tap into existing mainstream IT travel reservation systems and sources of data.</objective>
  
  
	
  
  <title>Optimodal European Travel Ecosystem</title>
  
  
	
  
  <totalCost>3873992.5</totalCost>
  
  
	
  
  <ecMaxContribution>3873992.5</ecMaxContribution>
  
  
	
  
  <startDate>2015-05-01</startDate>
  
  
	
  
  <endDate>2017-10-31</endDate>
  
  
	
  
  <contract>
    
    
		
    
    <duration>30</duration>
    
    
	
  
  </contract>
  
  
	
  
  <status>SIGNED</status>
  
  
	
  
  <sourceUpdateDate>2017-08-16 17:43:31</sourceUpdateDate>
  
  
	
  
  <contentCreationDate readOnly="true">2015-05-05 16:12:46</contentCreationDate>
  
  
	
  
  <contentUpdateDate>2017-08-17 12:51:16</contentUpdateDate>
  
  
	
  
  <lastUpdateDate readOnly="true">2017-08-29 11:48:43</lastUpdateDate>
  
  
	
  
  <relations>
    
    
		
    
    <associations>
      
      
			
      
      <call type="relatedCall">
        
        
				
			
					
        
        <rcn>501</rcn>
        
        
					
        
        <title>H2020-MG-2014_TwoStages</title>
        
        
					
        
        <identifier>H2020-MG-2014_TwoStages</identifier>
        
        
				
      
      </call>
      
      
			
      
      <organization ecContribution="529075" order="1" terminated="false" type="coordinator">
        
        
				
			
					
        
        <availableLanguages readOnly="true">en</availableLanguages>
        
        
					
        
        <rcn>1909322</rcn>
        
        
					
        
        <id>997831726</id>
        
        
					
        
        <vatNumber>GB732904538</vatNumber>
        
        
					
        
        <legalName>INLECOM SYSTEMS LTD</legalName>
        
        
					
        
        <shortName>ILS</shortName>
        
        
					
        
        <address>
          
          
						
          
          <street>24 HIGH STREET WANSTEAD PHOENIX HOUSE</street>
          
          
						
          
          <city>LONDON</city>
          
          
						
          
          <postalCode>E11 2AQ</postalCode>
          
          
						
          
          <country>UK</country>
          
          
						
          
          <url>www.inlecom.com</url>
          
          
					
        
        </address>
        
        
					
        
        <relations>
          
          
						
          
          <categories>
            
            
							
            
            <category classification="organizationActivityType" type="relatedOrganizationActivityType">
              
              
								
              
              <availableLanguages readOnly="true">en</availableLanguages>
              
              
								
              
              <code>/PRC</code>
              
              
								
              
              <title>Private for-profit entities (excluding Higher or Secondary Education Establishments)</title>
              
              
								
							
            
            </category>
            
            
						
          
          </categories>
          
          
						
          
          <regions>
            
            
							
            
            <region type="relatedRegion">
              
              
								
							
									
              
              <name>United Kingdom</name>
              
              
									
              
              <nutsCode>UK</nutsCode>
              
              
									
              
              <euCode>UK</euCode>
              
              
									
              
              <isoCode>GB</isoCode>
              
              
									
              
              <rcn>508725800</rcn>
              
              
								
            
            </region>
            
            
						
          
          </regions>
          
          
					
        
        </relations>
        
        
				
      
      </organization>
      
      
			
      
      <organization ecContribution="141000" order="8" terminated="false" type="participant">
        
        
				
			
					
        
        <availableLanguages readOnly="true">en</availableLanguages>
        
        
					
        
        <rcn>2397001</rcn>
        
        
					
        
        <id>937255032</id>
        
        
					
        
        <legalName>B.A.I. BRETAGNE ANGLETERRE IRLANDE SA</legalName>
        
        
					
        
        <shortName>Brittany Ferries (BF)</shortName>
        
        
					
        
        <address>
          
          
						
          
          <street>PORT DU BLOSCON</street>
          
          
						
          
          <city>ROSCOFF</city>
          
          
						
          
          <postalCode>29688</postalCode>
          
          
						
          
          <country>FR</country>
          
          
					
        
        </address>
        
        
					
        
        <relations>
          
          
						
          
          <categories>
            
            
							
            
            <category classification="organizationActivityType" type="relatedOrganizationActivityType">
              
              
								
              
              <availableLanguages readOnly="true">en</availableLanguages>
              
              
								
              
              <code>/PRC</code>
              
              
								
              
              <title>Private for-profit entities (excluding Higher or Secondary Education Establishments)</title>
              
              
								
							
            
            </category>
            
            
						
          
          </categories>
          
          
						
          
          <regions>
            
            
							
            
            <region type="relatedRegion">
              
              
								
							
									
              
              <name>France</name>
              
              
									
              
              <nutsCode>FR</nutsCode>
              
              
									
              
              <euCode>FR</euCode>
              
              
									
              
              <isoCode>FR</isoCode>
              
              
									
              
              <rcn>258902568</rcn>
              
              
								
            
            </region>
            
            
						
          
          </regions>
          
          
					
        
        </relations>
        
        
				
      
      </organization>
      
      
			
      
      <organization ecContribution="170290" order="4" terminated="false" type="participant">
        
        
				
			
					
        
        <availableLanguages readOnly="true">en</availableLanguages>
        
        
					
        
        <rcn>2396997</rcn>
        
        
					
        
        <id>943591945</id>
        
        
					
        
        <legalName>TRAVELPORT GLOBAL DISTRIBUTION SYSTEM BV</legalName>
        
        
					
        
        <shortName>Travelport Global Distribution System (TRP)</shortName>
        
        
					
        
        <address>
          
          
						
          
          <street>TAURUSAVENUE 33A</street>
          
          
						
          
          <city>HOOFDDORP</city>
          
          
						
          
          <postalCode>2132 LS</postalCode>
          
          
						
          
          <country>NL</country>
          
          
					
        
        </address>
        
        
					
        
        <relations>
          
          
						
          
          <categories>
            
            
							
            
            <category classification="organizationActivityType" type="relatedOrganizationActivityType">
              
              
								
              
              <availableLanguages readOnly="true">en</availableLanguages>
              
              
								
              
              <code>/PRC</code>
              
              
								
              
              <title>Private for-profit entities (excluding Higher or Secondary Education Establishments)</title>
              
              
								
							
            
            </category>
            
            
						
          
          </categories>
          
          
						
          
          <regions>
            
            
							
            
            <region type="relatedRegion">
              
              
								
							
									
              
              <name>Netherlands</name>
              
              
									
              
              <nutsCode>NL</nutsCode>
              
              
									
              
              <euCode>NL</euCode>
              
              
									
              
              <isoCode>NL</isoCode>
              
              
									
              
              <rcn>391547432</rcn>
              
              
								
            
            </region>
            
            
						
          
          </regions>
          
          
					
        
        </relations>
        
        
				
      
      </organization>
      
      
			
      
      <organization ecContribution="215400" order="5" terminated="false" type="participant">
        
        
				
			
					
        
        <availableLanguages readOnly="true">en</availableLanguages>
        
        
					
        
        <rcn>2396960</rcn>
        
        
					
        
        <id>940448660</id>
        
        
					
        
        <vatNumber>ESA84409408</vatNumber>
        
        
					
        
        <legalName>AMADEUS IT GROUP SA</legalName>
        
        
					
        
        <shortName>AMADEUS</shortName>
        
        
					
        
        <address>
          
          
						
          
          <street>CALLE SALVADOR DE MADARIAGA 1</street>
          
          
						
          
          <city>MADRID</city>
          
          
						
          
          <postalCode>28027</postalCode>
          
          
						
          
          <country>ES</country>
          
          
					
        
        </address>
        
        
					
        
        <relations>
          
          
						
          
          <categories>
            
            
							
            
            <category classification="organizationActivityType" type="relatedOrganizationActivityType">
              
              
								
              
              <availableLanguages readOnly="true">en</availableLanguages>
              
              
								
              
              <code>/PRC</code>
              
              
								
              
              <title>Private for-profit entities (excluding Higher or Secondary Education Establishments)</title>
              
              
								
							
            
            </category>
            
            
						
          
          </categories>
          
          
						
          
          <regions>
            
            
							
            
            <region type="relatedRegion">
              
              
								
							
									
              
              <name>Spain</name>
              
              
									
              
              <nutsCode>ES</nutsCode>
              
              
									
              
              <euCode>ES</euCode>
              
              
									
              
              <isoCode>ES</isoCode>
              
              
									
              
              <rcn>242387496</rcn>
              
              
								
            
            </region>
            
            
						
          
          </regions>
          
          
					
        
        </relations>
        
        
				
      
      </organization>
      
      
			
      
      <organization ecContribution="5582.85" order="2" terminated="true" type="participant">
        
        
				
			
					
        
        <availableLanguages readOnly="true">en</availableLanguages>
        
        
					
        
        <rcn>2396995</rcn>
        
        
					
        
        <id>937278603</id>
        
        
					
        
        <legalName>IVZW EUROLINES ORGANISATION</legalName>
        
        
					
        
        <shortName>Eurolines Organisation IASBL (EUL)</shortName>
        
        
					
        
        <address>
          
          
						
          
          <street>METROLOGIELAN 6</street>
          
          
						
          
          <city>BRUSSELS</city>
          
          
						
          
          <postalCode>1130</postalCode>
          
          
						
          
          <country>BE</country>
          
          
					
        
        </address>
        
        
					
        
        <relations>
          
          
						
          
          <categories>
            
            
							
            
            <category classification="organizationActivityType" type="relatedOrganizationActivityType">
              
              
								
              
              <availableLanguages readOnly="true">en</availableLanguages>
              
              
								
              
              <code>/OTH</code>
              
              
								
              
              <title>Other</title>
              
              
								
							
            
            </category>
            
            
						
          
          </categories>
          
          
						
          
          <regions>
            
            
							
            
            <region type="relatedRegion">
              
              
								
							
									
              
              <name>Belgium</name>
              
              
									
              
              <nutsCode>BE</nutsCode>
              
              
									
              
              <euCode>BE</euCode>
              
              
									
              
              <isoCode>BE</isoCode>
              
              
									
              
              <rcn>188385832</rcn>
              
              
								
            
            </region>
            
            
						
          
          </regions>
          
          
					
        
        </relations>
        
        
				
      
      </organization>
      
      
			
      
      <organization ecContribution="131000" order="15" terminated="false" type="participant">
        
        
				
			
					
        
        <availableLanguages readOnly="true">en</availableLanguages>
        
        
					
        
        <rcn>2397008</rcn>
        
        
					
        
        <id>937609955</id>
        
        
					
        
        <legalName>HILL DICKINSON LLP</legalName>
        
        
					
        
        <shortName>Hill Dickinson LLP (HD)</shortName>
        
        
					
        
        <address>
          
          
						
          
          <street>1 ST PAUL S SQUARE</street>
          
          
						
          
          <city>LIVERPOOL</city>
          
          
						
          
          <postalCode>L3 9SJ</postalCode>
          
          
						
          
          <country>UK</country>
          
          
					
        
        </address>
        
        
					
        
        <relations>
          
          
						
          
          <categories>
            
            
							
            
            <category classification="organizationActivityType" type="relatedOrganizationActivityType">
              
              
								
              
              <availableLanguages readOnly="true">en</availableLanguages>
              
              
								
              
              <code>/PRC</code>
              
              
								
              
              <title>Private for-profit entities (excluding Higher or Secondary Education Establishments)</title>
              
              
								
							
            
            </category>
            
            
						
          
          </categories>
          
          
						
          
          <regions>
            
            
							
            
            <region type="relatedRegion">
              
              
								
							
									
              
              <name>United Kingdom</name>
              
              
									
              
              <nutsCode>UK</nutsCode>
              
              
									
              
              <euCode>UK</euCode>
              
              
									
              
              <isoCode>GB</isoCode>
              
              
									
              
              <rcn>508725800</rcn>
              
              
								
            
            </region>
            
            
						
          
          </regions>
          
          
					
        
        </relations>
        
        
				
      
      </organization>
      
      
			
      
      <organization ecContribution="242417.5" order="16" terminated="false" type="participant">
        
        
				
			
					
        
        <availableLanguages readOnly="true">en</availableLanguages>
        
        
					
        
        <rcn>1910623</rcn>
        
        
					
        
        <id>999949624</id>
        
        
					
        
        <vatNumber>IT05403151003</vatNumber>
        
        
					
        
        <legalName>TRENITALIA SPA</legalName>
        
        
					
        
        <shortName>TRENITALIA SPA.</shortName>
        
        
					
        
        <address>
          
          
						
          
          <street>PIAZZA DELLA CROCE ROSSA 1</street>
          
          
						
          
          <city>ROMA</city>
          
          
						
          
          <postalCode>00161</postalCode>
          
          
						
          
          <country>IT</country>
          
          
						
          
          <url>www.trenitalia.com</url>
          
          
					
        
        </address>
        
        
					
        
        <relations>
          
          
						
          
          <categories>
            
            
							
            
            <category classification="organizationActivityType" type="relatedOrganizationActivityType">
              
              
								
              
              <availableLanguages readOnly="true">en</availableLanguages>
              
              
								
              
              <code>/PRC</code>
              
              
								
              
              <title>Private for-profit entities (excluding Higher or Secondary Education Establishments)</title>
              
              
								
							
            
            </category>
            
            
						
          
          </categories>
          
          
						
          
          <regions>
            
            
							
            
            <region type="relatedRegion">
              
              
								
							
									
              
              <name>Italy</name>
              
              
									
              
              <nutsCode>IT</nutsCode>
              
              
									
              
              <euCode>IT</euCode>
              
              
									
              
              <isoCode>IT</isoCode>
              
              
									
              
              <rcn>309758504</rcn>
              
              
								
            
            </region>
            
            
						
          
          </regions>
          
          
					
        
        </relations>
        
        
				
      
      </organization>
      
      
			
      
      <organization ecContribution="304000" order="7" terminated="false" type="participant">
        
        
				
			
					
        
        <availableLanguages readOnly="true">en</availableLanguages>
        
        
					
        
        <rcn>1909316</rcn>
        
        
					
        
        <id>997848022</id>
        
        
					
        
        <vatNumber>CY10137255O</vatNumber>
        
        
					
        
        <legalName>EBOS TECHNOLOGIES LIMITED</legalName>
        
        
					
        
        <shortName>eBOS</shortName>
        
        
					
        
        <address>
          
          
						
          
          <street>STROVOLOS 124 FLOOR 2 FLAT 201</street>
          
          
						
          
          <city>LEFKOSIA</city>
          
          
						
          
          <postalCode>2042</postalCode>
          
          
						
          
          <country>CY</country>
          
          
						
          
          <postBox>29209</postBox>
          
          
						
          
          <url>http://www.ebos.com.cy</url>
          
          
					
        
        </address>
        
        
					
        
        <relations>
          
          
						
          
          <categories>
            
            
							
            
            <category classification="organizationActivityType" type="relatedOrganizationActivityType">
              
              
								
              
              <availableLanguages readOnly="true">en</availableLanguages>
              
              
								
              
              <code>/PRC</code>
              
              
								
              
              <title>Private for-profit entities (excluding Higher or Secondary Education Establishments)</title>
              
              
								
							
            
            </category>
            
            
						
          
          </categories>
          
          
						
          
          <regions>
            
            
							
            
            <region type="relatedRegion">
              
              
								
							
									
              
              <name>Cyprus</name>
              
              
									
              
              <nutsCode>CY</nutsCode>
              
              
									
              
              <euCode>CY</euCode>
              
              
									
              
              <isoCode>CY</isoCode>
              
              
									
              
              <rcn>210405928</rcn>
              
              
								
            
            </region>
            
            
						
          
          </regions>
          
          
					
        
        </relations>
        
        
				
      
      </organization>
      
      
			
      
      <organization ecContribution="172350" order="17" terminated="false" type="participant">
        
        
				
			
					
        
        <availableLanguages readOnly="true">en</availableLanguages>
        
        
					
        
        <rcn>1905726</rcn>
        
        
					
        
        <id>999978239</id>
        
        
					
        
        <vatNumber>EL090085651</vatNumber>
        
        
					
        
        <legalName>"NATIONAL CENTER FOR SCIENTIFIC RESEARCH ""DEMOKRITOS"""</legalName>
        
        
					
        
        <shortName>NATIONAL CENTER FOR SCIENTIFIC RESEARCH</shortName>
        
        
					
        
        <address>
          
          
						
          
          <street>END OF PATRIARCHOU GRIGORIOU E AND 27 NEAPOLEOS STREET</street>
          
          
						
          
          <city>AGIA PARASKEVI</city>
          
          
						
          
          <postalCode>15341</postalCode>
          
          
						
          
          <country>EL</country>
          
          
						
          
          <postBox>P.O. Box 60228</postBox>
          
          
						
          
          <url>www.demokritos.gr</url>
          
          
					
        
        </address>
        
        
					
        
        <departmentName>Special Account Department</departmentName>
        
        
					
        
        <relations>
          
          
						
          
          <categories>
            
            
							
            
            <category classification="organizationActivityType" type="relatedOrganizationActivityType">
              
              
								
              
              <availableLanguages readOnly="true">en</availableLanguages>
              
              
								
              
              <code>/REC</code>
              
              
								
              
              <title>Research Organisations</title>
              
              
								
							
            
            </category>
            
            
						
          
          </categories>
          
          
						
          
          <regions>
            
            
							
            
            <region type="relatedRegion">
              
              
								
							
									
              
              <name>Greece</name>
              
              
									
              
              <nutsCode>GR</nutsCode>
              
              
									
              
              <euCode>EL</euCode>
              
              
									
              
              <isoCode>GR</isoCode>
              
              
									
              
              <rcn>240552488</rcn>
              
              
								
            
            </region>
            
            
						
          
          </regions>
          
          
					
        
        </relations>
        
        
				
      
      </organization>
      
      
			
      
      <organization ecContribution="198210" order="6" terminated="false" type="participant">
        
        
				
			
					
        
        <availableLanguages readOnly="true">en</availableLanguages>
        
        
					
        
        <rcn>1920912</rcn>
        
        
					
        
        <id>967388179</id>
        
        
					
        
        <vatNumber>ESQ0801576J</vatNumber>
        
        
					
        
        <legalName>Ferrocarrils de la Generalitat de Catalunya</legalName>
        
        
					
        
        <shortName>FGC</shortName>
        
        
					
        
        <address>
          
          
						
          
          <street>Carrer del Cardenal Sentmenat  4</street>
          
          
						
          
          <city>Barcelona</city>
          
          
						
          
          <postalCode>08017</postalCode>
          
          
						
          
          <country>ES</country>
          
          
						
          
          <url>http://www.fgc.cat</url>
          
          
					
        
        </address>
        
        
					
        
        <relations>
          
          
						
          
          <categories>
            
            
							
            
            <category classification="organizationActivityType" type="relatedOrganizationActivityType">
              
              
								
              
              <availableLanguages readOnly="true">en</availableLanguages>
              
              
								
              
              <code>/PUB</code>
              
              
								
              
              <title>Public bodies (excluding Research Organisations and Secondary or Higher Education Establishments)</title>
              
              
								
							
            
            </category>
            
            
						
          
          </categories>
          
          
						
          
          <regions>
            
            
							
            
            <region type="relatedRegion">
              
              
								
							
									
              
              <name>Spain</name>
              
              
									
              
              <nutsCode>ES</nutsCode>
              
              
									
              
              <euCode>ES</euCode>
              
              
									
              
              <isoCode>ES</isoCode>
              
              
									
              
              <rcn>242387496</rcn>
              
              
								
            
            </region>
            
            
						
          
          </regions>
          
          
					
        
        </relations>
        
        
				
      
      </organization>
      
      
			
      
      <organization ecContribution="151000" order="14" terminated="false" type="participant">
        
        
				
			
					
        
        <availableLanguages readOnly="true">en</availableLanguages>
        
        
					
        
        <rcn>2397007</rcn>
        
        
					
        
        <id>937283162</id>
        
        
					
        
        <legalName>SILVERRAIL TECHNOLOGIES UK LIMITED</legalName>
        
        
					
        
        <shortName>SilverRail Technologies (SR)</shortName>
        
        
					
        
        <address>
          
          
						
          
          <street>2 MINTON PLACE VICTORIA ROAD</street>
          
          
						
          
          <city>BICESTER</city>
          
          
						
          
          <postalCode>OX26 6QB</postalCode>
          
          
						
          
          <country>UK</country>
          
          
					
        
        </address>
        
        
					
        
        <relations>
          
          
						
          
          <categories>
            
            
							
            
            <category classification="organizationActivityType" type="relatedOrganizationActivityType">
              
              
								
              
              <availableLanguages readOnly="true">en</availableLanguages>
              
              
								
              
              <code>/PRC</code>
              
              
								
              
              <title>Private for-profit entities (excluding Higher or Secondary Education Establishments)</title>
              
              
								
							
            
            </category>
            
            
						
          
          </categories>
          
          
						
          
          <regions>
            
            
							
            
            <region type="relatedRegion">
              
              
								
							
									
              
              <name>United Kingdom</name>
              
              
									
              
              <nutsCode>UK</nutsCode>
              
              
									
              
              <euCode>UK</euCode>
              
              
									
              
              <isoCode>GB</isoCode>
              
              
									
              
              <rcn>508725800</rcn>
              
              
								
            
            </region>
            
            
						
          
          </regions>
          
          
					
        
        </relations>
        
        
				
      
      </organization>
      
      
			
      
      <organization ecContribution="180500" order="13" terminated="false" type="participant">
        
        
				
			
					
        
        <availableLanguages readOnly="true">en</availableLanguages>
        
        
					
        
        <rcn>2397006</rcn>
        
        
					
        
        <id>953745711</id>
        
        
					
        
        <vatNumber>IT02019960398</vatNumber>
        
        
					
        
        <legalName>BUSINESS-E SPA</legalName>
        
        
					
        
        <shortName>BSE</shortName>
        
        
					
        
        <address>
          
          
						
          
          <street>VIA BENEDETTO CROCE 1</street>
          
          
						
          
          <city>VIMODRONE (MILANO)</city>
          
          
						
          
          <postalCode>20090</postalCode>
          
          
						
          
          <country>IT</country>
          
          
					
        
        </address>
        
        
					
        
        <relations>
          
          
						
          
          <categories>
            
            
							
            
            <category classification="organizationActivityType" type="relatedOrganizationActivityType">
              
              
								
              
              <availableLanguages readOnly="true">en</availableLanguages>
              
              
								
              
              <code>/PRC</code>
              
              
								
              
              <title>Private for-profit entities (excluding Higher or Secondary Education Establishments)</title>
              
              
								
							
            
            </category>
            
            
						
          
          </categories>
          
          
						
          
          <regions>
            
            
							
            
            <region type="relatedRegion">
              
              
								
							
									
              
              <name>Italy</name>
              
              
									
              
              <nutsCode>IT</nutsCode>
              
              
									
              
              <euCode>IT</euCode>
              
              
									
              
              <isoCode>IT</isoCode>
              
              
									
              
              <rcn>309758504</rcn>
              
              
								
            
            </region>
            
            
						
          
          </regions>
          
          
					
        
        </relations>
        
        
				
      
      </organization>
      
      
			
      
      <organization ecContribution="245885" order="9" terminated="false" type="participant">
        
        
				
			
					
        
        <availableLanguages readOnly="true">en</availableLanguages>
        
        
					
        
        <rcn>1907601</rcn>
        
        
					
        
        <id>999869114</id>
        
        
					
        
        <vatNumber>ATU57495437</vatNumber>
        
        
					
        
        <legalName>UNIVERSITAET INNSBRUCK</legalName>
        
        
					
        
        <shortName>UIBK</shortName>
        
        
					
        
        <address>
          
          
						
          
          <street>INNRAIN 52</street>
          
          
						
          
          <city>INNSBRUCK</city>
          
          
						
          
          <postalCode>6020</postalCode>
          
          
						
          
          <country>AT</country>
          
          
						
          
          <postBox>000</postBox>
          
          
						
          
          <url>http://www.uibk.ac.at</url>
          
          
					
        
        </address>
        
        
					
        
        <departmentName>STI Innsbruck</departmentName>
        
        
					
        
        <relations>
          
          
						
          
          <categories>
            
            
							
            
            <category classification="organizationActivityType" type="relatedOrganizationActivityType">
              
              
								
              
              <availableLanguages readOnly="true">en</availableLanguages>
              
              
								
              
              <code>/HES</code>
              
              
								
              
              <title>Higher or Secondary Education Establishments</title>
              
              
								
							
            
            </category>
            
            
						
          
          </categories>
          
          
						
          
          <regions>
            
            
							
            
            <region type="relatedRegion">
              
              
								
							
									
              
              <name>Austria</name>
              
              
									
              
              <nutsCode>AT</nutsCode>
              
              
									
              
              <euCode>AT</euCode>
              
              
									
              
              <isoCode>AT</isoCode>
              
              
									
              
              <rcn>175540776</rcn>
              
              
								
            
            </region>
            
            
						
          
          </regions>
          
          
					
        
        </relations>
        
        
				
      
      </organization>
      
      
			
      
      <organization ecContribution="117500" order="18" terminated="false" type="participant">
        
        
				
			
					
        
        <availableLanguages readOnly="true">en</availableLanguages>
        
        
					
        
        <rcn>3099877</rcn>
        
        
					
        
        <id>913370625</id>
        
        
					
        
        <legalName>DISTRIBUSION TECHNOLOGIES GMBH</legalName>
        
        
					
        
        <shortName>DIS</shortName>
        
        
					
        
        <address>
          
          
						
          
          <street>SCHWEDENSTRASSE 9</street>
          
          
						
          
          <city>BERLIN</city>
          
          
						
          
          <postalCode>13359</postalCode>
          
          
						
          
          <country>DE</country>
          
          
					
        
        </address>
        
        
					
        
        <relations>
          
          
						
          
          <categories>
            
            
							
            
            <category classification="organizationActivityType" type="relatedOrganizationActivityType">
              
              
								
              
              <availableLanguages readOnly="true">en</availableLanguages>
              
              
								
              
              <code>/PRC</code>
              
              
								
              
              <title>Private for-profit entities (excluding Higher or Secondary Education Establishments)</title>
              
              
								
							
            
            </category>
            
            
						
          
          </categories>
          
          
						
          
          <regions>
            
            
							
            
            <region type="relatedRegion">
              
              
								
							
									
              
              <name>Germany</name>
              
              
									
              
              <nutsCode>DE</nutsCode>
              
              
									
              
              <euCode>DE</euCode>
              
              
									
              
              <isoCode>DE</isoCode>
              
              
									
              
              <rcn>221940264</rcn>
              
              
								
            
            </region>
            
            
						
          
          </regions>
          
          
					
        
        </relations>
        
        
				
      
      </organization>
      
      
			
      
      <organization ecContribution="241577.5" order="12" terminated="false" type="participant">
        
        
				
			
					
        
        <availableLanguages readOnly="true">en</availableLanguages>
        
        
					
        
        <rcn>1950162</rcn>
        
        
					
        
        <id>952279944</id>
        
        
					
        
        <vatNumber>BE0849248856</vatNumber>
        
        
					
        
        <legalName>VLTN GCV</legalName>
        
        
					
        
        <shortName>VLTN</shortName>
        
        
					
        
        <address>
          
          
						
          
          <street>WELVAARTSTRAAT 33B</street>
          
          
						
          
          <city>ANTWERPEN</city>
          
          
						
          
          <postalCode>2000</postalCode>
          
          
						
          
          <country>BE</country>
          
          
						
          
          <url>www.vltn.be</url>
          
          
					
        
        </address>
        
        
					
        
        <relations>
          
          
						
          
          <categories>
            
            
							
            
            <category classification="organizationActivityType" type="relatedOrganizationActivityType">
              
              
								
              
              <availableLanguages readOnly="true">en</availableLanguages>
              
              
								
              
              <code>/PRC</code>
              
              
								
              
              <title>Private for-profit entities (excluding Higher or Secondary Education Establishments)</title>
              
              
								
							
            
            </category>
            
            
						
          
          </categories>
          
          
						
          
          <regions>
            
            
							
            
            <region type="relatedRegion">
              
              
								
							
									
              
              <name>Belgium</name>
              
              
									
              
              <nutsCode>BE</nutsCode>
              
              
									
              
              <euCode>BE</euCode>
              
              
									
              
              <isoCode>BE</isoCode>
              
              
									
              
              <rcn>188385832</rcn>
              
              
								
            
            </region>
            
            
						
          
          </regions>
          
          
					
        
        </relations>
        
        
				
      
      </organization>
      
      
			
      
      <organization ecContribution="280750" order="11" terminated="false" type="participant">
        
        
				
			
					
        
        <availableLanguages readOnly="true">en</availableLanguages>
        
        
					
        
        <rcn>1906111</rcn>
        
        
					
        
        <id>999617108</id>
        
        
					
        
        <vatNumber>GB414435966</vatNumber>
        
        
					
        
        <legalName>BMT GROUP LTD</legalName>
        
        
					
        
        <shortName>BMT</shortName>
        
        
					
        
        <address>
          
          
						
          
          <street>GOODRICH HOUSE WALDEGRAVE ROAD 1</street>
          
          
						
          
          <city>TEDDINGTON</city>
          
          
						
          
          <postalCode>TW11 8LZ</postalCode>
          
          
						
          
          <country>UK</country>
          
          
						
          
          <postBox>000</postBox>
          
          
					
        
        </address>
        
        
					
        
        <departmentName>Research and Development</departmentName>
        
        
					
        
        <relations>
          
          
						
          
          <categories>
            
            
							
            
            <category classification="organizationActivityType" type="relatedOrganizationActivityType">
              
              
								
              
              <availableLanguages readOnly="true">en</availableLanguages>
              
              
								
              
              <code>/PRC</code>
              
              
								
              
              <title>Private for-profit entities (excluding Higher or Secondary Education Establishments)</title>
              
              
								
							
            
            </category>
            
            
						
          
          </categories>
          
          
						
          
          <regions>
            
            
							
            
            <region type="relatedRegion">
              
              
								
							
									
              
              <name>United Kingdom</name>
              
              
									
              
              <nutsCode>UK</nutsCode>
              
              
									
              
              <euCode>UK</euCode>
              
              
									
              
              <isoCode>GB</isoCode>
              
              
									
              
              <rcn>508725800</rcn>
              
              
								
            
            </region>
            
            
						
          
          </regions>
          
          
					
        
        </relations>
        
        
				
      
      </organization>
      
      
			
      
      <organization ecContribution="142300" order="10" terminated="false" type="participant">
        
        
				
			
					
        
        <availableLanguages readOnly="true">en</availableLanguages>
        
        
					
        
        <rcn>2397003</rcn>
        
        
					
        
        <id>937676206</id>
        
        
					
        
        <legalName>PHAROS DATA LIMITED</legalName>
        
        
					
        
        <shortName>Pharos Datacom Ltd (PD)</shortName>
        
        
					
        
        <address>
          
          
						
          
          <street>400 THAMES VALLEY PARK DRIVE THAMES VALLEY PARK</street>
          
          
						
          
          <city>READING</city>
          
          
						
          
          <postalCode>RG6 1PT</postalCode>
          
          
						
          
          <country>UK</country>
          
          
					
        
        </address>
        
        
					
        
        <relations>
          
          
						
          
          <categories>
            
            
							
            
            <category classification="organizationActivityType" type="relatedOrganizationActivityType">
              
              
								
              
              <availableLanguages readOnly="true">en</availableLanguages>
              
              
								
              
              <code>/PRC</code>
              
              
								
              
              <title>Private for-profit entities (excluding Higher or Secondary Education Establishments)</title>
              
              
								
							
            
            </category>
            
            
						
          
          </categories>
          
          
						
          
          <regions>
            
            
							
            
            <region type="relatedRegion">
              
              
								
							
									
              
              <name>United Kingdom</name>
              
              
									
              
              <nutsCode>UK</nutsCode>
              
              
									
              
              <euCode>UK</euCode>
              
              
									
              
              <isoCode>GB</isoCode>
              
              
									
              
              <rcn>508725800</rcn>
              
              
								
            
            </region>
            
            
						
          
          </regions>
          
          
					
        
        </relations>
        
        
				
      
      </organization>
      
      
			
      
      <organization ecContribution="405154.65" order="3" terminated="false" type="participant">
        
        
				
			
					
        
        <availableLanguages readOnly="true">en</availableLanguages>
        
        
					
        
        <rcn>1924119</rcn>
        
        
					
        
        <id>972878088</id>
        
        
					
        
        <vatNumber>GB930359627</vatNumber>
        
        
					
        
        <legalName>CLMS (UK) LIMITED</legalName>
        
        
					
        
        <shortName>CLMS</shortName>
        
        
					
        
        <address>
          
          
						
          
          <street>UNIVERSITY WAY KNOWLEDGE DOCK BUSINESS CENTRE 4</street>
          
          
						
          
          <city>LONDON</city>
          
          
						
          
          <postalCode>E16 2RD</postalCode>
          
          
						
          
          <country>UK</country>
          
          
						
          
          <url>www.clmsuk.com</url>
          
          
					
        
        </address>
        
        
					
        
        <relations>
          
          
						
          
          <categories>
            
            
							
            
            <category classification="organizationActivityType" type="relatedOrganizationActivityType">
              
              
								
              
              <availableLanguages readOnly="true">en</availableLanguages>
              
              
								
              
              <code>/PRC</code>
              
              
								
              
              <title>Private for-profit entities (excluding Higher or Secondary Education Establishments)</title>
              
              
								
							
            
            </category>
            
            
						
          
          </categories>
          
          
						
          
          <regions>
            
            
							
            
            <region type="relatedRegion">
              
              
								
							
									
              
              <name>United Kingdom</name>
              
              
									
              
              <nutsCode>UK</nutsCode>
              
              
									
              
              <euCode>UK</euCode>
              
              
									
              
              <isoCode>GB</isoCode>
              
              
									
              
              <rcn>508725800</rcn>
              
              
								
            
            </region>
            
            
						
          
          </regions>
          
          
					
        
        </relations>
        
        
				
      
      </organization>
      
      
			
      
      <programme type="relatedSubProgramme">
        
        
				
			
					
        
        <availableLanguages readOnly="true">en</availableLanguages>
        
        
					
        
        <rcn>664914</rcn>
        
        
					
        
        <code>MG-7.2a-2014</code>
        
        
					
        
        <frameworkProgramme>H2020-Topics</frameworkProgramme>
        
        
					
        
        <title>Towards seamless mobility addressing fragmentation in ITS deployment in Europe</title>
        
        
					
        
        <parent>
          
          
						
          
          <programme>
            
            
							
            
            <rcn>20200</rcn>
            
            
							
            
            <code>H2020-Topics</code>
            
            
						
          
          </programme>
          
          
					
        
        </parent>
        
        
				
      
      </programme>
      
      
			
      
      <programme type="relatedProgramme">
        
        
				
			
					
        
        <availableLanguages readOnly="true">de,en,es,fr,it,pl</availableLanguages>
        
        
					
        
        <rcn>664357</rcn>
        
        
					
        
        <code>H2020-EU.3.4.</code>
        
        
					
        
        <frameworkProgramme>H2020</frameworkProgramme>
        
        
					
        
        <pga>H2020-EU.3.4.</pga>
        
        
					
        
        <title>SOCIETAL CHALLENGES - Smart, Green And Integrated Transport</title>
        
        
					
        
        <shortTitle>Transport</shortTitle>
        
        
					
        
        <parent>
          
          
						
          
          <programme>
            
            
							
            
            <rcn>664235</rcn>
            
            
							
            
            <code>H2020-EU.3.</code>
            
            
							
            
            <parent>
              
              
								
              
              <programme>
                
                
									
                
                <rcn>664087</rcn>
                
                
									
                
                <code>H2020-EC</code>
                
                
									
                
                <parent>
                  
                  
										
                  
                  <programme>
                    
                    
											
                    
                    <rcn>664086</rcn>
                    
                    
											
                    
                    <code>H2020</code>
                    
                    
										
                  
                  </programme>
                  
                  
									
                
                </parent>
                
                
								
              
              </programme>
              
              
							
            
            </parent>
            
            
						
          
          </programme>
          
          
					
        
        </parent>
        
        
				
      
      </programme>
      
      
			
      
      <result type="relatedResult">
        
        
				
			
					
        
        <availableLanguages readOnly="true">en</availableLanguages>
        
        
					
        
        <rcn>196358</rcn>
        
        
					
        
        <title>Periodic Reporting for period 1 - EuTravel (Optimodal European Travel Ecosystem)</title>
        
        
					
        
        <teaser>EUTRAVEL aims to support the EU agenda towards an open and single market for mobility services by enabling travellers to organise a multimodal trip in accordance with their own criteria including environmental performance and providing multimodal travel service providers an...</teaser>
        
        
					
        
        <description>periodic</description>
        
        
					
        
        <contentUpdateDate>2017-03-29 12:58:33</contentUpdateDate>
        
        
					
        
        <relations>
          
          
						
          
          <categories>
            
            
							
            
            <category classification="collection" type="belongsTo">
              
              
								
              
              <availableLanguages readOnly="true">de,en,es,fr,it,pl</availableLanguages>
              
              
								
              
              <code>/pubsum</code>
              
              
								
              
              <title>Report Summary</title>
              
              
								
							
            
            </category>
            
            
							
            
            <category classification="resultCategory" type="relatedResultCategory">
              
              
								
              
              <availableLanguages readOnly="true">en</availableLanguages>
              
              
								
              
              <code>/report</code>
              
              
								
              
              <title>Report summary</title>
              
              
								
							
            
            </category>
            
            
							
            
            <category classification="source" type="isProvidedBy">
              
              
								
              
              <availableLanguages readOnly="true">de,en,es,fr,it,pl</availableLanguages>
              
              
								
              
              <code>/corda</code>
              
              
								
              
              <title>CORDA</title>
              
              
								
							
            
            </category>
            
            
						
          
          </categories>
          
          
						
          
          <associations>
            
            
							
            
            <webItem type="relatedResultAttachment">
              
              
								
							
									
              
              <language>en</language>
              
              
									
              
              <availableLanguages readOnly="true">en,any</availableLanguages>
              
              
									
              
              <uri>/docs/results/h2020/636/636148_PS/2-eutravel-636148-itineraries.png</uri>
              
              
									
              
              <alternativeText>Graphical Representation of multimodal itineraries</alternativeText>
              
              
									
              
              <mimetype readOnly="true">image/png</mimetype>
              
              
									
              
              <size readOnly="true">0</size>
              
              
								
            
            </webItem>
            
            
							
            
            <webItem type="relatedResultAttachment">
              
              
								
							
									
              
              <language>en</language>
              
              
									
              
              <availableLanguages readOnly="true">en,any</availableLanguages>
              
              
									
              
              <uri>/docs/results/h2020/636/636148_PS/1-eutravel-636148-travel-planner.jpg</uri>
              
              
									
              
              <alternativeText>Initial Version of Front-end Travel Planner</alternativeText>
              
              
									
              
              <mimetype readOnly="true">image/jpeg</mimetype>
              
              
									
              
              <size readOnly="true">0</size>
              
              
								
            
            </webItem>
            
            
							
            
            <webItem type="relatedResultAttachment">
              
              
								
							
									
              
              <language>en</language>
              
              
									
              
              <availableLanguages readOnly="true">en,any</availableLanguages>
              
              
									
              
              <uri>/docs/results/h2020/636/636148_PS/3-eutravel-636148-optimal-itenerary.png</uri>
              
              
									
              
              <alternativeText>Graphical Representation of optimal itinerary</alternativeText>
              
              
									
              
              <mimetype readOnly="true">image/png</mimetype>
              
              
									
              
              <size readOnly="true">0</size>
              
              
								
            
            </webItem>
            
            
							
            
            <webItem type="relatedResultAttachment">
              
              
								
							
									
              
              <language>en</language>
              
              
									
              
              <availableLanguages readOnly="true">en,any</availableLanguages>
              
              
									
              
              <uri>/docs/results/h2020/636/636148_PS/4-eutravel-636148-domain-model.png</uri>
              
              
									
              
              <alternativeText>Common Information Model</alternativeText>
              
              
									
              
              <mimetype readOnly="true">image/png</mimetype>
              
              
									
              
              <size readOnly="true">0</size>
              
              
								
            
            </webItem>
            
            
						
          
          </associations>
          
          
					
        
        </relations>
        
        
				
      
      </result>
      
      
		
    
    </associations>
    
    
		
    
    <categories>
      
      
			
      
      <category classification="projectFundingSchemeCategory" type="relatedProjectFundingSchemeCategory">
        
        
				
        
        <availableLanguages readOnly="true">en</availableLanguages>
        
        
				
        
        <code>/RIA</code>
        
        
				
        
        <title>Research and Innovation action</title>
        
        
				
			
      
      </category>
      
      
		
    
    </categories>
    
    
	
  
  </relations>
  
  
	


</project>

