<?xml version="1.0" encoding="UTF-8"?>
<project xmlns="http://cordis.europa.eu">
  
  
	
	
  
  <language>en</language>
  
  
	
  
  <availableLanguages readOnly="true">en</availableLanguages>
  
  
	
  
  <rcn>193236</rcn>
  
  
	
  
  <reference>633477</reference>
  
  
	
  
  <acronym>MORE-CONNECT</acronym>
  
  
	
  
  <teaser>Objective is to develop and to demonstrate technologies and components for prefabricated modular renovation elements in five geo-clusters  in Europe. This includes prefabricated durable, innovative, modular composed building envelope elements for the total building envelop for...</teaser>
  
  
	
  
  <objective>Objective is to develop and to demonstrate technologies and components for prefabricated modular renovation elements in five geo-clusters  in Europe. This includes prefabricated durable, innovative, modular composed building envelope elements for the total building envelop for the renovation market, including the prefab integration of multifunctional components for climate control, energy saving, building physics and aesthetics, with advanced easy to use plug&amp;play  connections (mechanical, hydraulic, air, electric, prefab airtight joints). MORE-CONNECT offers tailor-made renovation concepts, from a  standardized industrialized manufacturing and assembly process, in a one-shop-stop concept to the end-user, with a nearly zero energy performance of the total modular renovation concepts, a maximum return on investment less than 8 years and with a limitation of the total renovation time of 5 days. The concept offers performance guarantee for individual energy use and the quality of the indoor environment. Product innovation includes the selection of sustainable materials and sustainable detailing. A specific feature is the development of Plug &amp; Play connection of modular components. Smart combinations of components and executions ensure extra performances for NZE concepts, healthy indoor environment, safety, accessibility. Components communicate by integrated (wireless) sensors and control components for performance diagnostics and control. Process innovation will be achieved by the  use of advanced geomatics to make inventories of buildings. Webbased tools will link building characteristics, building (energy) potentials, and end-users demands to program requirements. This will be processed in BIM systems for the steering industrial process and enhanced quality control. This makes it possible to make tailor-made solutions for individuals, in mass production (n =1 series). Business models and advanced energy services (one-stop-shop) will be developed for each geo cluster.</objective>
  
  
	
  
  <title>Development and advanced prefabrication of innovative, multifunctional building envelope  elements for MOdular REtrofitting and CONNECTions</title>
  
  
	
  
  <totalCost>5557263</totalCost>
  
  
	
  
  <ecMaxContribution>4364748.6</ecMaxContribution>
  
  
	
  
  <startDate>2014-12-01</startDate>
  
  
	
  
  <endDate>2018-11-30</endDate>
  
  
	
  
  <contract>
    
    
		
    
    <duration>48</duration>
    
    
	
  
  </contract>
  
  
	
  
  <status>SIGNED</status>
  
  
	
  
  <sourceUpdateDate>2017-08-16 16:53:34</sourceUpdateDate>
  
  
	
  
  <contentCreationDate readOnly="true">2015-05-05 16:00:40</contentCreationDate>
  
  
	
  
  <contentUpdateDate>2017-07-24 07:06:25</contentUpdateDate>
  
  
	
  
  <lastUpdateDate readOnly="true">2017-08-16 16:56:27</lastUpdateDate>
  
  
	
  
  <relations>
    
    
		
    
    <associations>
      
      
			
      
      <call type="relatedCall">
        
        
				
			
					
        
        <rcn>305</rcn>
        
        
					
        
        <title>H2020-EE-2014-1-PPP</title>
        
        
					
        
        <identifier>H2020-EE-2014-1-PPP</identifier>
        
        
				
      
      </call>
      
      
			
      
      <organization ecContribution="311485" order="11" terminated="false" type="participant">
        
        
				
			
					
        
        <availableLanguages readOnly="true">en</availableLanguages>
        
        
					
        
        <rcn>1908209</rcn>
        
        
					
        
        <id>999995505</id>
        
        
					
        
        <vatNumber>PT502011378</vatNumber>
        
        
					
        
        <legalName>UNIVERSIDADE DO MINHO</legalName>
        
        
					
        
        <shortName>UMINHO</shortName>
        
        
					
        
        <address>
          
          
						
          
          <street>LARGO DO PACO</street>
          
          
						
          
          <city>BRAGA</city>
          
          
						
          
          <postalCode>4704 553</postalCode>
          
          
						
          
          <country>PT</country>
          
          
						
          
          <url>www.uminho.pt</url>
          
          
					
        
        </address>
        
        
					
        
        <departmentName>Rectorate</departmentName>
        
        
					
        
        <relations>
          
          
						
          
          <categories>
            
            
							
            
            <category classification="organizationActivityType" type="relatedOrganizationActivityType">
              
              
								
              
              <availableLanguages readOnly="true">en</availableLanguages>
              
              
								
              
              <code>/HES</code>
              
              
								
              
              <title>Higher or Secondary Education Establishments</title>
              
              
								
							
            
            </category>
            
            
						
          
          </categories>
          
          
						
          
          <regions>
            
            
							
            
            <region type="relatedRegion">
              
              
								
							
									
              
              <name>Portugal</name>
              
              
									
              
              <nutsCode>PT</nutsCode>
              
              
									
              
              <euCode>PT</euCode>
              
              
									
              
              <isoCode>PT</isoCode>
              
              
									
              
              <rcn>427199016</rcn>
              
              
								
            
            </region>
            
            
						
          
          </regions>
          
          
					
        
        </relations>
        
        
				
      
      </organization>
      
      
			
      
      <organization ecContribution="336700" order="5" terminated="false" type="participant">
        
        
				
			
					
        
        <availableLanguages readOnly="true">en</availableLanguages>
        
        
					
        
        <rcn>1918889</rcn>
        
        
					
        
        <id>999920718</id>
        
        
					
        
        <vatNumber>LV90000068977</vatNumber>
        
        
					
        
        <legalName>RIGAS TEHNISKA UNIVERSITATE</legalName>
        
        
					
        
        <shortName>RTU</shortName>
        
        
					
        
        <address>
          
          
						
          
          <street>KALKU IELA 1</street>
          
          
						
          
          <city>RIGA</city>
          
          
						
          
          <postalCode>1658</postalCode>
          
          
						
          
          <country>LV</country>
          
          
						
          
          <url>www.rtu.lv</url>
          
          
					
        
        </address>
        
        
					
        
        <departmentName>Distance Education Study Centre</departmentName>
        
        
					
        
        <departmentName> Department of Electronics a</departmentName>
        
        
					
        
        <relations>
          
          
						
          
          <categories>
            
            
							
            
            <category classification="organizationActivityType" type="relatedOrganizationActivityType">
              
              
								
              
              <availableLanguages readOnly="true">en</availableLanguages>
              
              
								
              
              <code>/HES</code>
              
              
								
              
              <title>Higher or Secondary Education Establishments</title>
              
              
								
							
            
            </category>
            
            
						
          
          </categories>
          
          
						
          
          <regions>
            
            
							
            
            <region type="relatedRegion">
              
              
								
							
									
              
              <name>Latvia</name>
              
              
									
              
              <nutsCode>LV</nutsCode>
              
              
									
              
              <euCode>LV</euCode>
              
              
									
              
              <isoCode>LV</isoCode>
              
              
									
              
              <rcn>360614440</rcn>
              
              
								
            
            </region>
            
            
						
          
          </regions>
          
          
					
        
        </relations>
        
        
				
      
      </organization>
      
      
			
      
      <organization ecContribution="332395" order="2" terminated="false" type="participant">
        
        
				
			
					
        
        <availableLanguages readOnly="true">en</availableLanguages>
        
        
					
        
        <rcn>1905569</rcn>
        
        
					
        
        <id>999416706</id>
        
        
					
        
        <vatNumber>NL807777432B01</vatNumber>
        
        
					
        
        <legalName>STICHTING ZUYD HOGESCHOOL</legalName>
        
        
					
        
        <shortName>ZUYD</shortName>
        
        
					
        
        <address>
          
          
						
          
          <street>NIEUW EYCKHOLT 300</street>
          
          
						
          
          <city>HEERLEN</city>
          
          
						
          
          <postalCode>6419 DJ</postalCode>
          
          
						
          
          <country>NL</country>
          
          
						
          
          <url>www.zuyd.nl</url>
          
          
					
        
        </address>
        
        
					
        
        <departmentName>Financial</departmentName>
        
        
					
        
        <departmentName> Economical Department</departmentName>
        
        
					
        
        <relations>
          
          
						
          
          <categories>
            
            
							
            
            <category classification="organizationActivityType" type="relatedOrganizationActivityType">
              
              
								
              
              <availableLanguages readOnly="true">en</availableLanguages>
              
              
								
              
              <code>/HES</code>
              
              
								
              
              <title>Higher or Secondary Education Establishments</title>
              
              
								
							
            
            </category>
            
            
						
          
          </categories>
          
          
						
          
          <regions>
            
            
							
            
            <region type="relatedRegion">
              
              
								
							
									
              
              <name>Netherlands</name>
              
              
									
              
              <nutsCode>NL</nutsCode>
              
              
									
              
              <euCode>NL</euCode>
              
              
									
              
              <isoCode>NL</isoCode>
              
              
									
              
              <rcn>391547432</rcn>
              
              
								
            
            </region>
            
            
						
          
          </regions>
          
          
					
        
        </relations>
        
        
				
      
      </organization>
      
      
			
      
      <organization ecContribution="56875" order="6" terminated="false" type="participant">
        
        
				
			
					
        
        <availableLanguages readOnly="true">en</availableLanguages>
        
        
					
        
        <rcn>2348488</rcn>
        
        
					
        
        <id>946919142</id>
        
        
					
        
        <legalName>LATVIAN WOOD CONSTRUCTION CLUSTER</legalName>
        
        
					
        
        <shortName>Latvian wood construction cluster</shortName>
        
        
					
        
        <address>
          
          
						
          
          <street>KR BARONA 130 K-10</street>
          
          
						
          
          <city>RIGA</city>
          
          
						
          
          <postalCode>1012</postalCode>
          
          
						
          
          <country>LV</country>
          
          
					
        
        </address>
        
        
					
        
        <relations>
          
          
						
          
          <categories>
            
            
							
            
            <category classification="organizationActivityType" type="relatedOrganizationActivityType">
              
              
								
              
              <availableLanguages readOnly="true">en</availableLanguages>
              
              
								
              
              <code>/OTH</code>
              
              
								
              
              <title>Other</title>
              
              
								
							
            
            </category>
            
            
						
          
          </categories>
          
          
						
          
          <regions>
            
            
							
            
            <region type="relatedRegion">
              
              
								
							
									
              
              <name>Latvia</name>
              
              
									
              
              <nutsCode>LV</nutsCode>
              
              
									
              
              <euCode>LV</euCode>
              
              
									
              
              <isoCode>LV</isoCode>
              
              
									
              
              <rcn>360614440</rcn>
              
              
								
            
            </region>
            
            
						
          
          </regions>
          
          
					
        
        </relations>
        
        
				
      
      </organization>
      
      
			
      
      <organization ecContribution="383914.3" order="3" terminated="false" type="participant">
        
        
				
			
					
        
        <availableLanguages readOnly="true">en</availableLanguages>
        
        
					
        
        <rcn>2348485</rcn>
        
        
					
        
        <id>946435015</id>
        
        
					
        
        <vatNumber>NL852569634B01</vatNumber>
        
        
					
        
        <legalName>BJW BV</legalName>
        
        
					
        
        <shortName>BJW</shortName>
        
        
					
        
        <address>
          
          
						
          
          <street>PROPAANSTRAAT 7</street>
          
          
						
          
          <city>RIJSSEN</city>
          
          
						
          
          <postalCode>7463 PN</postalCode>
          
          
						
          
          <country>NL</country>
          
          
					
        
        </address>
        
        
					
        
        <relations>
          
          
						
          
          <categories>
            
            
							
            
            <category classification="organizationActivityType" type="relatedOrganizationActivityType">
              
              
								
              
              <availableLanguages readOnly="true">en</availableLanguages>
              
              
								
              
              <code>/PRC</code>
              
              
								
              
              <title>Private for-profit entities (excluding Higher or Secondary Education Establishments)</title>
              
              
								
							
            
            </category>
            
            
						
          
          </categories>
          
          
						
          
          <regions>
            
            
							
            
            <region type="relatedRegion">
              
              
								
							
									
              
              <name>Netherlands</name>
              
              
									
              
              <nutsCode>NL</nutsCode>
              
              
									
              
              <euCode>NL</euCode>
              
              
									
              
              <isoCode>NL</isoCode>
              
              
									
              
              <rcn>391547432</rcn>
              
              
								
            
            </region>
            
            
						
          
          </regions>
          
          
					
        
        </relations>
        
        
				
      
      </organization>
      
      
			
      
      <organization ecContribution="324835" order="1" terminated="false" type="coordinator">
        
        
				
			
					
        
        <availableLanguages readOnly="true">en</availableLanguages>
        
        
					
        
        <rcn>2348483</rcn>
        
        
					
        
        <id>949760078</id>
        
        
					
        
        <vatNumber>NL003325027B01</vatNumber>
        
        
					
        
        <legalName>Huygen Installatie Adviseurs</legalName>
        
        
					
        
        <shortName>HIA</shortName>
        
        
					
        
        <address>
          
          
						
          
          <street>Parkweg 22b</street>
          
          
						
          
          <city>Maastricht</city>
          
          
						
          
          <postalCode>6200AM</postalCode>
          
          
						
          
          <country>NL</country>
          
          
					
        
        </address>
        
        
					
        
        <relations>
          
          
						
          
          <categories>
            
            
							
            
            <category classification="organizationActivityType" type="relatedOrganizationActivityType">
              
              
								
              
              <availableLanguages readOnly="true">en</availableLanguages>
              
              
								
              
              <code>/PRC</code>
              
              
								
              
              <title>Private for-profit entities (excluding Higher or Secondary Education Establishments)</title>
              
              
								
							
            
            </category>
            
            
						
          
          </categories>
          
          
						
          
          <regions>
            
            
							
            
            <region type="relatedRegion">
              
              
								
							
									
              
              <name>Netherlands</name>
              
              
									
              
              <nutsCode>NL</nutsCode>
              
              
									
              
              <euCode>NL</euCode>
              
              
									
              
              <isoCode>NL</isoCode>
              
              
									
              
              <rcn>391547432</rcn>
              
              
								
            
            </region>
            
            
						
          
          </regions>
          
          
					
        
        </relations>
        
        
				
      
      </organization>
      
      
			
      
      <organization ecContribution="103600" order="9" terminated="false" type="participant">
        
        
				
			
					
        
        <availableLanguages readOnly="true">en</availableLanguages>
        
        
					
        
        <rcn>2348491</rcn>
        
        
					
        
        <id>947080841</id>
        
        
					
        
        <legalName>MATEK AS</legalName>
        
        
					
        
        <shortName>Matek AS</shortName>
        
        
					
        
        <address>
          
          
						
          
          <street>PARNU MNT 158</street>
          
          
						
          
          <city>TALLINN</city>
          
          
						
          
          <postalCode>11317</postalCode>
          
          
						
          
          <country>EE</country>
          
          
					
        
        </address>
        
        
					
        
        <relations>
          
          
						
          
          <categories>
            
            
							
            
            <category classification="organizationActivityType" type="relatedOrganizationActivityType">
              
              
								
              
              <availableLanguages readOnly="true">en</availableLanguages>
              
              
								
              
              <code>/PRC</code>
              
              
								
              
              <title>Private for-profit entities (excluding Higher or Secondary Education Establishments)</title>
              
              
								
							
            
            </category>
            
            
						
          
          </categories>
          
          
						
          
          <regions>
            
            
							
            
            <region type="relatedRegion">
              
              
								
							
									
              
              <name>Estonia</name>
              
              
									
              
              <nutsCode>EE</nutsCode>
              
              
									
              
              <euCode>EE</euCode>
              
              
									
              
              <isoCode>EE</isoCode>
              
              
									
              
              <rcn>238717480</rcn>
              
              
								
            
            </region>
            
            
						
          
          </regions>
          
          
					
        
        </relations>
        
        
				
      
      </organization>
      
      
			
      
      <organization ecContribution="68337.5" order="12" terminated="false" type="participant">
        
        
				
			
					
        
        <availableLanguages readOnly="true">en</availableLanguages>
        
        
					
        
        <rcn>2348494</rcn>
        
        
					
        
        <id>946757055</id>
        
        
					
        
        <legalName>DARKGLOBE</legalName>
        
        
					
        
        <shortName>DARKGLOBE</shortName>
        
        
					
        
        <address>
          
          
						
          
          <street>RUA CRISTOVAO PIRES NORTE EDIFICIO MIRAPARQUE 1 ANDAR D</street>
          
          
						
          
          <city>ALMANCIL</city>
          
          
						
          
          <postalCode>8135 117</postalCode>
          
          
						
          
          <country>PT</country>
          
          
					
        
        </address>
        
        
					
        
        <relations>
          
          
						
          
          <categories>
            
            
							
            
            <category classification="organizationActivityType" type="relatedOrganizationActivityType">
              
              
								
              
              <availableLanguages readOnly="true">en</availableLanguages>
              
              
								
              
              <code>/PRC</code>
              
              
								
              
              <title>Private for-profit entities (excluding Higher or Secondary Education Establishments)</title>
              
              
								
							
            
            </category>
            
            
						
          
          </categories>
          
          
						
          
          <regions>
            
            
							
            
            <region type="relatedRegion">
              
              
								
							
									
              
              <name>Portugal</name>
              
              
									
              
              <nutsCode>PT</nutsCode>
              
              
									
              
              <euCode>PT</euCode>
              
              
									
              
              <isoCode>PT</isoCode>
              
              
									
              
              <rcn>427199016</rcn>
              
              
								
            
            </region>
            
            
						
          
          </regions>
          
          
					
        
        </relations>
        
        
				
      
      </organization>
      
      
			
      
      <organization ecContribution="215512.5" order="14" terminated="false" type="participant">
        
        
				
			
					
        
        <availableLanguages readOnly="true">en</availableLanguages>
        
        
					
        
        <rcn>2348496</rcn>
        
        
					
        
        <id>972098402</id>
        
        
					
        
        <legalName>INNOGIE APS</legalName>
        
        
					
        
        <shortName>Innogie</shortName>
        
        
					
        
        <address>
          
          
						
          
          <street>THRIGESVEJ 23</street>
          
          
						
          
          <city>IKAST</city>
          
          
						
          
          <postalCode>7430</postalCode>
          
          
						
          
          <country>DK</country>
          
          
					
        
        </address>
        
        
					
        
        <relations>
          
          
						
          
          <categories>
            
            
							
            
            <category classification="organizationActivityType" type="relatedOrganizationActivityType">
              
              
								
              
              <availableLanguages readOnly="true">en</availableLanguages>
              
              
								
              
              <code>/PRC</code>
              
              
								
              
              <title>Private for-profit entities (excluding Higher or Secondary Education Establishments)</title>
              
              
								
							
            
            </category>
            
            
						
          
          </categories>
          
          
						
          
          <regions>
            
            
							
            
            <region type="relatedRegion">
              
              
								
							
									
              
              <name>Denmark</name>
              
              
									
              
              <nutsCode>DK</nutsCode>
              
              
									
              
              <euCode>DK</euCode>
              
              
									
              
              <isoCode>DK</isoCode>
              
              
									
              
              <rcn>223513128</rcn>
              
              
								
            
            </region>
            
            
						
          
          </regions>
          
          
					
        
        </relations>
        
        
				
      
      </organization>
      
      
			
      
      <organization ecContribution="223212.5" order="15" terminated="false" type="participant">
        
        
				
			
					
        
        <availableLanguages readOnly="true">en</availableLanguages>
        
        
					
        
        <rcn>2348497</rcn>
        
        
					
        
        <id>946353923</id>
        
        
					
        
        <legalName>INVELA</legalName>
        
        
					
        
        <shortName>INV</shortName>
        
        
					
        
        <address>
          
          
						
          
          <street>SCT KNUDSGADE 8 A</street>
          
          
						
          
          <city>SLAGELSE</city>
          
          
						
          
          <postalCode>4200</postalCode>
          
          
						
          
          <country>DK</country>
          
          
					
        
        </address>
        
        
					
        
        <relations>
          
          
						
          
          <categories>
            
            
							
            
            <category classification="organizationActivityType" type="relatedOrganizationActivityType">
              
              
								
              
              <availableLanguages readOnly="true">en</availableLanguages>
              
              
								
              
              <code>/PRC</code>
              
              
								
              
              <title>Private for-profit entities (excluding Higher or Secondary Education Establishments)</title>
              
              
								
							
            
            </category>
            
            
						
          
          </categories>
          
          
						
          
          <regions>
            
            
							
            
            <region type="relatedRegion">
              
              
								
							
									
              
              <name>Denmark</name>
              
              
									
              
              <nutsCode>DK</nutsCode>
              
              
									
              
              <euCode>DK</euCode>
              
              
									
              
              <isoCode>DK</isoCode>
              
              
									
              
              <rcn>223513128</rcn>
              
              
								
            
            </region>
            
            
						
          
          </regions>
          
          
					
        
        </relations>
        
        
				
      
      </organization>
      
      
			
      
      <organization ecContribution="111212.5" order="17" terminated="false" type="participant">
        
        
				
			
					
        
        <availableLanguages readOnly="true">en</availableLanguages>
        
        
					
        
        <rcn>2348499</rcn>
        
        
					
        
        <id>942501762</id>
        
        
					
        
        <legalName>RD RYMAROV SRO</legalName>
        
        
					
        
        <shortName>RD Rýmařov, s.r.o.</shortName>
        
        
					
        
        <address>
          
          
						
          
          <street>8 KVETNA 1191/45</street>
          
          
						
          
          <city>RYMAROV</city>
          
          
						
          
          <postalCode>795 01</postalCode>
          
          
						
          
          <country>CZ</country>
          
          
					
        
        </address>
        
        
					
        
        <relations>
          
          
						
          
          <categories>
            
            
							
            
            <category classification="organizationActivityType" type="relatedOrganizationActivityType">
              
              
								
              
              <availableLanguages readOnly="true">en</availableLanguages>
              
              
								
              
              <code>/PRC</code>
              
              
								
              
              <title>Private for-profit entities (excluding Higher or Secondary Education Establishments)</title>
              
              
								
							
            
            </category>
            
            
						
          
          </categories>
          
          
						
          
          <regions>
            
            
							
            
            <region type="relatedRegion">
              
              
								
							
									
              
              <name>Czech Republic</name>
              
              
									
              
              <nutsCode>CZ</nutsCode>
              
              
									
              
              <euCode>CZ</euCode>
              
              
									
              
              <isoCode>CZ</isoCode>
              
              
									
              
              <rcn>210668072</rcn>
              
              
								
            
            </region>
            
            
						
          
          </regions>
          
          
					
        
        </relations>
        
        
				
      
      </organization>
      
      
			
      
      <organization ecContribution="0" order="18" terminated="false" type="participant">
        
        
				
			
					
        
        <availableLanguages readOnly="true">en</availableLanguages>
        
        
					
        
        <rcn>2348500</rcn>
        
        
					
        
        <id>951678156</id>
        
        
					
        
        <legalName>ECONCEPT AG</legalName>
        
        
					
        
        <shortName>econcept AG</shortName>
        
        
					
        
        <address>
          
          
						
          
          <street>GERECHTIGKEITSGASSE 20</street>
          
          
						
          
          <city>ZURICH</city>
          
          
						
          
          <postalCode>8002</postalCode>
          
          
						
          
          <country>CH</country>
          
          
					
        
        </address>
        
        
					
        
        <relations>
          
          
						
          
          <categories>
            
            
							
            
            <category classification="organizationActivityType" type="relatedOrganizationActivityType">
              
              
								
              
              <availableLanguages readOnly="true">en</availableLanguages>
              
              
								
              
              <code>/OTH</code>
              
              
								
              
              <title>Other</title>
              
              
								
							
            
            </category>
            
            
						
          
          </categories>
          
          
						
          
          <regions>
            
            
							
            
            <region type="relatedRegion">
              
              
								
							
									
              
              <name>Switzerland</name>
              
              
									
              
              <nutsCode>CH</nutsCode>
              
              
									
              
              <euCode>CH</euCode>
              
              
									
              
              <isoCode>CH</isoCode>
              
              
									
              
              <rcn>205949480</rcn>
              
              
								
            
            </region>
            
            
						
          
          </regions>
          
          
					
        
        </relations>
        
        
				
      
      </organization>
      
      
			
      
      <organization ecContribution="165637.5" order="4" terminated="false" type="participant">
        
        
				
			
					
        
        <availableLanguages readOnly="true">en</availableLanguages>
        
        
					
        
        <rcn>2348486</rcn>
        
        
					
        
        <id>945123187</id>
        
        
					
        
        <legalName>TIMMERFABRIEK WEBO BV</legalName>
        
        
					
        
        <shortName>Timmerfabriek Webo</shortName>
        
        
					
        
        <address>
          
          
						
          
          <street>SPOELERSTRAAT 15</street>
          
          
						
          
          <city>RIJSSEN</city>
          
          
						
          
          <postalCode>7461 TX</postalCode>
          
          
						
          
          <country>NL</country>
          
          
					
        
        </address>
        
        
					
        
        <relations>
          
          
						
          
          <categories>
            
            
							
            
            <category classification="organizationActivityType" type="relatedOrganizationActivityType">
              
              
								
              
              <availableLanguages readOnly="true">en</availableLanguages>
              
              
								
              
              <code>/PRC</code>
              
              
								
              
              <title>Private for-profit entities (excluding Higher or Secondary Education Establishments)</title>
              
              
								
							
            
            </category>
            
            
						
          
          </categories>
          
          
						
          
          <regions>
            
            
							
            
            <region type="relatedRegion">
              
              
								
							
									
              
              <name>Netherlands</name>
              
              
									
              
              <nutsCode>NL</nutsCode>
              
              
									
              
              <euCode>NL</euCode>
              
              
									
              
              <isoCode>NL</isoCode>
              
              
									
              
              <rcn>391547432</rcn>
              
              
								
            
            </region>
            
            
						
          
          </regions>
          
          
					
        
        </relations>
        
        
				
      
      </organization>
      
      
			
      
      <organization ecContribution="93800" order="10" terminated="false" type="participant">
        
        
				
			
					
        
        <availableLanguages readOnly="true">en</availableLanguages>
        
        
					
        
        <rcn>2348492</rcn>
        
        
					
        
        <id>937365418</id>
        
        
					
        
        <legalName>REF EHITUSTOOD OU</legalName>
        
        
					
        
        <shortName>REF</shortName>
        
        
					
        
        <address>
          
          
						
          
          <street>PETERBURI MNT 3 22</street>
          
          
						
          
          <city>TALLINN</city>
          
          
						
          
          <postalCode>10137</postalCode>
          
          
						
          
          <country>EE</country>
          
          
					
        
        </address>
        
        
					
        
        <relations>
          
          
						
          
          <categories>
            
            
							
            
            <category classification="organizationActivityType" type="relatedOrganizationActivityType">
              
              
								
              
              <availableLanguages readOnly="true">en</availableLanguages>
              
              
								
              
              <code>/PRC</code>
              
              
								
              
              <title>Private for-profit entities (excluding Higher or Secondary Education Establishments)</title>
              
              
								
							
            
            </category>
            
            
						
          
          </categories>
          
          
						
          
          <regions>
            
            
							
            
            <region type="relatedRegion">
              
              
								
							
									
              
              <name>Estonia</name>
              
              
									
              
              <nutsCode>EE</nutsCode>
              
              
									
              
              <euCode>EE</euCode>
              
              
									
              
              <isoCode>EE</isoCode>
              
              
									
              
              <rcn>238717480</rcn>
              
              
								
            
            </region>
            
            
						
          
          </regions>
          
          
					
        
        </relations>
        
        
				
      
      </organization>
      
      
			
      
      <organization ecContribution="474476.8" order="13" terminated="false" type="participant">
        
        
				
			
					
        
        <availableLanguages readOnly="true">en</availableLanguages>
        
        
					
        
        <rcn>1924001</rcn>
        
        
					
        
        <id>997974219</id>
        
        
					
        
        <legalName>CENERGIA ENERGY CONSULTANTS APS</legalName>
        
        
					
        
        <shortName>CENERGIA PROJEKT APS</shortName>
        
        
					
        
        <address>
          
          
						
          
          <street>Herlev Hovedgade  195</street>
          
          
						
          
          <city>Herlev</city>
          
          
						
          
          <postalCode>2730</postalCode>
          
          
						
          
          <country>DK</country>
          
          
						
          
          <geolocation>55.723204,12.437101</geolocation>
          
          
					
        
        </address>
        
        
					
        
        <relations>
          
          
						
          
          <categories>
            
            
							
            
            <category classification="organizationActivityType" type="relatedOrganizationActivityType">
              
              
								
              
              <availableLanguages readOnly="true">en</availableLanguages>
              
              
								
              
              <code>/PRC</code>
              
              
								
              
              <title>Private for-profit entities (excluding Higher or Secondary Education Establishments)</title>
              
              
								
							
            
            </category>
            
            
						
          
          </categories>
          
          
						
          
          <regions>
            
            
							
            
            <region type="relatedRegion">
              
              
								
							
									
              
              <name>Denmark</name>
              
              
									
              
              <nutsCode>DK</nutsCode>
              
              
									
              
              <euCode>DK</euCode>
              
              
									
              
              <isoCode>DK</isoCode>
              
              
									
              
              <rcn>223513128</rcn>
              
              
								
            
            </region>
            
            
						
          
          </regions>
          
          
					
        
        </relations>
        
        
				
      
      </organization>
      
      
			
      
      <organization ecContribution="337930" order="16" terminated="false" type="participant">
        
        
				
			
					
        
        <availableLanguages readOnly="true">en</availableLanguages>
        
        
					
        
        <rcn>1905906</rcn>
        
        
					
        
        <id>999848744</id>
        
        
					
        
        <vatNumber>CZ68407700</vatNumber>
        
        
					
        
        <legalName>CESKE VYSOKE UCENI TECHNICKE V PRAZE</legalName>
        
        
					
        
        <shortName>IEAP CTU</shortName>
        
        
					
        
        <address>
          
          
						
          
          <street>ZIKOVA 4</street>
          
          
						
          
          <city>PRAHA</city>
          
          
						
          
          <postalCode>16636</postalCode>
          
          
						
          
          <country>CZ</country>
          
          
						
          
          <postBox>000</postBox>
          
          
						
          
          <url>www.cvut.cz</url>
          
          
					
        
        </address>
        
        
					
        
        <departmentName>Department of Cybernetics</departmentName>
        
        
					
        
        <departmentName> Faculty of Electrical Engineering</departmentName>
        
        
					
        
        <relations>
          
          
						
          
          <categories>
            
            
							
            
            <category classification="organizationActivityType" type="relatedOrganizationActivityType">
              
              
								
              
              <availableLanguages readOnly="true">en</availableLanguages>
              
              
								
              
              <code>/HES</code>
              
              
								
              
              <title>Higher or Secondary Education Establishments</title>
              
              
								
							
            
            </category>
            
            
						
          
          </categories>
          
          
						
          
          <regions>
            
            
							
            
            <region type="relatedRegion">
              
              
								
							
									
              
              <name>Czech Republic</name>
              
              
									
              
              <nutsCode>CZ</nutsCode>
              
              
									
              
              <euCode>CZ</euCode>
              
              
									
              
              <isoCode>CZ</isoCode>
              
              
									
              
              <rcn>210668072</rcn>
              
              
								
            
            </region>
            
            
						
          
          </regions>
          
          
					
        
        </relations>
        
        
				
      
      </organization>
      
      
			
      
      <organization ecContribution="78925" order="7" terminated="false" type="participant">
        
        
				
			
					
        
        <availableLanguages readOnly="true">en</availableLanguages>
        
        
					
        
        <rcn>2348489</rcn>
        
        
					
        
        <id>947045048</id>
        
        
					
        
        <legalName>ZEMGALES TEHNOLOGISKAIS CENTRS</legalName>
        
        
					
        
        <shortName>Zemgales tehnologiskais centrs</shortName>
        
        
					
        
        <address>
          
          
						
          
          <street>AKADEMIJAS IELA 19</street>
          
          
						
          
          <city>Jelgava</city>
          
          
						
          
          <postalCode>3001</postalCode>
          
          
						
          
          <country>LV</country>
          
          
					
        
        </address>
        
        
					
        
        <relations>
          
          
						
          
          <categories>
            
            
							
            
            <category classification="organizationActivityType" type="relatedOrganizationActivityType">
              
              
								
              
              <availableLanguages readOnly="true">en</availableLanguages>
              
              
								
              
              <code>/PRC</code>
              
              
								
              
              <title>Private for-profit entities (excluding Higher or Secondary Education Establishments)</title>
              
              
								
							
            
            </category>
            
            
						
          
          </categories>
          
          
						
          
          <regions>
            
            
							
            
            <region type="relatedRegion">
              
              
								
							
									
              
              <name>Latvia</name>
              
              
									
              
              <nutsCode>LV</nutsCode>
              
              
									
              
              <euCode>LV</euCode>
              
              
									
              
              <isoCode>LV</isoCode>
              
              
									
              
              <rcn>360614440</rcn>
              
              
								
            
            </region>
            
            
						
          
          </regions>
          
          
					
        
        </relations>
        
        
				
      
      </organization>
      
      
			
      
      <organization ecContribution="745900" order="8" terminated="false" type="participant">
        
        
				
			
					
        
        <availableLanguages readOnly="true">en</availableLanguages>
        
        
					
        
        <rcn>1908639</rcn>
        
        
					
        
        <id>999842536</id>
        
        
					
        
        <vatNumber>EE100224841</vatNumber>
        
        
					
        
        <legalName>TALLINNA TEHNIKAULIKOOL</legalName>
        
        
					
        
        <shortName>MSI</shortName>
        
        
					
        
        <address>
          
          
						
          
          <street>Ehitajate tee 5</street>
          
          
						
          
          <city>TALLINN</city>
          
          
						
          
          <postalCode>12616</postalCode>
          
          
						
          
          <country>EE</country>
          
          
						
          
          <url>www.ttu.ee</url>
          
          
					
        
        </address>
        
        
					
        
        <departmentName>Department of Research and Development</departmentName>
        
        
					
        
        <relations>
          
          
						
          
          <categories>
            
            
							
            
            <category classification="organizationActivityType" type="relatedOrganizationActivityType">
              
              
								
              
              <availableLanguages readOnly="true">en</availableLanguages>
              
              
								
              
              <code>/HES</code>
              
              
								
              
              <title>Higher or Secondary Education Establishments</title>
              
              
								
							
            
            </category>
            
            
						
          
          </categories>
          
          
						
          
          <regions>
            
            
							
            
            <region type="relatedRegion">
              
              
								
							
									
              
              <name>Estonia</name>
              
              
									
              
              <nutsCode>EE</nutsCode>
              
              
									
              
              <euCode>EE</euCode>
              
              
									
              
              <isoCode>EE</isoCode>
              
              
									
              
              <rcn>238717480</rcn>
              
              
								
            
            </region>
            
            
						
          
          </regions>
          
          
					
        
        </relations>
        
        
				
      
      </organization>
      
      
			
      
      <programme type="relatedProgramme">
        
        
				
			
					
        
        <availableLanguages readOnly="true">de,en,es,fr,it,pl</availableLanguages>
        
        
					
        
        <rcn>664323</rcn>
        
        
					
        
        <code>H2020-EU.3.3.1.</code>
        
        
					
        
        <frameworkProgramme>H2020</frameworkProgramme>
        
        
					
        
        <pga>H2020-EU.3.3.1.</pga>
        
        
					
        
        <title>Reducing energy consumption and carbon foorpint by smart and sustainable use</title>
        
        
					
        
        <shortTitle>Reducing energy consumption and carbon footprint</shortTitle>
        
        
					
        
        <parent>
          
          
						
          
          <programme>
            
            
							
            
            <rcn>664321</rcn>
            
            
							
            
            <code>H2020-EU.3.3.</code>
            
            
							
            
            <parent>
              
              
								
              
              <programme>
                
                
									
                
                <rcn>664235</rcn>
                
                
									
                
                <code>H2020-EU.3.</code>
                
                
									
                
                <parent>
                  
                  
										
                  
                  <programme>
                    
                    
											
                    
                    <rcn>664087</rcn>
                    
                    
											
                    
                    <code>H2020-EC</code>
                    
                    
											
                    
                    <parent>
                      
                      
												
                      
                      <programme>
                        
                        
													
                        
                        <rcn>664086</rcn>
                        
                        
													
                        
                        <code>H2020</code>
                        
                        
												
                      
                      </programme>
                      
                      
											
                    
                    </parent>
                    
                    
										
                  
                  </programme>
                  
                  
									
                
                </parent>
                
                
								
              
              </programme>
              
              
							
            
            </parent>
            
            
						
          
          </programme>
          
          
					
        
        </parent>
        
        
				
      
      </programme>
      
      
			
      
      <programme type="relatedSubProgramme">
        
        
				
			
					
        
        <availableLanguages readOnly="true">en</availableLanguages>
        
        
					
        
        <rcn>664680</rcn>
        
        
					
        
        <code>EE-01-2014</code>
        
        
					
        
        <frameworkProgramme>H2020-Topics</frameworkProgramme>
        
        
					
        
        <title>Manufacturing of prefabricated modules for renovation of building</title>
        
        
					
        
        <parent>
          
          
						
          
          <programme>
            
            
							
            
            <rcn>20200</rcn>
            
            
							
            
            <code>H2020-Topics</code>
            
            
						
          
          </programme>
          
          
					
        
        </parent>
        
        
				
      
      </programme>
      
      
			
      
      <result type="relatedResult">
        
        
				
			
					
        
        <availableLanguages readOnly="true">en</availableLanguages>
        
        
					
        
        <rcn>194865</rcn>
        
        
					
        
        <title>Periodic Reporting for period 1 - MORE-CONNECT (Development and advanced prefabrication of innovative, multifunctional building envelope  elements for MOdular REtrofitting and CONNECTions)</title>
        
        
					
        
        <teaser>The challenge of MORE-CONNECT is to overcome current barriers to come to large scale deep renovation by applying prefabricated multifunctional renovation elements. These elements have the potential to reduce costs, reduce the renovation time and disturbance for occupants and...</teaser>
        
        
					
        
        <description>periodic</description>
        
        
					
        
        <contentUpdateDate>2017-02-16 09:54:28</contentUpdateDate>
        
        
					
        
        <relations>
          
          
						
          
          <categories>
            
            
							
            
            <category classification="collection" type="belongsTo">
              
              
								
              
              <availableLanguages readOnly="true">de,en,es,fr,it,pl</availableLanguages>
              
              
								
              
              <code>/pubsum</code>
              
              
								
              
              <title>Report Summary</title>
              
              
								
							
            
            </category>
            
            
							
            
            <category classification="resultCategory" type="relatedResultCategory">
              
              
								
              
              <availableLanguages readOnly="true">en</availableLanguages>
              
              
								
              
              <code>/report</code>
              
              
								
              
              <title>Report summary</title>
              
              
								
							
            
            </category>
            
            
							
            
            <category classification="source" type="isProvidedBy">
              
              
								
              
              <availableLanguages readOnly="true">de,en,es,fr,it,pl</availableLanguages>
              
              
								
              
              <code>/corda</code>
              
              
								
              
              <title>CORDA</title>
              
              
								
							
            
            </category>
            
            
						
          
          </categories>
          
          
						
          
          <associations>
            
            
							
            
            <webItem source="corda" type="relatedResultAttachment">
              
              
								
							
									
              
              <language>en</language>
              
              
									
              
              <availableLanguages readOnly="true">en,any</availableLanguages>
              
              
									
              
              <uri>/docs/results/h2020/633/633477_PS/more-connect-wp5-dwelling-heerlen-nl.jpg</uri>
              
              
									
              
              <alternativeText>WP5_NZE renovated dwelling Heerlen NL, prefab engine and integrated facade elements</alternativeText>
              
              
									
              
              <mimetype readOnly="true">image/jpeg</mimetype>
              
              
									
              
              <size readOnly="true">0</size>
              
              
								
            
            </webItem>
            
            
							
            
            <webItem source="corda" type="relatedResultAttachment">
              
              
								
							
									
              
              <language>en</language>
              
              
									
              
              <availableLanguages readOnly="true">en,any</availableLanguages>
              
              
									
              
              <uri>/docs/results/h2020/633/633477_PS/untitled.png</uri>
              
              
									
              
              <alternativeText>Project funding</alternativeText>
              
              
									
              
              <mimetype readOnly="true">image/png</mimetype>
              
              
									
              
              <size readOnly="true">0</size>
              
              
								
            
            </webItem>
            
            
							
            
            <webItem source="corda" type="relatedResultAttachment">
              
              
								
							
									
              
              <language>en</language>
              
              
									
              
              <availableLanguages readOnly="true">en,any</availableLanguages>
              
              
									
              
              <uri>/docs/results/h2020/633/633477_PS/more-connect-wp2-smart-connectors-electric.jpg</uri>
              
              
									
              
              <alternativeText>WP2_principldesign smart connector unit electric CVUT</alternativeText>
              
              
									
              
              <mimetype readOnly="true">image/jpeg</mimetype>
              
              
									
              
              <size readOnly="true">0</size>
              
              
								
            
            </webItem>
            
            
							
            
            <webItem source="corda" type="relatedResultAttachment">
              
              
								
							
									
              
              <language>en</language>
              
              
									
              
              <availableLanguages readOnly="true">en,any</availableLanguages>
              
              
									
              
              <uri>/docs/results/h2020/633/633477_PS/more-connect-wp2-smart-connectors-air.png</uri>
              
              
									
              
              <alternativeText>WP2_smart connectors air_prefab elements TUT Estonia</alternativeText>
              
              
									
              
              <mimetype readOnly="true">image/png</mimetype>
              
              
									
              
              <size readOnly="true">0</size>
              
              
								
            
            </webItem>
            
            
							
            
            <webLink source="corda" type="relatedWebsite">
              
              
								
							
									
              
              <language>en</language>
              
              
									
              
              <availableLanguages readOnly="true">en</availableLanguages>
              
              
									
              
              <url>http://www.more-connect.eu</url>
              
              
									
              
              <content>News + events — MORE-CONNECT developing sustainable cities menu News + Events About the Project The objectives Concept and approach Work progress Lessons learnt on modular renovation Newsletters One-stop-shop concept Demonstration projects The projects Publications Deliverables Education and Training Theoretical self-learning content National on-site trainings MORE-CONNECT learning videos Relevant projects and links Contact Consortium menu menu News + Events About the Project The objectives Concept and approach Work progress Lessons learnt on modular renovation Newsletters One-stop-shop concept Demonstration projects The projects Publications Deliverables Education and Training Theoretical self-learning content National on-site trainings MORE-CONNECT learning videos Relevant projects and links Contact Consortium portal News + events news + events Final Conference World leading International Sustainable Built Environment Conferences proudly invites you to the “SBE19 NL” conference from 5-6 November 2018 (2-day […] YouTube clip introducing Estonian pilot building On the following link is available YouTube clip presenting the Estonian pilot building and the application of MORE-CONNECT retrofitting solutions: […] MORE-CONNECT Latvian national training material Latvian training material is ready.  Training modules are mainly are focused on modular retrofiting process design specifics (including fire safety, […] MORE-CONNECT Portuguese national training material Portuguese training material is ready.  Training modules are mainly are focused on modular retrofiting process design specifics (including fire safety, […] YouTube clip introducing Portuguese pilot building On following link is available YouTube clip presenting the Portuguese pilot building and the development of MORE-CONNECT retrofitting solution: https://www.youtube.com/watch?v=8Nfk-BZz9Uk&amp;feature=youtu.be […] 6th issue of MORE-CONNECT Newsletter is out! The 6th newsletter summarizes the MORE-CONNECT pilot building in Latvia and Estonia. Find it here: Newsletter_ISSUE #6 Latvian and Estonian […] more news + events This project has received funding from the European Union’s H2020 framework programme for research and innovation under grant agreement no 633477. © MORE-CONNECT All rights reserved, any duplication or use of objects such as diagrams in other elec- tronic or printed publications is not per- mitted without the author’s agreement. Disclaimer The sole responsibility for the content of this website lies with the authors. It does not necessarily reflect the opinion of the European Communities. The European Commission is not responsible to any use that may be made of the information contained therein. About the Project Contact Deliverables Demonstration projects Education and Training Theoretical self-learning content Lessons learnt on modular renovation News + events A special MORE-CONNECT working session during the Anual Riga Technical University conference Newsletters One-stop-shop concept Publications Relevant projects and links Series-of-one The project Concept and approach The objectives Work progress</content>
              
              
								
            
            </webLink>
            
            
						
          
          </associations>
          
          
					
        
        </relations>
        
        
				
      
      </result>
      
      
		
    
    </associations>
    
    
		
    
    <categories>
      
      
			
      
      <category classification="projectFundingSchemeCategory" type="relatedProjectFundingSchemeCategory">
        
        
				
        
        <availableLanguages readOnly="true">en</availableLanguages>
        
        
				
        
        <code>/IA</code>
        
        
				
        
        <title>Innovation action</title>
        
        
				
			
      
      </category>
      
      
		
    
    </categories>
    
    
	
  
  </relations>
  
  
	


</project>

