<?xml version="1.0" encoding="UTF-8"?>
<project xmlns="http://cordis.europa.eu">
  
  
	
	
  
  <language>en</language>
  
  
	
  
  <availableLanguages readOnly="true">en</availableLanguages>
  
  
	
  
  <rcn>193527</rcn>
  
  
	
  
  <reference>637768</reference>
  
  
	
  
  <acronym>EQUALIZE</acronym>
  
  
	
  
  <teaser>This project aims to investigate the extent to which current trends in family formation, living arrangements and gender-specific education levels are related to the spatial distribution of welfare and the emergence of jobless households in contemporary societies. Inter alia...</teaser>
  
  
	
  
  <objective>This project aims to investigate the extent to which current trends in family formation, living arrangements and gender-specific education levels are related to the spatial distribution of welfare and the emergence of jobless households in contemporary societies. Inter alia, we aim to explore whether the welfare disequalizing, impoverishing and polarizing effects that are currently associated with recent patterns in assortative mating, lone parenthood and household composition are offset by an unprecedented phenomenon that is sweeping the world during the last decades: the rapid process education expansion in tandem with a reversal of the gender gap in education. The extent to which these two opposing forces occur and which of them is more influential in shaping the distribution of welfare between and within countries is among the main goals of this project. To this end, we will draw upon a variety of household surveys and the world largest sources of census microdata: the Integrated Public Use Microdata Series (IPUMS) project and the Latin American and Caribbean Demographic Centre. Because of their unparalleled geographical coverage and detail, these sources of data constitute exceptional instruments to study socio-demographic phenomena that have been vastly underutilized by the international research community. Triangulating our analysis at the micro, meso and macro levels, we will establish formal linkages between welfare distributions and its socio-demographic correlates to unveil insightful relationships that have been unsatisfactorily explored so far because of the lack of appropriately harmonized, sufficiently detailed and georeferenced datasets. We will strongly emphasize the spatial distribution of variables to unravel local patterns that might take place at highly disaggregated levels, therefore not being discernible to traditional (not as finely-grained) approaches.</objective>
  
  
	
  
  <title>Equalizing or disequalizing? Opposing socio-demographic determinants of the spatial distribution of welfare.</title>
  
  
	
  
  <totalCost>1174500</totalCost>
  
  
	
  
  <ecMaxContribution>1174500</ecMaxContribution>
  
  
	
  
  <startDate>2015-05-01</startDate>
  
  
	
  
  <endDate>2020-04-30</endDate>
  
  
	
  
  <contract>
    
    
		
    
    <duration>60</duration>
    
    
	
  
  </contract>
  
  
	
  
  <status>SIGNED</status>
  
  
	
  
  <sourceUpdateDate>2017-08-29 12:28:56</sourceUpdateDate>
  
  
	
  
  <contentCreationDate readOnly="true">2015-05-05 16:25:33</contentCreationDate>
  
  
	
  
  <contentUpdateDate>2017-08-22 10:27:49</contentUpdateDate>
  
  
	
  
  <lastUpdateDate readOnly="true">2017-08-29 12:31:49</lastUpdateDate>
  
  
	
  
  <relations>
    
    
		
    
    <associations>
      
      
			
      
      <call type="relatedCall">
        
        
				
			
					
        
        <rcn>408</rcn>
        
        
					
        
        <title>ERC-2014-STG</title>
        
        
					
        
        <identifier>ERC-2014-STG</identifier>
        
        
				
      
      </call>
      
      
			
      
      <organization ecContribution="1174500" order="1" terminated="false" type="hostInstitution">
        
        
				
			
					
        
        <availableLanguages readOnly="true">en</availableLanguages>
        
        
					
        
        <rcn>1931030</rcn>
        
        
					
        
        <id>997629384</id>
        
        
					
        
        <vatNumber>ESQ5855973C</vatNumber>
        
        
					
        
        <legalName>CENTRO DE ESTUDIOS DEMOGRAFICOS</legalName>
        
        
					
        
        <shortName>CED</shortName>
        
        
					
        
        <address>
          
          
						
          
          <street>CERDANYOLA V GR UNIVERSITAT AUT BARCELONA EDIFICI E</street>
          
          
						
          
          <city>BARCELONA</city>
          
          
						
          
          <postalCode>08193</postalCode>
          
          
						
          
          <country>ES</country>
          
          
						
          
          <url>www.ced.uab.es</url>
          
          
					
        
        </address>
        
        
					
        
        <relations>
          
          
						
          
          <categories>
            
            
							
            
            <category classification="organizationActivityType" type="relatedOrganizationActivityType">
              
              
								
              
              <availableLanguages readOnly="true">en</availableLanguages>
              
              
								
              
              <code>/REC</code>
              
              
								
              
              <title>Research Organisations</title>
              
              
								
							
            
            </category>
            
            
						
          
          </categories>
          
          
						
          
          <regions>
            
            
							
            
            <region type="relatedRegion">
              
              
								
							
									
              
              <name>Spain</name>
              
              
									
              
              <nutsCode>ES</nutsCode>
              
              
									
              
              <euCode>ES</euCode>
              
              
									
              
              <isoCode>ES</isoCode>
              
              
									
              
              <rcn>242387496</rcn>
              
              
								
            
            </region>
            
            
						
          
          </regions>
          
          
					
        
        </relations>
        
        
				
      
      </organization>
      
      
			
      
      <programme type="relatedSubProgramme">
        
        
				
			
					
        
        <availableLanguages readOnly="true">en</availableLanguages>
        
        
					
        
        <rcn>664783</rcn>
        
        
					
        
        <code>ERC-StG-2014</code>
        
        
					
        
        <frameworkProgramme>H2020-Topics</frameworkProgramme>
        
        
					
        
        <title>ERC Starting Grant</title>
        
        
					
        
        <parent>
          
          
						
          
          <programme>
            
            
							
            
            <rcn>20200</rcn>
            
            
							
            
            <code>H2020-Topics</code>
            
            
						
          
          </programme>
          
          
					
        
        </parent>
        
        
				
      
      </programme>
      
      
			
      
      <programme type="relatedProgramme">
        
        
				
			
					
        
        <availableLanguages readOnly="true">de,en,es,fr,it,pl</availableLanguages>
        
        
					
        
        <rcn>664099</rcn>
        
        
					
        
        <code>H2020-EU.1.1.</code>
        
        
					
        
        <frameworkProgramme>H2020</frameworkProgramme>
        
        
					
        
        <pga>H2020-EU.1.1.</pga>
        
        
					
        
        <title>EXCELLENT SCIENCE - European Research Council (ERC)</title>
        
        
					
        
        <shortTitle>European Research Council (ERC)</shortTitle>
        
        
					
        
        <parent>
          
          
						
          
          <programme>
            
            
							
            
            <rcn>664091</rcn>
            
            
							
            
            <code>H2020-EU.1.</code>
            
            
							
            
            <parent>
              
              
								
              
              <programme>
                
                
									
                
                <rcn>664087</rcn>
                
                
									
                
                <code>H2020-EC</code>
                
                
									
                
                <parent>
                  
                  
										
                  
                  <programme>
                    
                    
											
                    
                    <rcn>664086</rcn>
                    
                    
											
                    
                    <code>H2020</code>
                    
                    
										
                  
                  </programme>
                  
                  
									
                
                </parent>
                
                
								
              
              </programme>
              
              
							
            
            </parent>
            
            
						
          
          </programme>
          
          
					
        
        </parent>
        
        
				
      
      </programme>
      
      
			
      
      <result type="relatedResult">
        
        
				
			
					
        
        <availableLanguages readOnly="true">en</availableLanguages>
        
        
					
        
        <rcn>195233</rcn>
        
        
					
        
        <title>Periodic Reporting for period 1 - EQUALIZE (Equalizing or disequalizing? Opposing socio-demographic determinants of the spatial distribution of welfare.)</title>
        
        
					
        
        <teaser>Documenting global trends in welfare distributions, scholars from different fields have recently identified an overall macro-level convergence between countries during the last decades in a significant number of socio-economic and demographic variables or domains like income...</teaser>
        
        
					
        
        <description>periodic</description>
        
        
					
        
        <contentUpdateDate>2017-02-23 14:42:04</contentUpdateDate>
        
        
					
        
        <relations>
          
          
						
          
          <categories>
            
            
							
            
            <category classification="collection" type="belongsTo">
              
              
								
              
              <availableLanguages readOnly="true">de,en,es,fr,it,pl</availableLanguages>
              
              
								
              
              <code>/pubsum</code>
              
              
								
              
              <title>Report Summary</title>
              
              
								
							
            
            </category>
            
            
							
            
            <category classification="resultCategory" type="relatedResultCategory">
              
              
								
              
              <availableLanguages readOnly="true">en</availableLanguages>
              
              
								
              
              <code>/report</code>
              
              
								
              
              <title>Report summary</title>
              
              
								
							
            
            </category>
            
            
							
            
            <category classification="source" type="isProvidedBy">
              
              
								
              
              <availableLanguages readOnly="true">de,en,es,fr,it,pl</availableLanguages>
              
              
								
              
              <code>/corda</code>
              
              
								
              
              <title>CORDA</title>
              
              
								
							
            
            </category>
            
            
						
          
          </categories>
          
          
					
        
        </relations>
        
        
				
      
      </result>
      
      
		
    
    </associations>
    
    
		
    
    <categories>
      
      
			
      
      <category classification="projectFundingSchemeCategory" type="relatedProjectFundingSchemeCategory">
        
        
				
        
        <availableLanguages readOnly="true">en</availableLanguages>
        
        
				
        
        <code>/ERC-STG</code>
        
        
				
        
        <title>Starting Grant</title>
        
        
				
			
      
      </category>
      
      
		
    
    </categories>
    
    
	
  
  </relations>
  
  
	


</project>

