<?xml version="1.0" encoding="UTF-8"?>
<project xmlns="http://cordis.europa.eu">
  
  
	
	
  
  <language>en</language>
  
  
	
  
  <availableLanguages readOnly="true">en</availableLanguages>
  
  
	
  
  <rcn>193192</rcn>
  
  
	
  
  <reference>633230</reference>
  
  
	
  
  <acronym>DREAMS</acronym>
  
  
	
  
  <teaser>Sustainability means to create value by using resources in a responsible way to not jeopardize the needs of future generations. Society, sometimes, has a partial perception of this definition, too often limited to environmental problem, as well as underestimates the importance...</teaser>
  
  
	
  
  <objective>Sustainability means to create value by using resources in a responsible way to not jeopardize the needs of future generations. Society, sometimes, has a partial perception of this definition, too often limited to environmental problem, as well as underestimates the importance and responsibility of researchers, essential to pursue sustainable solutions. People usually think about achieving sustainability as a too big problem to be solved by common citizens, a solution too far from them! A sort of DREAM!
DREAMS is a national level project: a network of Italian cities. DREAMS will show researchers as common citizens directly involved in the making of a new sustainable future: highlighting the European dimension of research, enhancing researchers’ integration, reinforcing the link between researchers and citizens, furthermore helping the youth to understand the attractiveness on pursuing a scientific career. DREAMS is articulated in several appealing activities finely tuned in spectacular and rigorous scientific ways.
DREAMS is coordinated by Frascati Scienza and is hosted in many research areas in Italy where more than 5.000 international researchers operate and live. The events in Trieste, Bologna, Milano, Ferrara, Catania, Pisa, Bari, Cagliari, Pavia, and  Frascati/Rome, as epicentre of the events, will show the researchers activities done by the Italian excellence of research institutions - ASI, CNR, ENEA, ESA-ESRIN, INAF, INFN and Rome Universities  -,  the role of Italian researchers in a society and their involvement in making a new sustainable future.
Frascati Scienza is supported in the project by many local, regional and national institutions and has a long experience in managing successfully the Researchers’ Night, since 2006
DREAMS can sometimes come true. It all depends on cooperation between expert partners and on their commitment on pursuing the common objectives.</objective>
  
  
	
  
  <title>DREAMS European Researcher's Night</title>
  
  
	
  
  <totalCost>582875</totalCost>
  
  
	
  
  <ecMaxContribution>300000</ecMaxContribution>
  
  
	
  
  <startDate>2014-04-01</startDate>
  
  
	
  
  <endDate>2015-11-30</endDate>
  
  
	
  
  <contract>
    
    
		
    
    <duration>20</duration>
    
    
	
  
  </contract>
  
  
	
  
  <status>SIGNED</status>
  
  
	
  
  <sourceUpdateDate>2016-02-11 15:15:55</sourceUpdateDate>
  
  
	
  
  <contentCreationDate readOnly="true">2015-05-05 15:56:49</contentCreationDate>
  
  
	
  
  <contentUpdateDate>2015-03-25 16:50:52</contentUpdateDate>
  
  
	
  
  <lastUpdateDate readOnly="true">2016-02-11 15:15:55</lastUpdateDate>
  
  
	
  
  <relations>
    
    
		
    
    <associations>
      
      
			
      
      <call type="relatedCall">
        
        
				
			
					
        
        <rcn>186</rcn>
        
        
					
        
        <title>H2020-MSCA-NIGHT-2014</title>
        
        
					
        
        <identifier>H2020-MSCA-NIGHT-2014</identifier>
        
        
				
      
      </call>
      
      
			
      
      <organization ecContribution="300000" order="1" terminated="false" type="coordinator">
        
        
				
			
					
        
        <availableLanguages readOnly="true">en</availableLanguages>
        
        
					
        
        <rcn>2131583</rcn>
        
        
					
        
        <id>998519650</id>
        
        
					
        
        <legalName>Frascati Scienza</legalName>
        
        
					
        
        <shortName>Frascati Scienza</shortName>
        
        
					
        
        <address>
          
          
						
          
          <street>Piazza Marconi 6</street>
          
          
						
          
          <city>Frascati</city>
          
          
						
          
          <postalCode>00044</postalCode>
          
          
						
          
          <country>IT</country>
          
          
						
          
          <url>http://www.frascatiscienza.it</url>
          
          
					
        
        </address>
        
        
					
        
        <relations>
          
          
						
          
          <categories>
            
            
							
            
            <category classification="organizationActivityType" type="relatedOrganizationActivityType">
              
              
								
              
              <availableLanguages readOnly="true">en</availableLanguages>
              
              
								
              
              <code>/OTH</code>
              
              
								
              
              <title>Other</title>
              
              
								
							
            
            </category>
            
            
						
          
          </categories>
          
          
						
          
          <regions>
            
            
							
            
            <region type="relatedRegion">
              
              
								
							
									
              
              <name>Italy</name>
              
              
									
              
              <nutsCode>IT</nutsCode>
              
              
									
              
              <euCode>IT</euCode>
              
              
									
              
              <isoCode>IT</isoCode>
              
              
									
              
              <rcn>309758504</rcn>
              
              
								
            
            </region>
            
            
						
          
          </regions>
          
          
					
        
        </relations>
        
        
				
      
      </organization>
      
      
			
      
      <programme type="relatedSubProgramme">
        
        
				
			
					
        
        <availableLanguages readOnly="true">en</availableLanguages>
        
        
					
        
        <rcn>664549</rcn>
        
        
					
        
        <code>MSCA-NIGHT-2014</code>
        
        
					
        
        <frameworkProgramme>H2020-Topics</frameworkProgramme>
        
        
					
        
        <title>European Researchers' Night (NIGHT)</title>
        
        
					
        
        <parent>
          
          
						
          
          <programme>
            
            
							
            
            <rcn>20200</rcn>
            
            
							
            
            <code>H2020-Topics</code>
            
            
						
          
          </programme>
          
          
					
        
        </parent>
        
        
				
      
      </programme>
      
      
			
      
      <programme type="relatedProgramme">
        
        
				
			
					
        
        <availableLanguages readOnly="true">de,en,es,fr,it,pl</availableLanguages>
        
        
					
        
        <rcn>664119</rcn>
        
        
					
        
        <code>H2020-EU.1.3.5.</code>
        
        
					
        
        <frameworkProgramme>H2020</frameworkProgramme>
        
        
					
        
        <pga>H2020-EU.1.3.5.</pga>
        
        
					
        
        <title>Specific support and policy actions</title>
        
        
					
        
        <shortTitle>MSCA Specific support</shortTitle>
        
        
					
        
        <parent>
          
          
						
          
          <programme>
            
            
							
            
            <rcn>664109</rcn>
            
            
							
            
            <code>H2020-EU.1.3.</code>
            
            
							
            
            <parent>
              
              
								
              
              <programme>
                
                
									
                
                <rcn>664091</rcn>
                
                
									
                
                <code>H2020-EU.1.</code>
                
                
									
                
                <parent>
                  
                  
										
                  
                  <programme>
                    
                    
											
                    
                    <rcn>664087</rcn>
                    
                    
											
                    
                    <code>H2020-EC</code>
                    
                    
											
                    
                    <parent>
                      
                      
												
                      
                      <programme>
                        
                        
													
                        
                        <rcn>664086</rcn>
                        
                        
													
                        
                        <code>H2020</code>
                        
                        
												
                      
                      </programme>
                      
                      
											
                    
                    </parent>
                    
                    
										
                  
                  </programme>
                  
                  
									
                
                </parent>
                
                
								
              
              </programme>
              
              
							
            
            </parent>
            
            
						
          
          </programme>
          
          
					
        
        </parent>
        
        
				
      
      </programme>
      
      
			
      
      <result type="relatedResult">
        
        
				
			
					
        
        <availableLanguages readOnly="true">en</availableLanguages>
        
        
					
        
        <rcn>190495</rcn>
        
        
					
        
        <title>Periodic Reporting for period 2 - DREAMS (DREAMS European Researcher's Night)</title>
        
        
					
        
        <teaser>Sustainability means creating value by using resources in a responsible way to not jeopardize the needs of future generations. Society, sometimes, has a partial perception of this definition, too often limited to environmental problems, as well as underestimates the importance...</teaser>
        
        
					
        
        <description>periodic</description>
        
        
					
        
        <contentUpdateDate>2016-10-25 17:05:01</contentUpdateDate>
        
        
					
        
        <relations>
          
          
						
          
          <categories>
            
            
							
            
            <category classification="collection" type="belongsTo">
              
              
								
              
              <availableLanguages readOnly="true">de,en,es,fr,it,pl</availableLanguages>
              
              
								
              
              <code>/pubsum</code>
              
              
								
              
              <title>Report Summary</title>
              
              
								
							
            
            </category>
            
            
							
            
            <category classification="resultCategory" type="relatedResultCategory">
              
              
								
              
              <availableLanguages readOnly="true">en</availableLanguages>
              
              
								
              
              <code>/report</code>
              
              
								
              
              <title>Report summary</title>
              
              
								
							
            
            </category>
            
            
							
            
            <category classification="source" type="isProvidedBy">
              
              
								
              
              <availableLanguages readOnly="true">de,en,es,fr,it,pl</availableLanguages>
              
              
								
              
              <code>/corda</code>
              
              
								
              
              <title>CORDA</title>
              
              
								
							
            
            </category>
            
            
						
          
          </categories>
          
          
						
          
          <associations>
            
            
							
            
            <webItem source="corda" type="relatedResultAttachment">
              
              
								
							
									
              
              <language>en</language>
              
              
									
              
              <availableLanguages readOnly="true">en,any</availableLanguages>
              
              
									
              
              <uri>/docs/results/h2020/633/633230_PS/fs-logo.jpg</uri>
              
              
									
              
              <mimetype readOnly="true">image/jpeg</mimetype>
              
              
									
              
              <size readOnly="true">0</size>
              
              
								
            
            </webItem>
            
            
							
            
            <webLink source="corda" type="relatedWebsite">
              
              
								
							
									
              
              <language>en</language>
              
              
									
              
              <availableLanguages readOnly="true">en</availableLanguages>
              
              
									
              
              <url>http://www.frascatiscienza.it</url>
              
              
									
              
              <content>Frascati Scienza | Associazione Frascati Scienza Home Chi siamo Notte Europea dei Ricercatori Edizione 2017 Edizione 2016 Edizione 2015 Edizione 2014 Edizione 2013 Edizione 2012 Edizione 2011 Edizione 2010 Edizione 2009 Edizione 2008 Edizione 2007 Edizione 2006 Radio Scienza WIRE Lazio Pulse Rassegna Stampa Menu Astrogirls: un canale youtube sulla fisica e l’astrofisica Chi l’ha detto che su Youtube ci siano solo contenuti di scarso interesse? Chi l’ha detto che le ragazze si debbano occupare solo di make up e ricette? Da tempo si sta   Eventi Marte, a Milano incontri ravvicinati con il pianeta rosso Da Venerdì 9 Febbraio 2018 a Domenica 3 Giugno 2018. Dalle ore 10:00 alle ore 19:00. Museo Nazionale della Scienza e della Tecnologia (Milano, IT) Al via all'ESA Frascati il corso Spazio: esplorazione oltre il Sistema Solare Da Martedì 17 Aprile 2018 a Martedì 22 Maggio 2018. Dalle ore 20:30 alle ore 22:00. Esa - Esrin (Frascati, IT) Razza, scienze naturali e sociali di fronte a una questione costituzionale Giovedì 17 Maggio 2018. Dalle ore 09:30 alle ore 17:00. Università degli Studi di Milano-Bicocca (Milano, IT) Presentazione libro Al CERN la scienza, un ponte tra culture Domenica 20 Maggio 2018. Dalle ore 16:00 alle ore 18:00. Abbazia di Spineto (Sarteano, IT)   Editoriali   Editoriali BiodiverCittà, alla scoperta del verde nelle Biblioteche di Roma L’Associazione G.Eco, partner di Frascati Scienza, propone una serie di attività gratuite per le famiglie e per le scuole Leggi tutto Video Frascati Scienza intervista Elisabetta Baracchini 10 Mag 2017 Pillole di scienza, come si smontano le bufale 10 Ott 2016 Intervista ad Angela Volpe 30 Mar 2016 Intervista a Silvia Martellotti 23 Feb 2016 Intervista a Fabio Bellini 1 Feb 2016 Intervista a Elena Spagnuolo 29 Gen 2016 Intervista a Stefano Bianchi 14 Gen 2016 Intervista a Francesco D’Alessio 8 Gen 2016 Intervista a Marco Castelli 24 Nov 2015 Intervista a Silvio Ceccuzzi 14 Lug 2015 Cosa c’entra la limonata con la fisica? Per scoprirlo è online Fisicast A tutta galassia con Coelum Astronomia di maggio BraYn: a Genova il primo meeting scientifico per giovani neuroscienziati   Ultimi articoli Data Science: Alma Mater di Bologna, Politecnico di Milano e Fondazione Golinelli puntano su Big Data e Industria 4.0 Genomica e Bioinformatics, Big Data, Smart Cities &amp; Società, Medicina Personalizzata, Machine Learning e Deep Learning: sono alcuni degli   12 Apr 2018 DTT, CdA ENEA approva la graduatoria, Frascati in testa Il Consiglio di Amministrazione dell’ENEA ha approvato la Relazione conclusiva con la graduatoria finale delle nove località candidate ad   04 Apr 2018 Da Hawking alle prime stelle dell’Universo in Coelum Astronomia di aprile Forse potrà sembrare ovvio si parli di stelle in una rivista di astronomia, eppure, a ben guardare, la presenza   30 Mar 2018 Sei software developer? Lavora con GARR. Aperte le selezioni GARR, la rete italiana dell’istruzione e della ricerca, ha avviato una selezione per l’assunzione a tempo determinato full-time di   21 Mar 2018 A Frascati la conferenza su ELT: il più grande “occhio” del mondo rivolto al cielo Con uno specchio primario di oltre 30 metri di diametro l’ELT (Extremely Large Telescope) si appresta a diventare il   21 Mar 2018 Incontri di scienza 2018: prospettiva cosmica Un intero mese ricco di appuntamenti scientifici: conferenze, spettacoli nel Planetario, presentazione di libri, osservazioni con i telescopi, per   09 Mar 2018 Coelum Astronomia: è online il numero di marzo Oggetti Volanti Identificati Sicuramente è stata una colossale mossa di marketing, ma l’esordio del più potente lanciatore, con tanto di   02 Mar 2018 INTED, a Valencia si raccontano i 12 anni di Notte Europea dei Ricercatori Durante il convegno internazionale INTED2018 verranno presentati i risultati di 12 anni di Notte Il 5-6-7 marzo, a Valencia, andrà   01 Mar 2018 Il Lazio candida il Centro Enea di Frascati per ospitare il progetto DTT Il futuro della produzione energetica potrebbe avere inizio a Frascati, nel Comune dei Castelli Romani alle porte della Capitale   25 Feb 2018 1 2 3 4 Prossima › Ultima » Newsletter Iscriviti alla newsletter, ti terremo informato: I agree terms and conditions.* Frascati Scienza Fisicast Twitter Feed Il #20maggio prossimo alle ore 16 nella sala delle Conferenze dell’ Abbazia di Spineto si terrà la presentazione de… https://t.co/UVAHexuAwM 💫È nato un nuovo canale #YouTube, in lingua inglese, dedicato a #fisica e #astrofisica che si chiama #Astrogirls. A… https://t.co/401DUHvULl 🦉🐦Vuoi costruire un "aspirainsetti"? Ti piacerebbe preparare una misteriosa pozione grazie a un calderone “intellig… https://t.co/uftrSt5FzM 🤟 https://t.co/WavahFfvKj #StarWarsDay May the Fourth be with you #4May https://t.co/UBPtKFUbk0 @FrascatiScienza Radio Scienza Cosa c’entra la limonata con la fisica? Per scoprirlo è online Fisicast maggio 4, 2018 I condensatori: è on line la nuova puntata di Fisicast dicembre 20, 2017 Che cos’è il presente? È on line la nuova puntata di Fisicast novembre 1, 2017 Il Corpo Nero: è on line la nuova puntata di Fisicast luglio 1, 2017 Il corpo umano come motore: è on line la nuova puntata di Fisicast giugno 25, 2017 Il gatto di Schroedinger: è on line la nuova puntata di Fisicast aprile 18, 2017 Il volo spaziale: è on line la nuova puntata di Fisicast marzo 20, 2017 L’altalena: è on line la nuova puntata di Fisicast dicembre 27, 2016 L’aerodinamica: è on line la nuova puntata di Fisicast novembre 2, 2016 Marie Skłodowska-Curie: è on line la nuova puntata di Fisicast agosto 24, 2016 Rassegna Stampa Attività Contatti Comunicazioni Cookie Policy Organi Sociali C.R.E.R. Documenti Sottoscrizioni e Rinnovi Frascati Scienza Copyright © 2018.  </content>
              
              
								
            
            </webLink>
            
            
						
          
          </associations>
          
          
					
        
        </relations>
        
        
				
      
      </result>
      
      
		
    
    </associations>
    
    
		
    
    <categories>
      
      
			
      
      <category classification="projectFundingSchemeCategory" type="relatedProjectFundingSchemeCategory">
        
        
				
        
        <availableLanguages readOnly="true">en</availableLanguages>
        
        
				
        
        <code>/CSA</code>
        
        
				
        
        <title>Coordination and support action</title>
        
        
				
			
      
      </category>
      
      
		
    
    </categories>
    
    
	
  
  </relations>
  
  
	


</project>

