<?xml version="1.0" encoding="UTF-8"?>
<project xmlns="http://cordis.europa.eu">
  
  
	
	
  
  <language>en</language>
  
  
	
  
  <availableLanguages readOnly="true">en</availableLanguages>
  
  
	
  
  <rcn>193473</rcn>
  
  
	
  
  <reference>637212</reference>
  
  
	
  
  <acronym>FoF-Impact</acronym>
  
  
	
  
  <teaser>The ‘Factories of the Future’ PPP launched in 2008/9 has been a proven success and triggered a unique cooperation between industry, researchers and the European Institutions. The objective of the FoF Impact CSA is to transform the FoF PPP from a research and demonstration...</teaser>
  
  
	
  
  <objective>The ‘Factories of the Future’ PPP launched in 2008/9 has been a proven success and triggered a unique cooperation between industry, researchers and the European Institutions. The objective of the FoF Impact CSA is to transform the FoF PPP from a research and demonstration programme under FP7 into an innovation programme in Horizon 2020. The FoF-Impact CSA will integrate, in one comprehensive and service-oriented package, a set of tools and measures (guidelines, technology transfer tools and market uptake mechanisms) in support of exploitation of project results generated by the FoF PPP.  The FoF-Impact CSA will build upon the existing work, such as the EFFRA Innovation Portal which offers a dynamic community-based environment for sharing and retrieving information about exploitable results.

The FoF-Impact CSA will also facilitate collaboration among the main stakeholders which are capable of enhancing the overall impact of the ‘Factories of the Future’ PPP in Horizon 2020 at local and company-level. These actors are: manufacturing industries (large and SMEs), national and regional and other European manufacturing initiatives and programmes (Eureka, Manunet etc); technology transfer organisations and market-uptake experts; industry-focused RTOs and institutes, marketers of exploitable results, potential users of exploitable results, possible investors and business angels. 

In summary, the FoF Impact CSA will provide tailor-made guidelines and tools (including a FoF-Impact helpdesk) that will service both individual 'Factories of the Future' projects as well as clusters of 'Factories of the Future' projects. The clustering of projects results will be supported both by the existing EFFRA Innovation Portal and through the organisation of specific events, oriented either to technologies, application sectors or specific challenges, and it will thus further stimulate cross-fertilisation and the identification of additional exploitation opportunities.</objective>
  
  
	
  
  <title>Enhanced impact of the Factories of the Future PPP through technology transfer and expanded community</title>
  
  
	
  
  <totalCost>393559</totalCost>
  
  
	
  
  <ecMaxContribution>393559</ecMaxContribution>
  
  
	
  
  <startDate>2015-01-01</startDate>
  
  
	
  
  <endDate>2016-12-31</endDate>
  
  
	
  
  <contract>
    
    
		
    
    <duration>24</duration>
    
    
	
  
  </contract>
  
  
	
  
  <status>SIGNED</status>
  
  
	
  
  <sourceUpdateDate>2018-04-20 04:48:32</sourceUpdateDate>
  
  
	
  
  <contentCreationDate readOnly="true">2015-05-05 16:21:01</contentCreationDate>
  
  
	
  
  <contentUpdateDate>2017-07-12 17:41:34</contentUpdateDate>
  
  
	
  
  <lastUpdateDate readOnly="true">2018-05-08 13:04:10</lastUpdateDate>
  
  
	
  
  <relations>
    
    
		
    
    <associations>
      
      
			
      
      <call type="relatedCall">
        
        
				
			
					
        
        <rcn>654</rcn>
        
        
					
        
        <title>H2020-FoF-2014</title>
        
        
					
        
        <identifier>H2020-FoF-2014</identifier>
        
        
				
      
      </call>
      
      
			
      
      <event type="relatedEvent">
        
        
				
			
					
        
        <availableLanguages readOnly="true">de,en,es,fr,it,pl</availableLanguages>
        
        
					
        
        <rcn>144066</rcn>
        
        
					
        
        <title>FOF-IMPACT final conference</title>
        
        
					
        
        <teaser>The EU-funded FOF-IMPACT project will host its final conference on 1 December 2016 in Brussels, Belgium.</teaser>
        
        
					
        
        <contentUpdateDate>2016-10-26 16:12:36</contentUpdateDate>
        
        
					
        
        <relations>
          
          
						
          
          <categories>
            
            
							
            
            <category classification="newsEventCategory" type="relatedNewsEventCategory">
              
              
								
              
              <availableLanguages readOnly="true">de,en,es,fr,it,pl</availableLanguages>
              
              
								
              
              <code>/event</code>
              
              
								
              
              <title>Event</title>
              
              
								
							
            
            </category>
            
            
							
            
            <category classification="newsEventProvider" type="relatedNewsEventProvider">
              
              
								
              
              <availableLanguages readOnly="true">en</availableLanguages>
              
              
								
              
              <code>/ec</code>
              
              
								
              
              <title>EC</title>
              
              
								
							
            
            </category>
            
            
							
            
            <category classification="sicCode" type="relatedSicCode">
              
              
								
              
              <availableLanguages readOnly="true">de,en,es,fr,it,pl</availableLanguages>
              
              
								
              
              <code>/ICT</code>
              
              
								
              
              <title>Information and communication technology applications </title>
              
              
								
							
            
            </category>
            
            
							
            
            <category classification="sicCode" type="relatedSicCode">
              
              
								
              
              <availableLanguages readOnly="true">de,en,es,fr,it,pl</availableLanguages>
              
              
								
              
              <code>/SDT</code>
              
              
								
              
              <title>Sustainable development </title>
              
              
								
							
            
            </category>
            
            
							
            
            <category classification="sicCode" type="relatedSicCode">
              
              
								
              
              <availableLanguages readOnly="true">de,en,es,fr,it,pl</availableLanguages>
              
              
								
              
              <code>/IND</code>
              
              
								
              
              <title>Industrial Manufacture</title>
              
              
								
							
            
            </category>
            
            
						
          
          </categories>
          
          
					
        
        </relations>
        
        
				
      
      </event>
      
      
			
      
      <organization ecContribution="48300" order="7" terminated="false" type="participant">
        
        
				
			
					
        
        <availableLanguages readOnly="true">en</availableLanguages>
        
        
					
        
        <rcn>1905796</rcn>
        
        
					
        
        <id>999475294</id>
        
        
					
        
        <vatNumber>SE556053152601</vatNumber>
        
        
					
        
        <legalName>SWEREA IVF AB</legalName>
        
        
					
        
        <shortName>IVF</shortName>
        
        
					
        
        <address>
          
          
						
          
          <street>Argongatan  30</street>
          
          
						
          
          <city>MOELNDAL</city>
          
          
						
          
          <postalCode>43153</postalCode>
          
          
						
          
          <country>SE</country>
          
          
						
          
          <postBox>104</postBox>
          
          
						
          
          <url>www.swereaivf.se</url>
          
          
					
        
        </address>
        
        
					
        
        <relations>
          
          
						
          
          <categories>
            
            
							
            
            <category classification="organizationActivityType" type="relatedOrganizationActivityType">
              
              
								
              
              <availableLanguages readOnly="true">en</availableLanguages>
              
              
								
              
              <code>/REC</code>
              
              
								
              
              <title>Research Organisations</title>
              
              
								
							
            
            </category>
            
            
						
          
          </categories>
          
          
						
          
          <regions>
            
            
							
            
            <region type="relatedRegion">
              
              
								
							
									
              
              <name>Sweden</name>
              
              
									
              
              <nutsCode>SE</nutsCode>
              
              
									
              
              <euCode>SE</euCode>
              
              
									
              
              <isoCode>SE</isoCode>
              
              
									
              
              <rcn>473598504</rcn>
              
              
								
            
            </region>
            
            
						
          
          </regions>
          
          
					
        
        </relations>
        
        
				
      
      </organization>
      
      
			
      
      <organization ecContribution="194314.25" order="1" terminated="false" type="coordinator">
        
        
				
			
					
        
        <availableLanguages readOnly="true">en</availableLanguages>
        
        
					
        
        <rcn>2398941</rcn>
        
        
					
        
        <id>950565954</id>
        
        
					
        
        <vatNumber>BE0820489643</vatNumber>
        
        
					
        
        <legalName>EUROPEAN FACTORIES OF THE FUTURE RESEARCH ASSOCIATION AISBL</legalName>
        
        
					
        
        <shortName>EFFRA</shortName>
        
        
					
        
        <address>
          
          
						
          
          <street>Boulevard Auguste Reyers  80</street>
          
          
						
          
          <city>Brussels</city>
          
          
						
          
          <postalCode>1030</postalCode>
          
          
						
          
          <country>BE</country>
          
          
					
        
        </address>
        
        
					
        
        <departmentName>EFFRA Office</departmentName>
        
        
					
        
        <relations>
          
          
						
          
          <categories>
            
            
							
            
            <category classification="organizationActivityType" type="relatedOrganizationActivityType">
              
              
								
              
              <availableLanguages readOnly="true">en</availableLanguages>
              
              
								
              
              <code>/OTH</code>
              
              
								
              
              <title>Other</title>
              
              
								
							
            
            </category>
            
            
						
          
          </categories>
          
          
						
          
          <regions>
            
            
							
            
            <region type="relatedRegion">
              
              
								
							
									
              
              <name>Belgium</name>
              
              
									
              
              <nutsCode>BE</nutsCode>
              
              
									
              
              <euCode>BE</euCode>
              
              
									
              
              <isoCode>BE</isoCode>
              
              
									
              
              <rcn>188385832</rcn>
              
              
								
            
            </region>
            
            
						
          
          </regions>
          
          
					
        
        </relations>
        
        
				
      
      </organization>
      
      
			
      
      <organization ecContribution="14700" order="6" terminated="false" type="participant">
        
        
				
			
					
        
        <availableLanguages readOnly="true">en</availableLanguages>
        
        
					
        
        <rcn>2068252</rcn>
        
        
					
        
        <id>955000406</id>
        
        
					
        
        <vatNumber>ESF20350823</vatNumber>
        
        
					
        
        <legalName>MONDRAGON CORPORACION COOPERATIVA SCOOP</legalName>
        
        
					
        
        <shortName>MONDRAGON S COOP</shortName>
        
        
					
        
        <address>
          
          
						
          
          <street>PASEO JOSE M ARIZMENDIARRIETA 5</street>
          
          
						
          
          <city>MONDRAGON GUIPUZCOA</city>
          
          
						
          
          <postalCode>20500</postalCode>
          
          
						
          
          <country>ES</country>
          
          
						
          
          <url>www.mondragoncorporation.com</url>
          
          
					
        
        </address>
        
        
					
        
        <relations>
          
          
						
          
          <categories>
            
            
							
            
            <category classification="organizationActivityType" type="relatedOrganizationActivityType">
              
              
								
              
              <availableLanguages readOnly="true">en</availableLanguages>
              
              
								
              
              <code>/PRC</code>
              
              
								
              
              <title>Private for-profit entities (excluding Higher or Secondary Education Establishments)</title>
              
              
								
							
            
            </category>
            
            
						
          
          </categories>
          
          
						
          
          <regions>
            
            
							
            
            <region type="relatedRegion">
              
              
								
							
									
              
              <name>Spain</name>
              
              
									
              
              <nutsCode>ES</nutsCode>
              
              
									
              
              <euCode>ES</euCode>
              
              
									
              
              <isoCode>ES</isoCode>
              
              
									
              
              <rcn>242387496</rcn>
              
              
								
            
            </region>
            
            
						
          
          </regions>
          
          
					
        
        </relations>
        
        
				
      
      </organization>
      
      
			
      
      <organization ecContribution="18437.5" order="5" terminated="false" type="participant">
        
        
				
			
					
        
        <availableLanguages readOnly="true">en</availableLanguages>
        
        
					
        
        <rcn>1905767</rcn>
        
        
					
        
        <id>999604110</id>
        
        
					
        
        <vatNumber>ESG48975767</vatNumber>
        
        
					
        
        <legalName>FUNDACION TECNALIA RESEARCH &amp; INNOVATION</legalName>
        
        
					
        
        <shortName>TECNALIA</shortName>
        
        
					
        
        <address>
          
          
						
          
          <street>PARQUE CIENTIFICO Y TECNOLOGICO DE GIPUZKOA PASEO MIKELETEGI 2</street>
          
          
						
          
          <city>DONOSTIA SAN SEBASTIAN</city>
          
          
						
          
          <postalCode>20009</postalCode>
          
          
						
          
          <country>ES</country>
          
          
						
          
          <postBox>000</postBox>
          
          
						
          
          <url>www.tecnalia.com</url>
          
          
					
        
        </address>
        
        
					
        
        <departmentName>Energy and Environment Division</departmentName>
        
        
					
        
        <relations>
          
          
						
          
          <categories>
            
            
							
            
            <category classification="organizationActivityType" type="relatedOrganizationActivityType">
              
              
								
              
              <availableLanguages readOnly="true">en</availableLanguages>
              
              
								
              
              <code>/REC</code>
              
              
								
              
              <title>Research Organisations</title>
              
              
								
							
            
            </category>
            
            
						
          
          </categories>
          
          
						
          
          <regions>
            
            
							
            
            <region type="relatedRegion">
              
              
								
							
									
              
              <name>Spain</name>
              
              
									
              
              <nutsCode>ES</nutsCode>
              
              
									
              
              <euCode>ES</euCode>
              
              
									
              
              <isoCode>ES</isoCode>
              
              
									
              
              <rcn>242387496</rcn>
              
              
								
            
            </region>
            
            
						
          
          </regions>
          
          
					
        
        </relations>
        
        
				
      
      </organization>
      
      
			
      
      <organization ecContribution="15156" order="2" terminated="false" type="participant">
        
        
				
			
					
        
        <availableLanguages readOnly="true">en</availableLanguages>
        
        
					
        
        <rcn>2148393</rcn>
        
        
					
        
        <id>998981079</id>
        
        
					
        
        <vatNumber>BE0406605390</vatNumber>
        
        
					
        
        <legalName>AGORIA ASBL</legalName>
        
        
					
        
        <shortName>AGORIA ASBL</shortName>
        
        
					
        
        <address>
          
          
						
          
          <street>A REYERS 80 DIAMANT BUILDING</street>
          
          
						
          
          <city>BRUXELLES</city>
          
          
						
          
          <postalCode>1030</postalCode>
          
          
						
          
          <country>BE</country>
          
          
						
          
          <url>www.agoria.be</url>
          
          
					
        
        </address>
        
        
					
        
        <relations>
          
          
						
          
          <categories>
            
            
							
            
            <category classification="organizationActivityType" type="relatedOrganizationActivityType">
              
              
								
              
              <availableLanguages readOnly="true">en</availableLanguages>
              
              
								
              
              <code>/OTH</code>
              
              
								
              
              <title>Other</title>
              
              
								
							
            
            </category>
            
            
						
          
          </categories>
          
          
						
          
          <regions>
            
            
							
            
            <region type="relatedRegion">
              
              
								
							
									
              
              <name>Belgium</name>
              
              
									
              
              <nutsCode>BE</nutsCode>
              
              
									
              
              <euCode>BE</euCode>
              
              
									
              
              <isoCode>BE</isoCode>
              
              
									
              
              <rcn>188385832</rcn>
              
              
								
            
            </region>
            
            
						
          
          </regions>
          
          
					
        
        </relations>
        
        
				
      
      </organization>
      
      
			
      
      <organization ecContribution="21625" order="4" terminated="false" type="participant">
        
        
				
			
					
        
        <availableLanguages readOnly="true">en</availableLanguages>
        
        
					
        
        <rcn>2209194</rcn>
        
        
					
        
        <id>951700272</id>
        
        
					
        
        <legalName>FORSCHUNGSKURATORIUM MASCHINENBAU EV</legalName>
        
        
					
        
        <shortName>FKM</shortName>
        
        
					
        
        <address>
          
          
						
          
          <street>Lyoner Strasse  18</street>
          
          
						
          
          <city>Frankfurt am Main</city>
          
          
						
          
          <postalCode>60528</postalCode>
          
          
						
          
          <country>DE</country>
          
          
						
          
          <url>www.fkm-net.de</url>
          
          
					
        
        </address>
        
        
					
        
        <relations>
          
          
						
          
          <categories>
            
            
							
            
            <category classification="organizationActivityType" type="relatedOrganizationActivityType">
              
              
								
              
              <availableLanguages readOnly="true">en</availableLanguages>
              
              
								
              
              <code>/OTH</code>
              
              
								
              
              <title>Other</title>
              
              
								
							
            
            </category>
            
            
						
          
          </categories>
          
          
						
          
          <regions>
            
            
							
            
            <region type="relatedRegion">
              
              
								
							
									
              
              <name>Germany</name>
              
              
									
              
              <nutsCode>DE</nutsCode>
              
              
									
              
              <euCode>DE</euCode>
              
              
									
              
              <isoCode>DE</isoCode>
              
              
									
              
              <rcn>221940264</rcn>
              
              
								
            
            </region>
            
            
						
          
          </regions>
          
          
					
        
        </relations>
        
        
				
      
      </organization>
      
      
			
      
      <organization ecContribution="16093.75" order="9" terminated="false" type="participant">
        
        
				
			
					
        
        <availableLanguages readOnly="true">en</availableLanguages>
        
        
					
        
        <rcn>1905816</rcn>
        
        
					
        
        <id>999894528</id>
        
        
					
        
        <vatNumber>EL998219694</vatNumber>
        
        
					
        
        <legalName>PANEPISTIMIO PATRON</legalName>
        
        
					
        
        <shortName>LMS</shortName>
        
        
					
        
        <address>
          
          
						
          
          <street>UNIVERSITY CAMPUS RIO PATRAS</street>
          
          
						
          
          <city>RIO PATRAS</city>
          
          
						
          
          <postalCode>265 04</postalCode>
          
          
						
          
          <country>EL</country>
          
          
						
          
          <postBox>26110</postBox>
          
          
						
          
          <url>www.upatras.gr</url>
          
          
					
        
        </address>
        
        
					
        
        <departmentName>Department of Computer Engineering</departmentName>
        
        
					
        
        <departmentName>University of Patras</departmentName>
        
        
					
        
        <relations>
          
          
						
          
          <categories>
            
            
							
            
            <category classification="organizationActivityType" type="relatedOrganizationActivityType">
              
              
								
              
              <availableLanguages readOnly="true">en</availableLanguages>
              
              
								
              
              <code>/HES</code>
              
              
								
              
              <title>Higher or Secondary Education Establishments</title>
              
              
								
							
            
            </category>
            
            
						
          
          </categories>
          
          
						
          
          <regions>
            
            
							
            
            <region type="relatedRegion">
              
              
								
							
									
              
              <name>Greece</name>
              
              
									
              
              <nutsCode>GR</nutsCode>
              
              
									
              
              <euCode>EL</euCode>
              
              
									
              
              <isoCode>GR</isoCode>
              
              
									
              
              <rcn>240552488</rcn>
              
              
								
            
            </region>
            
            
						
          
          </regions>
          
          
					
        
        </relations>
        
        
				
      
      </organization>
      
      
			
      
      <organization ecContribution="42500" order="3" terminated="false" type="participant">
        
        
				
			
					
        
        <availableLanguages readOnly="true">en</availableLanguages>
        
        
					
        
        <rcn>2090864</rcn>
        
        
					
        
        <id>998525664</id>
        
        
					
        
        <vatNumber>IT02648490361</vatNumber>
        
        
					
        
        <legalName>Centro di Ricerca e Innovazione tecnologica srl</legalName>
        
        
					
        
        <shortName>CRIT</shortName>
        
        
					
        
        <address>
          
          
						
          
          <street>Via Confine 2310</street>
          
          
						
          
          <city>VIGNOLA</city>
          
          
						
          
          <postalCode>41058</postalCode>
          
          
						
          
          <country>IT</country>
          
          
						
          
          <url>www.crit-research.it</url>
          
          
					
        
        </address>
        
        
					
        
        <relations>
          
          
						
          
          <categories>
            
            
							
            
            <category classification="organizationActivityType" type="relatedOrganizationActivityType">
              
              
								
              
              <availableLanguages readOnly="true">en</availableLanguages>
              
              
								
              
              <code>/PRC</code>
              
              
								
              
              <title>Private for-profit entities (excluding Higher or Secondary Education Establishments)</title>
              
              
								
							
            
            </category>
            
            
						
          
          </categories>
          
          
						
          
          <regions>
            
            
							
            
            <region type="relatedRegion">
              
              
								
							
									
              
              <name>Italy</name>
              
              
									
              
              <nutsCode>IT</nutsCode>
              
              
									
              
              <euCode>IT</euCode>
              
              
									
              
              <isoCode>IT</isoCode>
              
              
									
              
              <rcn>309758504</rcn>
              
              
								
            
            </region>
            
            
						
          
          </regions>
          
          
					
        
        </relations>
        
        
				
      
      </organization>
      
      
			
      
      <organization ecContribution="22432.5" order="8" terminated="false" type="participant">
        
        
				
			
					
        
        <availableLanguages readOnly="true">en</availableLanguages>
        
        
					
        
        <rcn>1906165</rcn>
        
        
					
        
        <id>999912764</id>
        
        
					
        
        <vatNumber>GB700170889</vatNumber>
        
        
					
        
        <legalName>TWI LIMITED</legalName>
        
        
					
        
        <shortName>TWI</shortName>
        
        
					
        
        <address>
          
          
						
          
          <street>GRANTA PARK GREAT ABINGTON</street>
          
          
						
          
          <city>CAMBRIDGE</city>
          
          
						
          
          <postalCode>CB21 6AL</postalCode>
          
          
						
          
          <country>UK</country>
          
          
						
          
          <postBox>000</postBox>
          
          
						
          
          <url>www.twi.co.uk</url>
          
          
					
        
        </address>
        
        
					
        
        <departmentName>N/A</departmentName>
        
        
					
        
        <relations>
          
          
						
          
          <categories>
            
            
							
            
            <category classification="organizationActivityType" type="relatedOrganizationActivityType">
              
              
								
              
              <availableLanguages readOnly="true">en</availableLanguages>
              
              
								
              
              <code>/REC</code>
              
              
								
              
              <title>Research Organisations</title>
              
              
								
							
            
            </category>
            
            
						
          
          </categories>
          
          
						
          
          <regions>
            
            
							
            
            <region type="relatedRegion">
              
              
								
							
									
              
              <name>United Kingdom</name>
              
              
									
              
              <nutsCode>UK</nutsCode>
              
              
									
              
              <euCode>UK</euCode>
              
              
									
              
              <isoCode>GB</isoCode>
              
              
									
              
              <rcn>508725800</rcn>
              
              
								
            
            </region>
            
            
						
          
          </regions>
          
          
					
        
        </relations>
        
        
				
      
      </organization>
      
      
			
      
      <programme type="relatedSubProgramme">
        
        
				
			
					
        
        <availableLanguages readOnly="true">en</availableLanguages>
        
        
					
        
        <rcn>665046</rcn>
        
        
					
        
        <code>FoF-07-2014</code>
        
        
					
        
        <frameworkProgramme>H2020-Topics</frameworkProgramme>
        
        
					
        
        <title>Support for the enhancement of the impact of FoF PPP projects</title>
        
        
					
        
        <parent>
          
          
						
          
          <programme>
            
            
							
            
            <rcn>20200</rcn>
            
            
							
            
            <code>H2020-Topics</code>
            
            
						
          
          </programme>
          
          
					
        
        </parent>
        
        
				
      
      </programme>
      
      
			
      
      <programme type="relatedProgramme">
        
        
				
			
					
        
        <availableLanguages readOnly="true">de,en,es,fr,it,pl</availableLanguages>
        
        
					
        
        <rcn>664199</rcn>
        
        
					
        
        <code>H2020-EU.2.1.5.1.</code>
        
        
					
        
        <frameworkProgramme>H2020</frameworkProgramme>
        
        
					
        
        <pga>H2020-EU.2.1.5.1.</pga>
        
        
					
        
        <title>Technologies for Factories of the Future</title>
        
        
					
        
        <shortTitle>Technologies for Factories of the Future</shortTitle>
        
        
					
        
        <parent>
          
          
						
          
          <programme>
            
            
							
            
            <rcn>664197</rcn>
            
            
							
            
            <code>H2020-EU.2.1.5.</code>
            
            
							
            
            <parent>
              
              
								
              
              <programme>
                
                
									
                
                <rcn>664145</rcn>
                
                
									
                
                <code>H2020-EU.2.1.</code>
                
                
									
                
                <parent>
                  
                  
										
                  
                  <programme>
                    
                    
											
                    
                    <rcn>664143</rcn>
                    
                    
											
                    
                    <code>H2020-EU.2.</code>
                    
                    
											
                    
                    <parent>
                      
                      
												
                      
                      <programme>
                        
                        
													
                        
                        <rcn>664087</rcn>
                        
                        
													
                        
                        <code>H2020-EC</code>
                        
                        
													
                        
                        <parent>
                          
                          
														
                          
                          <programme>
                            
                            
															
                            
                            <rcn>664086</rcn>
                            
                            
															
                            
                            <code>H2020</code>
                            
                            
														
                          
                          </programme>
                          
                          
													
                        
                        </parent>
                        
                        
												
                      
                      </programme>
                      
                      
											
                    
                    </parent>
                    
                    
										
                  
                  </programme>
                  
                  
									
                
                </parent>
                
                
								
              
              </programme>
              
              
							
            
            </parent>
            
            
						
          
          </programme>
          
          
					
        
        </parent>
        
        
				
      
      </programme>
      
      
			
      
      <result source="corda" type="relatedResult">
        
        
				
			
					
        
        <availableLanguages readOnly="true">en</availableLanguages>
        
        
					
        
        <rcn>207480</rcn>
        
        
					
        
        <title>Monthly Newsletters</title>
        
        
					
        
        <description>Monthly Newsletters (M14 to M24)</description>
        
        
					
        
        <contentUpdateDate>2017-11-13 13:16:55</contentUpdateDate>
        
        
					
        
        <relations>
          
          
						
          
          <categories>
            
            
							
            
            <category classification="collection" type="belongsTo">
              
              
								
              
              <availableLanguages readOnly="true">de,en,es,fr,it,pl</availableLanguages>
              
              
								
              
              <code>/deliverable</code>
              
              
								
              
              <title>Project deliverable</title>
              
              
								
							
            
            </category>
            
            
							
            
            <category classification="deliverableType" type="isDeliveredAs">
              
              
								
              
              <availableLanguages readOnly="true">de,en,es,fr,it,pl</availableLanguages>
              
              
								
              
              <code>/DEC</code>
              
              
								
              
              <title>Websites, patent fillings, videos etc.</title>
              
              
								
							
            
            </category>
            
            
							
            
            <category classification="source" type="isProvidedBy">
              
              
								
              
              <availableLanguages readOnly="true">de,en,es,fr,it,pl</availableLanguages>
              
              
								
              
              <code>/corda</code>
              
              
								
              
              <title>CORDA</title>
              
              
								
							
            
            </category>
            
            
						
          
          </categories>
          
          
						
          
          <associations>
            
            
							
            
            <webLink source="corda" type="projectDeliverable">
              
              
								
							
									
              
              <language>en</language>
              
              
									
              
              <availableLanguages readOnly="true">en</availableLanguages>
              
              
									
              
              <url>https://www.ec.europa.eu/research/participants/documents/downloadPublic?documentIds=080166e5b047da97&amp;appId=PPGMS</url>
              
              
									
              
              <content>Documents download module Documents download module Document download Dear user, the requested document Attachment_0 is being prepared for download. Once the download is completed you may close this window by clicking on the close button. Close © European Commission  2018  - Documents download module - Version 2.6.0 - Build 20180216-0915</content>
              
              
								
            
            </webLink>
            
            
						
          
          </associations>
          
          
					
        
        </relations>
        
        
				
      
      </result>
      
      
			
      
      <result source="corda" type="relatedResult">
        
        
				
			
					
        
        <availableLanguages readOnly="true">en</availableLanguages>
        
        
					
        
        <rcn>207484</rcn>
        
        
					
        
        <title>Final Public Report</title>
        
        
					
        
        <description>Final Public Report</description>
        
        
					
        
        <contentUpdateDate>2017-11-13 13:17:00</contentUpdateDate>
        
        
					
        
        <relations>
          
          
						
          
          <categories>
            
            
							
            
            <category classification="collection" type="belongsTo">
              
              
								
              
              <availableLanguages readOnly="true">de,en,es,fr,it,pl</availableLanguages>
              
              
								
              
              <code>/deliverable</code>
              
              
								
              
              <title>Project deliverable</title>
              
              
								
							
            
            </category>
            
            
							
            
            <category classification="deliverableType" type="isDeliveredAs">
              
              
								
              
              <availableLanguages readOnly="true">de,en,es,fr,it,pl</availableLanguages>
              
              
								
              
              <code>/R</code>
              
              
								
              
              <title>Document, report</title>
              
              
								
							
            
            </category>
            
            
							
            
            <category classification="source" type="isProvidedBy">
              
              
								
              
              <availableLanguages readOnly="true">de,en,es,fr,it,pl</availableLanguages>
              
              
								
              
              <code>/corda</code>
              
              
								
              
              <title>CORDA</title>
              
              
								
							
            
            </category>
            
            
						
          
          </categories>
          
          
						
          
          <associations>
            
            
							
            
            <webLink source="corda" type="projectDeliverable">
              
              
								
							
									
              
              <language>en</language>
              
              
									
              
              <availableLanguages readOnly="true">en</availableLanguages>
              
              
									
              
              <url>https://www.ec.europa.eu/research/participants/documents/downloadPublic?documentIds=080166e5b05e1f86&amp;appId=PPGMS</url>
              
              
									
              
              <content>Documents download module Documents download module Document download Dear user, the requested document Attachment_0 is being prepared for download. Once the download is completed you may close this window by clicking on the close button. Close © European Commission  2018  - Documents download module - Version 2.6.0 - Build 20180216-0915</content>
              
              
								
            
            </webLink>
            
            
						
          
          </associations>
          
          
					
        
        </relations>
        
        
				
      
      </result>
      
      
			
      
      <result source="corda" type="relatedResult">
        
        
				
			
					
        
        <availableLanguages readOnly="true">en</availableLanguages>
        
        
					
        
        <rcn>207510</rcn>
        
        
					
        
        <title>Final version of the toolkit website</title>
        
        
					
        
        <description>Final version of the toolkit website</description>
        
        
					
        
        <contentUpdateDate>2017-11-13 13:17:34</contentUpdateDate>
        
        
					
        
        <relations>
          
          
						
          
          <categories>
            
            
							
            
            <category classification="collection" type="belongsTo">
              
              
								
              
              <availableLanguages readOnly="true">de,en,es,fr,it,pl</availableLanguages>
              
              
								
              
              <code>/deliverable</code>
              
              
								
              
              <title>Project deliverable</title>
              
              
								
							
            
            </category>
            
            
							
            
            <category classification="deliverableType" type="isDeliveredAs">
              
              
								
              
              <availableLanguages readOnly="true">de,en,es,fr,it,pl</availableLanguages>
              
              
								
              
              <code>/O</code>
              
              
								
              
              <title>Other</title>
              
              
								
							
            
            </category>
            
            
							
            
            <category classification="source" type="isProvidedBy">
              
              
								
              
              <availableLanguages readOnly="true">de,en,es,fr,it,pl</availableLanguages>
              
              
								
              
              <code>/corda</code>
              
              
								
              
              <title>CORDA</title>
              
              
								
							
            
            </category>
            
            
						
          
          </categories>
          
          
						
          
          <associations>
            
            
							
            
            <webLink source="corda" type="projectDeliverable">
              
              
								
							
									
              
              <language>en</language>
              
              
									
              
              <availableLanguages readOnly="true">en</availableLanguages>
              
              
									
              
              <url>https://www.ec.europa.eu/research/participants/documents/downloadPublic?documentIds=080166e5b047a674&amp;appId=PPGMS</url>
              
              
									
              
              <content>Documents download module Documents download module Document download Dear user, the requested document Attachment_0 is being prepared for download. Once the download is completed you may close this window by clicking on the close button. Close © European Commission  2018  - Documents download module - Version 2.6.0 - Build 20180216-0915</content>
              
              
								
            
            </webLink>
            
            
						
          
          </associations>
          
          
					
        
        </relations>
        
        
				
      
      </result>
      
      
			
      
      <result source="corda" type="relatedResult">
        
        
				
			
					
        
        <availableLanguages readOnly="true">en</availableLanguages>
        
        
					
        
        <rcn>207495</rcn>
        
        
					
        
        <title>Use and impact of existing technology transfer services within the context of Factories of the Future</title>
        
        
					
        
        <description>Use and impact of existing technology transfer services within the context of Factories of the Future</description>
        
        
					
        
        <contentUpdateDate>2017-11-13 13:17:14</contentUpdateDate>
        
        
					
        
        <relations>
          
          
						
          
          <categories>
            
            
							
            
            <category classification="collection" type="belongsTo">
              
              
								
              
              <availableLanguages readOnly="true">de,en,es,fr,it,pl</availableLanguages>
              
              
								
              
              <code>/deliverable</code>
              
              
								
              
              <title>Project deliverable</title>
              
              
								
							
            
            </category>
            
            
							
            
            <category classification="deliverableType" type="isDeliveredAs">
              
              
								
              
              <availableLanguages readOnly="true">de,en,es,fr,it,pl</availableLanguages>
              
              
								
              
              <code>/R</code>
              
              
								
              
              <title>Document, report</title>
              
              
								
							
            
            </category>
            
            
							
            
            <category classification="source" type="isProvidedBy">
              
              
								
              
              <availableLanguages readOnly="true">de,en,es,fr,it,pl</availableLanguages>
              
              
								
              
              <code>/corda</code>
              
              
								
              
              <title>CORDA</title>
              
              
								
							
            
            </category>
            
            
						
          
          </categories>
          
          
						
          
          <associations>
            
            
							
            
            <webLink source="corda" type="projectDeliverable">
              
              
								
							
									
              
              <language>en</language>
              
              
									
              
              <availableLanguages readOnly="true">en</availableLanguages>
              
              
									
              
              <url>https://www.ec.europa.eu/research/participants/documents/downloadPublic?documentIds=080166e5a6124374&amp;appId=PPGMS</url>
              
              
									
              
              <content>Documents download module Documents download module Document download Dear user, the requested document Attachment_0 is being prepared for download. Once the download is completed you may close this window by clicking on the close button. Close © European Commission  2018  - Documents download module - Version 2.6.0 - Build 20180216-0915</content>
              
              
								
            
            </webLink>
            
            
						
          
          </associations>
          
          
					
        
        </relations>
        
        
				
      
      </result>
      
      
			
      
      <result source="corda" type="relatedResult">
        
        
				
			
					
        
        <availableLanguages readOnly="true">en</availableLanguages>
        
        
					
        
        <rcn>207501</rcn>
        
        
					
        
        <title>Formats of public workshops and events</title>
        
        
					
        
        <description>Formats of public workshops and events</description>
        
        
					
        
        <contentUpdateDate>2017-11-13 13:17:21</contentUpdateDate>
        
        
					
        
        <relations>
          
          
						
          
          <categories>
            
            
							
            
            <category classification="collection" type="belongsTo">
              
              
								
              
              <availableLanguages readOnly="true">de,en,es,fr,it,pl</availableLanguages>
              
              
								
              
              <code>/deliverable</code>
              
              
								
              
              <title>Project deliverable</title>
              
              
								
							
            
            </category>
            
            
							
            
            <category classification="deliverableType" type="isDeliveredAs">
              
              
								
              
              <availableLanguages readOnly="true">de,en,es,fr,it,pl</availableLanguages>
              
              
								
              
              <code>/O</code>
              
              
								
              
              <title>Other</title>
              
              
								
							
            
            </category>
            
            
							
            
            <category classification="source" type="isProvidedBy">
              
              
								
              
              <availableLanguages readOnly="true">de,en,es,fr,it,pl</availableLanguages>
              
              
								
              
              <code>/corda</code>
              
              
								
              
              <title>CORDA</title>
              
              
								
							
            
            </category>
            
            
						
          
          </categories>
          
          
						
          
          <associations>
            
            
							
            
            <webLink source="corda" type="projectDeliverable">
              
              
								
							
									
              
              <language>en</language>
              
              
									
              
              <availableLanguages readOnly="true">en</availableLanguages>
              
              
									
              
              <url>https://www.ec.europa.eu/research/participants/documents/downloadPublic?documentIds=080166e5a6124e7c&amp;appId=PPGMS</url>
              
              
									
              
              <content>Documents download module Documents download module Document download Dear user, the requested document Attachment_0 is being prepared for download. Once the download is completed you may close this window by clicking on the close button. Close © European Commission  2018  - Documents download module - Version 2.6.0 - Build 20180216-0915</content>
              
              
								
            
            </webLink>
            
            
						
          
          </associations>
          
          
					
        
        </relations>
        
        
				
      
      </result>
      
      
			
      
      <result source="corda" type="relatedResult">
        
        
				
			
					
        
        <availableLanguages readOnly="true">en</availableLanguages>
        
        
					
        
        <rcn>207478</rcn>
        
        
					
        
        <title>Workshop and overall report on the workshops (reached audience, content)</title>
        
        
					
        
        <description>Workshop and overall report on the workshops (reached audience, content)</description>
        
        
					
        
        <contentUpdateDate>2017-11-13 13:16:51</contentUpdateDate>
        
        
					
        
        <relations>
          
          
						
          
          <categories>
            
            
							
            
            <category classification="collection" type="belongsTo">
              
              
								
              
              <availableLanguages readOnly="true">de,en,es,fr,it,pl</availableLanguages>
              
              
								
              
              <code>/deliverable</code>
              
              
								
              
              <title>Project deliverable</title>
              
              
								
							
            
            </category>
            
            
							
            
            <category classification="deliverableType" type="isDeliveredAs">
              
              
								
              
              <availableLanguages readOnly="true">de,en,es,fr,it,pl</availableLanguages>
              
              
								
              
              <code>/O</code>
              
              
								
              
              <title>Other</title>
              
              
								
							
            
            </category>
            
            
							
            
            <category classification="source" type="isProvidedBy">
              
              
								
              
              <availableLanguages readOnly="true">de,en,es,fr,it,pl</availableLanguages>
              
              
								
              
              <code>/corda</code>
              
              
								
              
              <title>CORDA</title>
              
              
								
							
            
            </category>
            
            
						
          
          </categories>
          
          
						
          
          <associations>
            
            
							
            
            <webLink source="corda" type="projectDeliverable">
              
              
								
							
									
              
              <language>en</language>
              
              
									
              
              <availableLanguages readOnly="true">en</availableLanguages>
              
              
									
              
              <url>https://www.ec.europa.eu/research/participants/documents/downloadPublic?documentIds=080166e5b047b8b1&amp;appId=PPGMS</url>
              
              
									
              
              <content>Documents download module Documents download module Document download Dear user, the requested document Attachment_0 is being prepared for download. Once the download is completed you may close this window by clicking on the close button. Close © European Commission  2018  - Documents download module - Version 2.6.0 - Build 20180216-0915</content>
              
              
								
            
            </webLink>
            
            
						
          
          </associations>
          
          
					
        
        </relations>
        
        
				
      
      </result>
      
      
			
      
      <result source="corda" type="relatedResult">
        
        
				
			
					
        
        <availableLanguages readOnly="true">en</availableLanguages>
        
        
					
        
        <rcn>207497</rcn>
        
        
					
        
        <title>First version of the toolk website</title>
        
        
					
        
        <description>First version of the toolk website</description>
        
        
					
        
        <contentUpdateDate>2017-11-13 13:17:17</contentUpdateDate>
        
        
					
        
        <relations>
          
          
						
          
          <categories>
            
            
							
            
            <category classification="collection" type="belongsTo">
              
              
								
              
              <availableLanguages readOnly="true">de,en,es,fr,it,pl</availableLanguages>
              
              
								
              
              <code>/deliverable</code>
              
              
								
              
              <title>Project deliverable</title>
              
              
								
							
            
            </category>
            
            
							
            
            <category classification="deliverableType" type="isDeliveredAs">
              
              
								
              
              <availableLanguages readOnly="true">de,en,es,fr,it,pl</availableLanguages>
              
              
								
              
              <code>/DEC</code>
              
              
								
              
              <title>Websites, patent fillings, videos etc.</title>
              
              
								
							
            
            </category>
            
            
							
            
            <category classification="source" type="isProvidedBy">
              
              
								
              
              <availableLanguages readOnly="true">de,en,es,fr,it,pl</availableLanguages>
              
              
								
              
              <code>/corda</code>
              
              
								
              
              <title>CORDA</title>
              
              
								
							
            
            </category>
            
            
						
          
          </categories>
          
          
						
          
          <associations>
            
            
							
            
            <webLink source="corda" type="projectDeliverable">
              
              
								
							
									
              
              <language>en</language>
              
              
									
              
              <availableLanguages readOnly="true">en</availableLanguages>
              
              
									
              
              <url>https://www.ec.europa.eu/research/participants/documents/downloadPublic?documentIds=080166e5a612553e&amp;appId=PPGMS</url>
              
              
									
              
              <content>Documents download module Documents download module Document download Dear user, the requested document Attachment_0 is being prepared for download. Once the download is completed you may close this window by clicking on the close button. Close © European Commission  2018  - Documents download module - Version 2.6.0 - Build 20180216-0915</content>
              
              
								
            
            </webLink>
            
            
						
          
          </associations>
          
          
					
        
        </relations>
        
        
				
      
      </result>
      
      
			
      
      <result source="corda" type="relatedResult">
        
        
				
			
					
        
        <availableLanguages readOnly="true">en</availableLanguages>
        
        
					
        
        <rcn>207506</rcn>
        
        
					
        
        <title>Formats for first- and second-line assistance to individual organisations or project consortia</title>
        
        
					
        
        <description>Formats for first- and second-line assistance to individual organisations or project consortia</description>
        
        
					
        
        <contentUpdateDate>2017-11-13 13:17:29</contentUpdateDate>
        
        
					
        
        <relations>
          
          
						
          
          <categories>
            
            
							
            
            <category classification="collection" type="belongsTo">
              
              
								
              
              <availableLanguages readOnly="true">de,en,es,fr,it,pl</availableLanguages>
              
              
								
              
              <code>/deliverable</code>
              
              
								
              
              <title>Project deliverable</title>
              
              
								
							
            
            </category>
            
            
							
            
            <category classification="deliverableType" type="isDeliveredAs">
              
              
								
              
              <availableLanguages readOnly="true">de,en,es,fr,it,pl</availableLanguages>
              
              
								
              
              <code>/O</code>
              
              
								
              
              <title>Other</title>
              
              
								
							
            
            </category>
            
            
							
            
            <category classification="source" type="isProvidedBy">
              
              
								
              
              <availableLanguages readOnly="true">de,en,es,fr,it,pl</availableLanguages>
              
              
								
              
              <code>/corda</code>
              
              
								
              
              <title>CORDA</title>
              
              
								
							
            
            </category>
            
            
						
          
          </categories>
          
          
						
          
          <associations>
            
            
							
            
            <webLink source="corda" type="projectDeliverable">
              
              
								
							
									
              
              <language>en</language>
              
              
									
              
              <availableLanguages readOnly="true">en</availableLanguages>
              
              
									
              
              <url>https://www.ec.europa.eu/research/participants/documents/downloadPublic?documentIds=080166e5a6124e7d&amp;appId=PPGMS</url>
              
              
									
              
              <content>Documents download module Documents download module Document download Dear user, the requested document Attachment_0 is being prepared for download. Once the download is completed you may close this window by clicking on the close button. Close © European Commission  2018  - Documents download module - Version 2.6.0 - Build 20180216-0915</content>
              
              
								
            
            </webLink>
            
            
						
          
          </associations>
          
          
					
        
        </relations>
        
        
				
      
      </result>
      
      
			
      
      <result source="corda" type="relatedResult">
        
        
				
			
					
        
        <availableLanguages readOnly="true">en</availableLanguages>
        
        
					
        
        <rcn>207489</rcn>
        
        
					
        
        <title>Identification and mapping of existing FoF related programs and technology transfer services outside Europe</title>
        
        
					
        
        <description>Identification and mapping of existing FoF related programs and technology transfer services outside Europe</description>
        
        
					
        
        <contentUpdateDate>2017-11-13 13:17:10</contentUpdateDate>
        
        
					
        
        <relations>
          
          
						
          
          <categories>
            
            
							
            
            <category classification="collection" type="belongsTo">
              
              
								
              
              <availableLanguages readOnly="true">de,en,es,fr,it,pl</availableLanguages>
              
              
								
              
              <code>/deliverable</code>
              
              
								
              
              <title>Project deliverable</title>
              
              
								
							
            
            </category>
            
            
							
            
            <category classification="deliverableType" type="isDeliveredAs">
              
              
								
              
              <availableLanguages readOnly="true">de,en,es,fr,it,pl</availableLanguages>
              
              
								
              
              <code>/O</code>
              
              
								
              
              <title>Other</title>
              
              
								
							
            
            </category>
            
            
							
            
            <category classification="source" type="isProvidedBy">
              
              
								
              
              <availableLanguages readOnly="true">de,en,es,fr,it,pl</availableLanguages>
              
              
								
              
              <code>/corda</code>
              
              
								
              
              <title>CORDA</title>
              
              
								
							
            
            </category>
            
            
						
          
          </categories>
          
          
						
          
          <associations>
            
            
							
            
            <webLink source="corda" type="projectDeliverable">
              
              
								
							
									
              
              <language>en</language>
              
              
									
              
              <availableLanguages readOnly="true">en</availableLanguages>
              
              
									
              
              <url>https://www.ec.europa.eu/research/participants/documents/downloadPublic?documentIds=080166e5a097c2a4&amp;appId=PPGMS</url>
              
              
									
              
              <content>Documents download module Documents download module Document download Dear user, the requested document Attachment_0 is being prepared for download. Once the download is completed you may close this window by clicking on the close button. Close © European Commission  2018  - Documents download module - Version 2.6.0 - Build 20180216-0915</content>
              
              
								
            
            </webLink>
            
            
						
          
          </associations>
          
          
					
        
        </relations>
        
        
				
      
      </result>
      
      
			
      
      <result type="relatedResult">
        
        
				
			
					
        
        <availableLanguages readOnly="true">en</availableLanguages>
        
        
					
        
        <rcn>186625</rcn>
        
        
					
        
        <title>Periodic Reporting for period 2 - FoF-Impact (Enhanced impact of the Factories of the Future PPP through technology transfer and expanded community)</title>
        
        
					
        
        <teaser>With the launch of Horizon 2020, the European Institutions and members states demanded that EU programmes do not continue focus solely on research and demonstration but incorporate the entire innovation cycle. It has been the intention of the FoF-Impact CSA to respond to this...</teaser>
        
        
					
        
        <description>periodic</description>
        
        
					
        
        <contentUpdateDate>2016-07-14 10:43:27</contentUpdateDate>
        
        
					
        
        <relations>
          
          
						
          
          <categories>
            
            
							
            
            <category classification="collection" type="belongsTo">
              
              
								
              
              <availableLanguages readOnly="true">de,en,es,fr,it,pl</availableLanguages>
              
              
								
              
              <code>/pubsum</code>
              
              
								
              
              <title>Report Summary</title>
              
              
								
							
            
            </category>
            
            
							
            
            <category classification="resultCategory" type="relatedResultCategory">
              
              
								
              
              <availableLanguages readOnly="true">en</availableLanguages>
              
              
								
              
              <code>/report</code>
              
              
								
              
              <title>Report summary</title>
              
              
								
							
            
            </category>
            
            
							
            
            <category classification="source" type="isProvidedBy">
              
              
								
              
              <availableLanguages readOnly="true">de,en,es,fr,it,pl</availableLanguages>
              
              
								
              
              <code>/corda</code>
              
              
								
              
              <title>CORDA</title>
              
              
								
							
            
            </category>
            
            
						
          
          </categories>
          
          
						
          
          <associations>
            
            
							
            
            <webItem source="corda" type="relatedResultAttachment">
              
              
								
							
									
              
              <language>en</language>
              
              
									
              
              <availableLanguages readOnly="true">en,any</availableLanguages>
              
              
									
              
              <uri>/docs/results/h2020/637/637212_PS/project-toollkit.png</uri>
              
              
									
              
              <alternativeText>Access to the project toolkit and innovation portal</alternativeText>
              
              
									
              
              <mimetype readOnly="true">image/png</mimetype>
              
              
									
              
              <size readOnly="true">0</size>
              
              
								
            
            </webItem>
            
            
							
            
            <webItem source="corda" type="relatedResultAttachment">
              
              
								
							
									
              
              <language>en</language>
              
              
									
              
              <availableLanguages readOnly="true">en,any</availableLanguages>
              
              
									
              
              <uri>/docs/results/h2020/637/637212_PS/impact-newsletter.png</uri>
              
              
									
              
              <alternativeText>Index Impact newsletter</alternativeText>
              
              
									
              
              <mimetype readOnly="true">image/png</mimetype>
              
              
									
              
              <size readOnly="true">0</size>
              
              
								
            
            </webItem>
            
            
							
            
            <webLink source="corda" type="relatedWebsite">
              
              
								
							
									
              
              <language>en</language>
              
              
									
              
              <availableLanguages readOnly="true">en</availableLanguages>
              
              
									
              
              <url>http://www.effra.eu/impact</url>
              
              
									
              
              <content>302 Found Found The document has moved here. Apache Server at www.effra.eu Port 80</content>
              
              
								
            
            </webLink>
            
            
						
          
          </associations>
          
          
					
        
        </relations>
        
        
				
      
      </result>
      
      
			
      
      <result source="corda" type="relatedResult">
        
        
				
			
					
        
        <availableLanguages readOnly="true">en</availableLanguages>
        
        
					
        
        <rcn>207486</rcn>
        
        
					
        
        <title>Identification and mapping of existing FoF related programs and technology transfer services within Europe</title>
        
        
					
        
        <description>Identification and mapping of existing FoF related programs and technology transfer services within Europe</description>
        
        
					
        
        <contentUpdateDate>2017-11-13 13:17:05</contentUpdateDate>
        
        
					
        
        <relations>
          
          
						
          
          <categories>
            
            
							
            
            <category classification="collection" type="belongsTo">
              
              
								
              
              <availableLanguages readOnly="true">de,en,es,fr,it,pl</availableLanguages>
              
              
								
              
              <code>/deliverable</code>
              
              
								
              
              <title>Project deliverable</title>
              
              
								
							
            
            </category>
            
            
							
            
            <category classification="deliverableType" type="isDeliveredAs">
              
              
								
              
              <availableLanguages readOnly="true">de,en,es,fr,it,pl</availableLanguages>
              
              
								
              
              <code>/R</code>
              
              
								
              
              <title>Document, report</title>
              
              
								
							
            
            </category>
            
            
							
            
            <category classification="source" type="isProvidedBy">
              
              
								
              
              <availableLanguages readOnly="true">de,en,es,fr,it,pl</availableLanguages>
              
              
								
              
              <code>/corda</code>
              
              
								
              
              <title>CORDA</title>
              
              
								
							
            
            </category>
            
            
						
          
          </categories>
          
          
						
          
          <associations>
            
            
							
            
            <webLink source="corda" type="projectDeliverable">
              
              
								
							
									
              
              <language>en</language>
              
              
									
              
              <availableLanguages readOnly="true">en</availableLanguages>
              
              
									
              
              <url>https://www.ec.europa.eu/research/participants/documents/downloadPublic?documentIds=080166e5a097c2a3&amp;appId=PPGMS</url>
              
              
									
              
              <content>Documents download module Documents download module Document download Dear user, the requested document Attachment_0 is being prepared for download. Once the download is completed you may close this window by clicking on the close button. Close © European Commission  2018  - Documents download module - Version 2.6.0 - Build 20180216-0915</content>
              
              
								
            
            </webLink>
            
            
						
          
          </associations>
          
          
					
        
        </relations>
        
        
				
      
      </result>
      
      
		
    
    </associations>
    
    
		
    
    <categories>
      
      
			
      
      <category classification="projectFundingSchemeCategory" type="relatedProjectFundingSchemeCategory">
        
        
				
        
        <availableLanguages readOnly="true">en</availableLanguages>
        
        
				
        
        <code>/CSA</code>
        
        
				
        
        <title>Coordination and support action</title>
        
        
				
			
      
      </category>
      
      
		
    
    </categories>
    
    
	
  
  </relations>
  
  
	


</project>

