<?xml version="1.0" encoding="UTF-8"?>
<project xmlns="http://cordis.europa.eu">
  
  
	
	
  
  <language>en</language>
  
  
	
  
  <availableLanguages readOnly="true">en</availableLanguages>
  
  
	
  
  <rcn>193332</rcn>
  
  
	
  
  <reference>635478</reference>
  
  
	
  
  <acronym>i3-Food</acronym>
  
  
	
  
  <teaser>The main objective of i³-Food is the implementation of 3 prioritised innovative food processing technologies by validation of optimum process control under industrial conditions: 1. Pulsed Electric Field preservation (PEF-P) of liquid food products (TRL 7-8); 2.High pressure...</teaser>
  
  
	
  
  <objective>The main objective of i³-Food is the implementation of 3 prioritised innovative food processing technologies by validation of optimum process control under industrial conditions: 1. Pulsed Electric Field preservation (PEF-P) of liquid food products (TRL 7-8); 2.High pressure thermal sterilization (HPTS) (TRL 6-7) and 3. Low shear extrusion of cold food products (TRL 6). A congeneric set of both technical (missing online sensors) and process conditioned bottlenecks (missing application of HACCP concept) does exist which hinders their uptake by industry and in the market. Therefore, optimum process control will be achieved in i³-Food leading to application under real life operating conditions by demonstrating and piloting in a near to operational environment of applicable validation systems for each technology. 6 well selected industry partners, thereof 4 SMEs, strongly support the approach and contribute as technology provider or technology applicant. For rapid and easy market uptake an analysis of the innovation environment and identification of opportunities will be performed (phase 1) as well as road-mapping for market penetration per technology (phase 2). This integrated approach will provide maximal synergies in between the 3 technologies. Application opportunities beyond the known use cases will be explored. A scientific and cutting edge strategy for overcoming the market barriers ensuring rapid and maximum market uptake will be defined. A clear description of possible applications and potential benefits will serve as an excellent basis for the dissemination activities. i³-Food will extremely benefit from results of national, trans-national and European projects. S&amp;T project partners of i³-Food have outstanding expertise in the field of PEF, high pressure and extrusion application as well as high competences in system and innovation research. Thus, the multidisciplinary endeavor will connect and amplify the EU strengths in advanced technologies research.</objective>
  
  
	
  
  <title>Process integration for rapid implementation of sustainable innovative food processing</title>
  
  
	
  
  <totalCost>2314375</totalCost>
  
  
	
  
  <ecMaxContribution>2159275</ecMaxContribution>
  
  
	
  
  <startDate>2015-03-01</startDate>
  
  
	
  
  <endDate>2018-02-28</endDate>
  
  
	
  
  <contract>
    
    
		
    
    <duration>36</duration>
    
    
	
  
  </contract>
  
  
	
  
  <status>SIGNED</status>
  
  
	
  
  <sourceUpdateDate>2018-04-23 05:00:24</sourceUpdateDate>
  
  
	
  
  <contentCreationDate readOnly="true">2015-05-05 16:08:52</contentCreationDate>
  
  
	
  
  <contentUpdateDate>2017-08-04 08:18:20</contentUpdateDate>
  
  
	
  
  <lastUpdateDate readOnly="true">2018-05-03 11:37:19</lastUpdateDate>
  
  
	
  
  <relations>
    
    
		
    
    <associations>
      
      
			
      
      <call type="relatedCall">
        
        
				
			
					
        
        <rcn>351</rcn>
        
        
					
        
        <title>H2020-SFS-2014-2</title>
        
        
					
        
        <identifier>H2020-SFS-2014-2</identifier>
        
        
				
      
      </call>
      
      
			
      
      <organization ecContribution="50837.5" order="9" terminated="false" type="participant">
        
        
				
			
					
        
        <availableLanguages readOnly="true">en</availableLanguages>
        
        
					
        
        <rcn>2396464</rcn>
        
        
					
        
        <id>938170809</id>
        
        
					
        
        <vatNumber>NL851544794B01</vatNumber>
        
        
					
        
        <legalName>FOODCASE INTERNATIONAL BV</legalName>
        
        
					
        
        <shortName>Foodcase International bv</shortName>
        
        
					
        
        <address>
          
          
						
          
          <street>NIEUWE KANAAL 7F</street>
          
          
						
          
          <city>WAGENINGEN</city>
          
          
						
          
          <postalCode>6709 PA</postalCode>
          
          
						
          
          <country>NL</country>
          
          
					
        
        </address>
        
        
					
        
        <relations>
          
          
						
          
          <categories>
            
            
							
            
            <category classification="organizationActivityType" type="relatedOrganizationActivityType">
              
              
								
              
              <availableLanguages readOnly="true">en</availableLanguages>
              
              
								
              
              <code>/PRC</code>
              
              
								
              
              <title>Private for-profit entities (excluding Higher or Secondary Education Establishments)</title>
              
              
								
							
            
            </category>
            
            
						
          
          </categories>
          
          
						
          
          <regions>
            
            
							
            
            <region type="relatedRegion">
              
              
								
							
									
              
              <name>Netherlands</name>
              
              
									
              
              <nutsCode>NL</nutsCode>
              
              
									
              
              <euCode>NL</euCode>
              
              
									
              
              <isoCode>NL</isoCode>
              
              
									
              
              <rcn>391547432</rcn>
              
              
								
            
            </region>
            
            
						
          
          </regions>
          
          
					
        
        </relations>
        
        
				
      
      </organization>
      
      
			
      
      <organization ecContribution="379875" order="4" terminated="false" type="participant">
        
        
				
			
					
        
        <availableLanguages readOnly="true">en</availableLanguages>
        
        
					
        
        <rcn>1905912</rcn>
        
        
					
        
        <id>999984059</id>
        
        
					
        
        <vatNumber>DE129515865</vatNumber>
        
        
					
        
        <legalName>FRAUNHOFER GESELLSCHAFT ZUR FOERDERUNG DER ANGEWANDTEN FORSCHUNG E.V.</legalName>
        
        
					
        
        <shortName>Fraunhofer</shortName>
        
        
					
        
        <address>
          
          
						
          
          <street>HANSASTRASSE 27C</street>
          
          
						
          
          <city>MUNCHEN</city>
          
          
						
          
          <postalCode>80686</postalCode>
          
          
						
          
          <country>DE</country>
          
          
						
          
          <postBox>000</postBox>
          
          
						
          
          <url>www.fraunhofer.de</url>
          
          
					
        
        </address>
        
        
					
        
        <departmentName>Integrated Project Management</departmentName>
        
        
					
        
        <relations>
          
          
						
          
          <categories>
            
            
							
            
            <category classification="organizationActivityType" type="relatedOrganizationActivityType">
              
              
								
              
              <availableLanguages readOnly="true">en</availableLanguages>
              
              
								
              
              <code>/REC</code>
              
              
								
              
              <title>Research Organisations</title>
              
              
								
							
            
            </category>
            
            
						
          
          </categories>
          
          
						
          
          <regions>
            
            
							
            
            <region type="relatedRegion">
              
              
								
							
									
              
              <name>Germany</name>
              
              
									
              
              <nutsCode>DE</nutsCode>
              
              
									
              
              <euCode>DE</euCode>
              
              
									
              
              <isoCode>DE</isoCode>
              
              
									
              
              <rcn>221940264</rcn>
              
              
								
            
            </region>
            
            
						
          
          </regions>
          
          
					
        
        </relations>
        
        
				
      
      </organization>
      
      
			
      
      <organization ecContribution="598375" order="6" terminated="false" type="participant">
        
        
				
			
					
        
        <availableLanguages readOnly="true">en</availableLanguages>
        
        
					
        
        <rcn>1914301</rcn>
        
        
					
        
        <id>998036008</id>
        
        
					
        
        <vatNumber>DE117704061</vatNumber>
        
        
					
        
        <legalName>DEUTSCHES INSTITUT FUER LEBENSMITTELTECHNIK</legalName>
        
        
					
        
        <shortName>DIL</shortName>
        
        
					
        
        <address>
          
          
						
          
          <street>PROF VON KLITZING STRASSE  7</street>
          
          
						
          
          <city>QUAKENBRUECK</city>
          
          
						
          
          <postalCode>49610</postalCode>
          
          
						
          
          <country>DE</country>
          
          
						
          
          <postBox>1165</postBox>
          
          
						
          
          <url>www.dil-ev.de</url>
          
          
					
        
        </address>
        
        
					
        
        <relations>
          
          
						
          
          <categories>
            
            
							
            
            <category classification="organizationActivityType" type="relatedOrganizationActivityType">
              
              
								
              
              <availableLanguages readOnly="true">en</availableLanguages>
              
              
								
              
              <code>/REC</code>
              
              
								
              
              <title>Research Organisations</title>
              
              
								
							
            
            </category>
            
            
						
          
          </categories>
          
          
						
          
          <regions>
            
            
							
            
            <region type="relatedRegion">
              
              
								
							
									
              
              <name>Germany</name>
              
              
									
              
              <nutsCode>DE</nutsCode>
              
              
									
              
              <euCode>DE</euCode>
              
              
									
              
              <isoCode>DE</isoCode>
              
              
									
              
              <rcn>221940264</rcn>
              
              
								
            
            </region>
            
            
						
          
          </regions>
          
          
					
        
        </relations>
        
        
				
      
      </organization>
      
      
			
      
      <organization ecContribution="51712.5" order="10" terminated="false" type="participant">
        
        
				
			
					
        
        <availableLanguages readOnly="true">en</availableLanguages>
        
        
					
        
        <rcn>2396465</rcn>
        
        
					
        
        <id>938008722</id>
        
        
					
        
        <vatNumber>DE124078623</vatNumber>
        
        
					
        
        <legalName>ENTEX RUST &amp; MITSCHKE GMBH</legalName>
        
        
					
        
        <shortName>ENTEX Rust &amp; Mitschke GmbH</shortName>
        
        
					
        
        <address>
          
          
						
          
          <street>Heinrichstrasse 67a</street>
          
          
						
          
          <city>Bochum</city>
          
          
						
          
          <postalCode>44805</postalCode>
          
          
						
          
          <country>DE</country>
          
          
					
        
        </address>
        
        
					
        
        <relations>
          
          
						
          
          <categories>
            
            
							
            
            <category classification="organizationActivityType" type="relatedOrganizationActivityType">
              
              
								
              
              <availableLanguages readOnly="true">en</availableLanguages>
              
              
								
              
              <code>/PRC</code>
              
              
								
              
              <title>Private for-profit entities (excluding Higher or Secondary Education Establishments)</title>
              
              
								
							
            
            </category>
            
            
						
          
          </categories>
          
          
						
          
          <regions>
            
            
							
            
            <region type="relatedRegion">
              
              
								
							
									
              
              <name>Germany</name>
              
              
									
              
              <nutsCode>DE</nutsCode>
              
              
									
              
              <euCode>DE</euCode>
              
              
									
              
              <isoCode>DE</isoCode>
              
              
									
              
              <rcn>221940264</rcn>
              
              
								
            
            </region>
            
            
						
          
          </regions>
          
          
					
        
        </relations>
        
        
				
      
      </organization>
      
      
			
      
      <organization ecContribution="73368.75" order="7" terminated="false" type="participant">
        
        
				
			
					
        
        <availableLanguages readOnly="true">en</availableLanguages>
        
        
					
        
        <rcn>2396462</rcn>
        
        
					
        
        <id>938054603</id>
        
        
					
        
        <vatNumber>NL820099727B01</vatNumber>
        
        
					
        
        <legalName>HOOGESTEGER BV</legalName>
        
        
					
        
        <shortName>Hoogesteger B.V.</shortName>
        
        
					
        
        <address>
          
          
						
          
          <street>DOMINEESLAAN 93</street>
          
          
						
          
          <city>ZWANENBURG</city>
          
          
						
          
          <postalCode>1161BW</postalCode>
          
          
						
          
          <country>NL</country>
          
          
					
        
        </address>
        
        
					
        
        <relations>
          
          
						
          
          <categories>
            
            
							
            
            <category classification="organizationActivityType" type="relatedOrganizationActivityType">
              
              
								
              
              <availableLanguages readOnly="true">en</availableLanguages>
              
              
								
              
              <code>/PRC</code>
              
              
								
              
              <title>Private for-profit entities (excluding Higher or Secondary Education Establishments)</title>
              
              
								
							
            
            </category>
            
            
						
          
          </categories>
          
          
						
          
          <regions>
            
            
							
            
            <region type="relatedRegion">
              
              
								
							
									
              
              <name>Netherlands</name>
              
              
									
              
              <nutsCode>NL</nutsCode>
              
              
									
              
              <euCode>NL</euCode>
              
              
									
              
              <isoCode>NL</isoCode>
              
              
									
              
              <rcn>391547432</rcn>
              
              
								
            
            </region>
            
            
						
          
          </regions>
          
          
					
        
        </relations>
        
        
				
      
      </organization>
      
      
			
      
      <organization ecContribution="324000" order="3" terminated="false" type="participant">
        
        
				
			
					
        
        <availableLanguages readOnly="true">en</availableLanguages>
        
        
					
        
        <rcn>1912450</rcn>
        
        
					
        
        <id>999506819</id>
        
        
					
        
        <vatNumber>ESQ5855049B</vatNumber>
        
        
					
        
        <legalName>INSTITUT DE RECERCA I TECNOLOGIA AGROALIMENTARIES</legalName>
        
        
					
        
        <shortName>INSTITUTE FOR FOOD AND AGRICULTURE RESEARCH AND TECHNOLOGY</shortName>
        
        
					
        
        <address>
          
          
						
          
          <street>CTRA C-59 KM 12 TORRE MARIMON</street>
          
          
						
          
          <city>CALDES DE MONTBUI BARCELONA</city>
          
          
						
          
          <postalCode>08140</postalCode>
          
          
						
          
          <country>ES</country>
          
          
						
          
          <postBox>000</postBox>
          
          
						
          
          <url>www.irta.es</url>
          
          
					
        
        </address>
        
        
					
        
        <departmentName>CORPORATE SERVICES</departmentName>
        
        
					
        
        <relations>
          
          
						
          
          <categories>
            
            
							
            
            <category classification="organizationActivityType" type="relatedOrganizationActivityType">
              
              
								
              
              <availableLanguages readOnly="true">en</availableLanguages>
              
              
								
              
              <code>/REC</code>
              
              
								
              
              <title>Research Organisations</title>
              
              
								
							
            
            </category>
            
            
						
          
          </categories>
          
          
						
          
          <regions>
            
            
							
            
            <region type="relatedRegion">
              
              
								
							
									
              
              <name>Spain</name>
              
              
									
              
              <nutsCode>ES</nutsCode>
              
              
									
              
              <euCode>ES</euCode>
              
              
									
              
              <isoCode>ES</isoCode>
              
              
									
              
              <rcn>242387496</rcn>
              
              
								
            
            </region>
            
            
						
          
          </regions>
          
          
					
        
        </relations>
        
        
				
      
      </organization>
      
      
			
      
      <organization ecContribution="90650" order="8" terminated="false" type="participant">
        
        
				
			
					
        
        <availableLanguages readOnly="true">en</availableLanguages>
        
        
					
        
        <rcn>2396463</rcn>
        
        
					
        
        <id>937691338</id>
        
        
					
        
        <vatNumber>DE815317913</vatNumber>
        
        
					
        
        <legalName>DMK EIS GMBH</legalName>
        
        
					
        
        <shortName>DMK Eis GmbH</shortName>
        
        
					
        
        <address>
          
          
						
          
          <street>MUNSTERSTRASSE 31</street>
          
          
						
          
          <city>Everswinkel</city>
          
          
						
          
          <postalCode>48351</postalCode>
          
          
						
          
          <country>DE</country>
          
          
					
        
        </address>
        
        
					
        
        <relations>
          
          
						
          
          <categories>
            
            
							
            
            <category classification="organizationActivityType" type="relatedOrganizationActivityType">
              
              
								
              
              <availableLanguages readOnly="true">en</availableLanguages>
              
              
								
              
              <code>/PRC</code>
              
              
								
              
              <title>Private for-profit entities (excluding Higher or Secondary Education Establishments)</title>
              
              
								
							
            
            </category>
            
            
						
          
          </categories>
          
          
						
          
          <regions>
            
            
							
            
            <region type="relatedRegion">
              
              
								
							
									
              
              <name>Germany</name>
              
              
									
              
              <nutsCode>DE</nutsCode>
              
              
									
              
              <euCode>DE</euCode>
              
              
									
              
              <isoCode>DE</isoCode>
              
              
									
              
              <rcn>221940264</rcn>
              
              
								
            
            </region>
            
            
						
          
          </regions>
          
          
					
        
        </relations>
        
        
				
      
      </organization>
      
      
			
      
      <organization ecContribution="19556.25" order="5" terminated="false" type="participant">
        
        
				
			
					
        
        <availableLanguages readOnly="true">en</availableLanguages>
        
        
					
        
        <rcn>2396460</rcn>
        
        
					
        
        <id>938583641</id>
        
        
					
        
        <vatNumber>DE274826130</vatNumber>
        
        
					
        
        <legalName>ERDBAR GMBH</legalName>
        
        
					
        
        <shortName>Speaking Products GmbH</shortName>
        
        
					
        
        <address>
          
          
						
          
          <street>MARIENBURGER STRASSE 18-19</street>
          
          
						
          
          <city>BERLIN</city>
          
          
						
          
          <postalCode>10405</postalCode>
          
          
						
          
          <country>DE</country>
          
          
					
        
        </address>
        
        
					
        
        <relations>
          
          
						
          
          <categories>
            
            
							
            
            <category classification="organizationActivityType" type="relatedOrganizationActivityType">
              
              
								
              
              <availableLanguages readOnly="true">en</availableLanguages>
              
              
								
              
              <code>/PRC</code>
              
              
								
              
              <title>Private for-profit entities (excluding Higher or Secondary Education Establishments)</title>
              
              
								
							
            
            </category>
            
            
						
          
          </categories>
          
          
						
          
          <regions>
            
            
							
            
            <region type="relatedRegion">
              
              
								
							
									
              
              <name>Germany</name>
              
              
									
              
              <nutsCode>DE</nutsCode>
              
              
									
              
              <euCode>DE</euCode>
              
              
									
              
              <isoCode>DE</isoCode>
              
              
									
              
              <rcn>221940264</rcn>
              
              
								
            
            </region>
            
            
						
          
          </regions>
          
          
					
        
        </relations>
        
        
				
      
      </organization>
      
      
			
      
      <organization ecContribution="75775" order="1" terminated="false" type="coordinator">
        
        
				
			
					
        
        <availableLanguages readOnly="true">en</availableLanguages>
        
        
					
        
        <rcn>2396456</rcn>
        
        
					
        
        <id>951470382</id>
        
        
					
        
        <vatNumber>DE285421329</vatNumber>
        
        
					
        
        <legalName>ELEA VERTRIEBS- UND VERMARKTUNGSGESELLSCHAFT MBH</legalName>
        
        
					
        
        <shortName>Elea</shortName>
        
        
					
        
        <address>
          
          
						
          
          <street>PROF.-VON-KLITZINGSTRASSE 7</street>
          
          
						
          
          <city>QUAKENBRUECK</city>
          
          
						
          
          <postalCode>49610</postalCode>
          
          
						
          
          <country>DE</country>
          
          
					
        
        </address>
        
        
					
        
        <relations>
          
          
						
          
          <categories>
            
            
							
            
            <category classification="organizationActivityType" type="relatedOrganizationActivityType">
              
              
								
              
              <availableLanguages readOnly="true">en</availableLanguages>
              
              
								
              
              <code>/PRC</code>
              
              
								
              
              <title>Private for-profit entities (excluding Higher or Secondary Education Establishments)</title>
              
              
								
							
            
            </category>
            
            
						
          
          </categories>
          
          
						
          
          <regions>
            
            
							
            
            <region type="relatedRegion">
              
              
								
							
									
              
              <name>Germany</name>
              
              
									
              
              <nutsCode>DE</nutsCode>
              
              
									
              
              <euCode>DE</euCode>
              
              
									
              
              <isoCode>DE</isoCode>
              
              
									
              
              <rcn>221940264</rcn>
              
              
								
            
            </region>
            
            
						
          
          </regions>
          
          
					
        
        </relations>
        
        
				
      
      </organization>
      
      
			
      
      <organization ecContribution="495125" order="2" terminated="false" type="participant">
        
        
				
			
					
        
        <availableLanguages readOnly="true">en</availableLanguages>
        
        
					
        
        <rcn>1906407</rcn>
        
        
					
        
        <id>999547365</id>
        
        
					
        
        <vatNumber>NL806511618B01</vatNumber>
        
        
					
        
        <legalName>STICHTING WAGENINGEN RESEARCH</legalName>
        
        
					
        
        <shortName>DLO</shortName>
        
        
					
        
        <address>
          
          
						
          
          <street>DROEVENDAALSESTEEG 4</street>
          
          
						
          
          <city>WAGENINGEN</city>
          
          
						
          
          <postalCode>6708 PB</postalCode>
          
          
						
          
          <country>NL</country>
          
          
						
          
          <postBox>9101</postBox>
          
          
						
          
          <url>http://www.wageningenur.nl/nl.htm</url>
          
          
					
        
        </address>
        
        
					
        
        <departmentName>LEI Wageningen UR</departmentName>
        
        
					
        
        <relations>
          
          
						
          
          <categories>
            
            
							
            
            <category classification="organizationActivityType" type="relatedOrganizationActivityType">
              
              
								
              
              <availableLanguages readOnly="true">en</availableLanguages>
              
              
								
              
              <code>/REC</code>
              
              
								
              
              <title>Research Organisations</title>
              
              
								
							
            
            </category>
            
            
						
          
          </categories>
          
          
						
          
          <regions>
            
            
							
            
            <region type="relatedRegion">
              
              
								
							
									
              
              <name>Netherlands</name>
              
              
									
              
              <nutsCode>NL</nutsCode>
              
              
									
              
              <euCode>NL</euCode>
              
              
									
              
              <isoCode>NL</isoCode>
              
              
									
              
              <rcn>391547432</rcn>
              
              
								
            
            </region>
            
            
						
          
          </regions>
          
          
					
        
        </relations>
        
        
				
      
      </organization>
      
      
			
      
      <programme type="relatedProgramme">
        
        
				
			
					
        
        <availableLanguages readOnly="true">de,en,es,fr,it,pl</availableLanguages>
        
        
					
        
        <rcn>664281</rcn>
        
        
					
        
        <code>H2020-EU.3.2.</code>
        
        
					
        
        <frameworkProgramme>H2020</frameworkProgramme>
        
        
					
        
        <pga>H2020-EU.3.2.</pga>
        
        
					
        
        <title>SOCIETAL CHALLENGES - Food security, sustainable agriculture and forestry, marine, maritime and inland water research, and the bioeconomy</title>
        
        
					
        
        <shortTitle>Food, agriculture, forestry, marine research and bioeconomy</shortTitle>
        
        
					
        
        <parent>
          
          
						
          
          <programme>
            
            
							
            
            <rcn>664235</rcn>
            
            
							
            
            <code>H2020-EU.3.</code>
            
            
							
            
            <parent>
              
              
								
              
              <programme>
                
                
									
                
                <rcn>664087</rcn>
                
                
									
                
                <code>H2020-EC</code>
                
                
									
                
                <parent>
                  
                  
										
                  
                  <programme>
                    
                    
											
                    
                    <rcn>664086</rcn>
                    
                    
											
                    
                    <code>H2020</code>
                    
                    
										
                  
                  </programme>
                  
                  
									
                
                </parent>
                
                
								
              
              </programme>
              
              
							
            
            </parent>
            
            
						
          
          </programme>
          
          
					
        
        </parent>
        
        
				
      
      </programme>
      
      
			
      
      <programme type="relatedSubProgramme">
        
        
				
			
					
        
        <availableLanguages readOnly="true">en</availableLanguages>
        
        
					
        
        <rcn>665741</rcn>
        
        
					
        
        <code>SFS-17-2014</code>
        
        
					
        
        <frameworkProgramme>H2020-Topics</frameworkProgramme>
        
        
					
        
        <title>Innovative solutions for sustainable novel food processing</title>
        
        
					
        
        <parent>
          
          
						
          
          <programme>
            
            
							
            
            <rcn>20200</rcn>
            
            
							
            
            <code>H2020-Topics</code>
            
            
						
          
          </programme>
          
          
					
        
        </parent>
        
        
				
      
      </programme>
      
      
			
      
      <result source="corda" type="relatedResult">
        
        
				
			
					
        
        <availableLanguages readOnly="true">en</availableLanguages>
        
        
					
        
        <rcn>206930</rcn>
        
        
					
        
        <title>Report on promotional material and scientific publications (draft M12)</title>
        
        
					
        
        <description>Task 5.3: Management of promotional material and scientific publications (IRTA, M1-M36) (yearly draft and final M12, M24, M36)
Promotional material such as leaflets, posters, brochures, folders, newsletters and press-releases will be produced to inform the general public on project activities. A project identity (logo and associated colour scheme etc) will be designed for promotional tools.
The distribution of such materials in events dedicated to SME-AG associates, food equipment producers, food and beverages manufacturers, will draw their attention towards the project activities and will interest these stakeholders in the consortium dissemination activities, promoting the knowledge take-up and technology implementation of their respective SMEs. 
Material may be translated by the partners themselves based on the approved English version. The partners will be actively involved in content generation for promotional material and dissemination.
Electronic newsletters will be sent every 6 months to the members and communication channels of some of the partners reaching a large number of stakeholders. Newsletter will also be posted on the project and individual partners’ websites.
Promotional videos (one per technology) will be prepared and disseminated to different channels: YouTube, partners’ websites, industrial associations’ websites, booths on food technology fairs, ...
Partners may present their research results at specific and popular science conferences, science days etc. and submit for publication in scientific journals in the food science &amp; technology field worldwide, once it is clarified that sensitive IP (e.g. with patent potential) will not be prematurely disclosed. 
Partners involved: IRTA, ISI, DIL, FBR, SPE, ELE, HOG, DMK, FC, ENTEX</description>
        
        
					
        
        <contentUpdateDate>2017-11-10 16:43:44</contentUpdateDate>
        
        
					
        
        <relations>
          
          
						
          
          <categories>
            
            
							
            
            <category classification="collection" type="belongsTo">
              
              
								
              
              <availableLanguages readOnly="true">de,en,es,fr,it,pl</availableLanguages>
              
              
								
              
              <code>/deliverable</code>
              
              
								
              
              <title>Project deliverable</title>
              
              
								
							
            
            </category>
            
            
							
            
            <category classification="deliverableType" type="isDeliveredAs">
              
              
								
              
              <availableLanguages readOnly="true">de,en,es,fr,it,pl</availableLanguages>
              
              
								
              
              <code>/DEC</code>
              
              
								
              
              <title>Websites, patent fillings, videos etc.</title>
              
              
								
							
            
            </category>
            
            
							
            
            <category classification="source" type="isProvidedBy">
              
              
								
              
              <availableLanguages readOnly="true">de,en,es,fr,it,pl</availableLanguages>
              
              
								
              
              <code>/corda</code>
              
              
								
              
              <title>CORDA</title>
              
              
								
							
            
            </category>
            
            
						
          
          </categories>
          
          
						
          
          <associations>
            
            
							
            
            <webLink source="corda" type="projectDeliverable">
              
              
								
							
									
              
              <language>en</language>
              
              
									
              
              <availableLanguages readOnly="true">en</availableLanguages>
              
              
									
              
              <url>https://www.ec.europa.eu/research/participants/documents/downloadPublic?documentIds=080166e5adf5a84f&amp;appId=PPGMS</url>
              
              
									
              
              <content>Documents download module Documents download module Document download Dear user, the requested document Attachment_0 is being prepared for download. Once the download is completed you may close this window by clicking on the close button. Close © European Commission  2018  - Documents download module - Version 2.6.0 - Build 20180216-0915</content>
              
              
								
            
            </webLink>
            
            
						
          
          </associations>
          
          
					
        
        </relations>
        
        
				
      
      </result>
      
      
			
      
      <result source="corda" type="relatedResult">
        
        
				
			
					
        
        <availableLanguages readOnly="true">en</availableLanguages>
        
        
					
        
        <rcn>206932</rcn>
        
        
					
        
        <title>Report on dissemination and demonstration events developed to promote project results (draft M12)</title>
        
        
					
        
        <description>Task 5.4: Dissemination and demonstration events (IRTA, M6-M36) (yearly draft and final, M12, M24, M36)
The project will host a variety of dissemination events, which will include stakeholder workshops and conferences, where feasible back to back with project meetings - These are workshops (which can be held at the same places than project meetings: M12 and M24 ) where project results will be disseminated to industrial users (all the technologies in each workshop). The specifics of these events will correspond to the planned work and results as they become available and defined in the Dissemination Plan (WP5.1) at the beginning of the project and updated throughout the project. Furthermore, partners may present the project and their research results at specific and popular science conferences, science days etc. once it is clarified that sensitive IP (e.g. with patent potential) will not be prematurely disclosed. 
An industry associated group (IAG) will be implemented where companies interested in the technologies can participate, profiting from the positive experience e.g. gained in the Associated Membership Platform of HighTech Europe or the Industrial Advisory Board of NovelQ. These companies will give input on the project actively ensuring and directing the applicability for industrial implementation.
The members of IAG will be addressed for demonstration days of WP5, typically for 0.5-1 day testing of their products in a confidential environment (Three for each technology: PEF-F, HPTS and LS-Extrusion) and more organised in the form of page 42: open demo-workshops with presentations and a practical demonstration (one for each technology). These are demo workshops specific for each technology to be held in the facilities of DIL and FBR, with a practical demonstration with a case study, between M24 and M36 
The i³-Food partners will jointly present at two booths the technology potential of the prioritised technologies at renowned food technology fairs (e.g. BTA Barcelona, SIAL Paris). The Wiki-based knowledge portal Food TIP of HighTech Europe will be used to transfer project findings. At least three new technology data sheets will be written for Food TIP and if needed existing data sheets related to the investigated technologies will be updated if new findings are available. It is anticipated that exhibition presence at international fair and conferences will attract potential end users of the developed results.
Synergies will be sought with relevant projects to hold joint events to enhance impact and share costs.
Partners involved: IRTA, ISI, DIL, FBR, SPE, ELE, HOG, DMK, FC, ENTEX

also month 24 and 36</description>
        
        
					
        
        <contentUpdateDate>2017-11-10 16:43:48</contentUpdateDate>
        
        
					
        
        <relations>
          
          
						
          
          <categories>
            
            
							
            
            <category classification="collection" type="belongsTo">
              
              
								
              
              <availableLanguages readOnly="true">de,en,es,fr,it,pl</availableLanguages>
              
              
								
              
              <code>/deliverable</code>
              
              
								
              
              <title>Project deliverable</title>
              
              
								
							
            
            </category>
            
            
							
            
            <category classification="deliverableType" type="isDeliveredAs">
              
              
								
              
              <availableLanguages readOnly="true">de,en,es,fr,it,pl</availableLanguages>
              
              
								
              
              <code>/R</code>
              
              
								
              
              <title>Document, report</title>
              
              
								
							
            
            </category>
            
            
							
            
            <category classification="source" type="isProvidedBy">
              
              
								
              
              <availableLanguages readOnly="true">de,en,es,fr,it,pl</availableLanguages>
              
              
								
              
              <code>/corda</code>
              
              
								
              
              <title>CORDA</title>
              
              
								
							
            
            </category>
            
            
						
          
          </categories>
          
          
						
          
          <associations>
            
            
							
            
            <webLink source="corda" type="projectDeliverable">
              
              
								
							
									
              
              <language>en</language>
              
              
									
              
              <availableLanguages readOnly="true">en</availableLanguages>
              
              
									
              
              <url>https://www.ec.europa.eu/research/participants/documents/downloadPublic?documentIds=080166e5adf5abf2&amp;appId=PPGMS</url>
              
              
									
              
              <content>Documents download module Documents download module Document download Dear user, the requested document Attachment_0 is being prepared for download. Once the download is completed you may close this window by clicking on the close button. Close © European Commission  2018  - Documents download module - Version 2.6.0 - Build 20180216-0915</content>
              
              
								
            
            </webLink>
            
            
						
          
          </associations>
          
          
					
        
        </relations>
        
        
				
      
      </result>
      
      
			
      
      <result source="corda" type="relatedResult">
        
        
				
			
					
        
        <availableLanguages readOnly="true">en</availableLanguages>
        
        
					
        
        <rcn>206929</rcn>
        
        
					
        
        <title>Project website</title>
        
        
					
        
        <description>Task 5.1: Design, creation and maintenance of the project website (M6)
Task leader: IRTA / Participants: all partners
The project website will hold two sections: a public and a private domain. The public domain will contain general information about the project objectives, ongoing activities and dissemination events; whereas the private domain, only accessible to the consortium and the EC, will host internal documents, reports, meeting summaries and will serve as information exchange and communication platform between the partners. The website should be operable at M 6 and will be periodically updated and will be modified according to needs of the project activities.
Partners involved: IRTA, ISI, DIL, FBR, SPE, ELE, HOG, DMK, FC, ENTEX</description>
        
        
					
        
        <contentUpdateDate>2017-11-10 16:43:40</contentUpdateDate>
        
        
					
        
        <relations>
          
          
						
          
          <categories>
            
            
							
            
            <category classification="collection" type="belongsTo">
              
              
								
              
              <availableLanguages readOnly="true">de,en,es,fr,it,pl</availableLanguages>
              
              
								
              
              <code>/deliverable</code>
              
              
								
              
              <title>Project deliverable</title>
              
              
								
							
            
            </category>
            
            
							
            
            <category classification="deliverableType" type="isDeliveredAs">
              
              
								
              
              <availableLanguages readOnly="true">de,en,es,fr,it,pl</availableLanguages>
              
              
								
              
              <code>/DEC</code>
              
              
								
              
              <title>Websites, patent fillings, videos etc.</title>
              
              
								
							
            
            </category>
            
            
							
            
            <category classification="source" type="isProvidedBy">
              
              
								
              
              <availableLanguages readOnly="true">de,en,es,fr,it,pl</availableLanguages>
              
              
								
              
              <code>/corda</code>
              
              
								
              
              <title>CORDA</title>
              
              
								
							
            
            </category>
            
            
						
          
          </categories>
          
          
						
          
          <associations>
            
            
							
            
            <webLink source="corda" type="projectDeliverable">
              
              
								
							
									
              
              <language>en</language>
              
              
									
              
              <availableLanguages readOnly="true">en</availableLanguages>
              
              
									
              
              <url>https://www.ec.europa.eu/research/participants/documents/downloadPublic?documentIds=080166e5adf5aace&amp;appId=PPGMS</url>
              
              
									
              
              <content>Documents download module Documents download module Document download Dear user, the requested document Attachment_0 is being prepared for download. Once the download is completed you may close this window by clicking on the close button. Close © European Commission  2018  - Documents download module - Version 2.6.0 - Build 20180216-0915</content>
              
              
								
            
            </webLink>
            
            
						
          
          </associations>
          
          
					
        
        </relations>
        
        
				
      
      </result>
      
      
			
      
      <result type="relatedResult">
        
        
				
			
					
        
        <availableLanguages readOnly="true">en</availableLanguages>
        
        
					
        
        <rcn>205323</rcn>
        
        
					
        
        <title>Periodic Reporting for period 1 - i3-Food (Process integration for rapid implementation of sustainable innovative food processing)</title>
        
        
					
        
        <teaser>The main objective of i³-food is the implementation of 3 innovative food processing technologies: 1. Pulsed Electric Field preservation (PEF-P) of liquid food products  2.High pressure thermal sterilization (HPTS)  3. Low shear extrusion of cold food products A congeneric set...</teaser>
        
        
					
        
        <description>periodic</description>
        
        
					
        
        <contentUpdateDate>2017-11-21 10:09:49</contentUpdateDate>
        
        
					
        
        <relations>
          
          
						
          
          <categories>
            
            
							
            
            <category classification="collection" type="belongsTo">
              
              
								
              
              <availableLanguages readOnly="true">de,en,es,fr,it,pl</availableLanguages>
              
              
								
              
              <code>/pubsum</code>
              
              
								
              
              <title>Report Summary</title>
              
              
								
							
            
            </category>
            
            
							
            
            <category classification="resultCategory" type="relatedResultCategory">
              
              
								
              
              <availableLanguages readOnly="true">en</availableLanguages>
              
              
								
              
              <code>/report</code>
              
              
								
              
              <title>Report summary</title>
              
              
								
							
            
            </category>
            
            
							
            
            <category classification="source" type="isProvidedBy">
              
              
								
              
              <availableLanguages readOnly="true">de,en,es,fr,it,pl</availableLanguages>
              
              
								
              
              <code>/corda</code>
              
              
								
              
              <title>CORDA</title>
              
              
								
							
            
            </category>
            
            
						
          
          </categories>
          
          
						
          
          <associations>
            
            
							
            
            <webItem source="corda" type="relatedResultAttachment">
              
              
								
							
									
              
              <language>en</language>
              
              
									
              
              <availableLanguages readOnly="true">en,any</availableLanguages>
              
              
									
              
              <uri>/docs/results/h2020/635/635478_PS/i3-food-interlocking-of-work-packages.png</uri>
              
              
									
              
              <alternativeText>scheme demonstration the interlocking of Work Packages in i3-food</alternativeText>
              
              
									
              
              <mimetype readOnly="true">image/png</mimetype>
              
              
									
              
              <size readOnly="true">0</size>
              
              
								
            
            </webItem>
            
            
							
            
            <webLink source="corda" type="relatedWebsite">
              
              
								
							
									
              
              <language>en</language>
              
              
									
              
              <availableLanguages readOnly="true">en</availableLanguages>
              
              
									
              
              <url>http://i3food.eu/project-overview/</url>
              
              
									
              
              <content>Project Overview | i3-Food Consortium area MENUMENU About Project Overview Impact Management Structure Scientific Methodology and Work Packages Consortium The Consortium Partners News Media Outputs Public deliverables Roadmaps for market uptake Project newsletters Events Contact Project Overview The i3-food project will achieve an optimum process control, leading to application of 3 food processing technologies under real life operating conditions. This will be done by demonstrating and piloting in a near to operational environment of applicable validation systems for each technology. We will define a scientific and cutting edge strategy for overcoming the market barriers ensuring a fast and wide market uptake. Finally, our multidisciplinary endeavor will connect and amplify the EU strengths in advanced technologies research. This project is supported by the European Commission under the H2020 Framework Programmes for Research and Technological Development.   Novel food processing technologies have been further developed in recent years and decades. Although technical advantages have been made in terms of time savings, energy savings, extending of shelf life for retailers and ‘ready to use’ products, the implementation of these technologies in industrial food production is often still rather limited. The reasons for that are manifold and vary from low acceptance or rejection by consumers (e.g. ionizing radiation of food), to non-open market access or lack of knowledge and information among food producers on how to integrate novel technologies. An applicable validation system for integrating these technologies one by one based on a generally approach is missing. Taking the risk and investing in an improvement of their processing lines is one of the main hurdles for the industry, especially for small and medium-sized enterprises (SME) in food processing. There is neither the time nor the resources available that are needed for the implementation of new non-standard processes. The overall objective of i³-food is the implementation of three prioritised innovative food processing technologies by validation of optimum process control under industrial conditions. Three technologies prioritised in i³-Food are: · Pulsed Electric Field preservation (PEF-P) of liquid food products (e.g. fruit juices or smoothies); · High pressure thermal sterilization (HPTS) for ready-to-eat-meals · Low shear extrusion of cold food products (ice cream). A connatural set of both technical (missing online sensors) and process conditioned bottlenecks does exist which hinders their uptake by industry and in the market. Therefore, optimum process control will be achieved in i³-Food leading to application under real life operating conditions by demonstrating and piloting in a near to operational environment of applicable validation systems, for each technology. For rapid and easy market uptake an analysis of the innovation environment and identification of opportunities will be performed (in phase 1) as well as road-mapping for market penetration per technology (in phase 2). This integrated approach will provide maximal synergies in between the 3 afore-mentioned technologies. Application opportunities beyond the known use cases will be explored, as well. A scientific cutting edge strategy for overcoming the market barriers ensuring rapid and maximum market uptake will be defined. A clear description of possible applications and potential benefits will serve as an excellent basis for the dissemination activities. i³-Food will extremely benefit from results of national, trans-national and European food technology projects Our project partners of i³-food have outstanding expertise in the field of PEF, high pressure and extrusion application as well as high competences in system and innovation research. Thus, the multidisciplinary endeavor will connect and amplify the EU strengths in bringing advanced technologies into European practice. Follow us: Recent news The i3-project is present at the Anuga FoodTec 2018 28/03/2018 The i3-food project reaches the goal 05/03/2018 Final clip: “i3-food. New treatments for safer food” 04/03/2018 Subscribe to our newsletter * indicates required Email Address * First Name Last Name Company Interested in: Pulsed Electric Field preservation High pressure thermal sterilization Low shear extrusion i3-Food: "Process integration for rapid implementation of sustainable innovative food processing" is funded by the Horizon 2020 EU Research and Innovation programme. Consortium: Copyright © 2016 IRTA Communication.</content>
              
              
								
            
            </webLink>
            
            
						
          
          </associations>
          
          
					
        
        </relations>
        
        
				
      
      </result>
      
      
		
    
    </associations>
    
    
		
    
    <categories>
      
      
			
      
      <category classification="projectFundingSchemeCategory" type="relatedProjectFundingSchemeCategory">
        
        
				
        
        <availableLanguages readOnly="true">en</availableLanguages>
        
        
				
        
        <code>/IA</code>
        
        
				
        
        <title>Innovation action</title>
        
        
				
			
      
      </category>
      
      
		
    
    </categories>
    
    
	
  
  </relations>
  
  
	


</project>

