<?xml version="1.0" encoding="UTF-8"?>
<project xmlns="http://cordis.europa.eu">
  
  
	
	
  
  <language>en</language>
  
  
	
  
  <availableLanguages readOnly="true">en</availableLanguages>
  
  
	
  
  <rcn>193434</rcn>
  
  
	
  
  <reference>636882</reference>
  
  
	
  
  <acronym>FoFAM</acronym>
  
  
	
  
  <teaser>Additive manufacturing (AM) has been highlighted as a key technology with potential for creating sustainable high value European based employment, addressing societal issues and supporting environmental sustainability. The processes based on Additive Manufacturing spans many...</teaser>
  
  
	
  
  <objective>Additive manufacturing (AM) has been highlighted as a key technology with potential for creating sustainable high value European based employment, addressing societal issues and supporting environmental sustainability. The processes based on Additive Manufacturing spans many industries, including automotive, medical, aeronautics, defense, capital and consumer goods and do-it-yourself concept, energy, etc. AM has demonstrated to possess the capability to generate future revenues, to develop novel disruptive business models, not seen up to date, that could help to keep manufacturing in Europe competing with emergent countries. 

All those are heavyweight reasons for Europe to make specific efforts to define a plan of action in the field. This strategy should include detail implementation plan defining innovation sectorial chains from design phase to target commercial products. It should define TRL aspect in each link of the chains, type of stakeholders to carry out the tasks, timeline and priorities. Moreover, in order to have a complete success should also involve not only technology stakeholders but also policy makers.

On this basis, FoFAM project takes up the challenge of clustering technology developments on AM and place them into defined value chains in lead markets for Europe. The project intends to identify gaps for business development and to attack them with specific actions and timeline. It also includes high involvement of European regions to ensure an efficient use of structural funds associated to them. FoFAM also address not only technological aspects but also aims at identifying other horizontal economical and societal issues that will be taken into consideration to ensure AM industrial deployment. 

To involve high number of key stakeholders , the project has achieved the support of project coordinators of FoF projects, European Technology Platforms, EFFRA, European Business and Innovation  and  European Regions Research and Innovation Networks.</objective>
  
  
	
  
  <title>Industrial and regional valorization of FoF Additive Manufacturing Projects</title>
  
  
	
  
  <totalCost>348210</totalCost>
  
  
	
  
  <ecMaxContribution>348210</ecMaxContribution>
  
  
	
  
  <startDate>2015-01-01</startDate>
  
  
	
  
  <endDate>2016-12-31</endDate>
  
  
	
  
  <contract>
    
    
		
    
    <duration>24</duration>
    
    
	
  
  </contract>
  
  
	
  
  <status>SIGNED</status>
  
  
	
  
  <sourceUpdateDate>2017-10-17 13:14:25</sourceUpdateDate>
  
  
	
  
  <contentCreationDate readOnly="true">2015-05-05 16:17:39</contentCreationDate>
  
  
	
  
  <contentUpdateDate>2015-10-30 09:20:54</contentUpdateDate>
  
  
	
  
  <lastUpdateDate readOnly="true">2017-11-10 17:16:44</lastUpdateDate>
  
  
	
  
  <relations>
    
    
		
    
    <associations>
      
      
			
      
      <call type="relatedCall">
        
        
				
			
					
        
        <rcn>654</rcn>
        
        
					
        
        <title>H2020-FoF-2014</title>
        
        
					
        
        <identifier>H2020-FoF-2014</identifier>
        
        
				
      
      </call>
      
      
			
      
      <organization ecContribution="81625" order="3" terminated="false" type="participant">
        
        
				
			
					
        
        <availableLanguages readOnly="true">en</availableLanguages>
        
        
					
        
        <rcn>2055419</rcn>
        
        
					
        
        <id>997382713</id>
        
        
					
        
        <vatNumber>BE0885520027</vatNumber>
        
        
					
        
        <legalName>EUROPEAN REGIONS RESEARCH AND INNOVATION NETWORK ASBL</legalName>
        
        
					
        
        <shortName>ERRIN</shortName>
        
        
					
        
        <address>
          
          
						
          
          <street>RUE DE LUXEMBOURG 3</street>
          
          
						
          
          <city>BRUXELLES</city>
          
          
						
          
          <postalCode>1000</postalCode>
          
          
						
          
          <country>BE</country>
          
          
						
          
          <url>www.errin.eu</url>
          
          
					
        
        </address>
        
        
					
        
        <departmentName>ERRIN Secretariat</departmentName>
        
        
					
        
        <relations>
          
          
						
          
          <categories>
            
            
							
            
            <category classification="organizationActivityType" type="relatedOrganizationActivityType">
              
              
								
              
              <availableLanguages readOnly="true">en</availableLanguages>
              
              
								
              
              <code>/OTH</code>
              
              
								
              
              <title>Other</title>
              
              
								
							
            
            </category>
            
            
						
          
          </categories>
          
          
						
          
          <regions>
            
            
							
            
            <region type="relatedRegion">
              
              
								
							
									
              
              <name>Belgium</name>
              
              
									
              
              <nutsCode>BE</nutsCode>
              
              
									
              
              <euCode>BE</euCode>
              
              
									
              
              <isoCode>BE</isoCode>
              
              
									
              
              <rcn>188385832</rcn>
              
              
								
            
            </region>
            
            
						
          
          </regions>
          
          
					
        
        </relations>
        
        
				
      
      </organization>
      
      
			
      
      <organization ecContribution="89775" order="2" terminated="false" type="participant">
        
        
				
			
					
        
        <availableLanguages readOnly="true">en</availableLanguages>
        
        
					
        
        <rcn>1906036</rcn>
        
        
					
        
        <id>999988909</id>
        
        
					
        
        <vatNumber>NL002875718B01</vatNumber>
        
        
					
        
        <legalName>NEDERLANDSE ORGANISATIE VOOR TOEGEPAST NATUURWETENSCHAPPELIJK ONDERZOEK TNO</legalName>
        
        
					
        
        <shortName>TNO</shortName>
        
        
					
        
        <address>
          
          
						
          
          <street>ANNA VAN BUERENPLEIN 1</street>
          
          
						
          
          <city>DEN HAAG</city>
          
          
						
          
          <postalCode>2595 DA</postalCode>
          
          
						
          
          <country>NL</country>
          
          
						
          
          <postBox>000</postBox>
          
          
						
          
          <url>www.tno.nl</url>
          
          
					
        
        </address>
        
        
					
        
        <departmentName>Industrial Innovation</departmentName>
        
        
					
        
        <relations>
          
          
						
          
          <categories>
            
            
							
            
            <category classification="organizationActivityType" type="relatedOrganizationActivityType">
              
              
								
              
              <availableLanguages readOnly="true">en</availableLanguages>
              
              
								
              
              <code>/REC</code>
              
              
								
              
              <title>Research Organisations</title>
              
              
								
							
            
            </category>
            
            
						
          
          </categories>
          
          
						
          
          <regions>
            
            
							
            
            <region type="relatedRegion">
              
              
								
							
									
              
              <name>Netherlands</name>
              
              
									
              
              <nutsCode>NL</nutsCode>
              
              
									
              
              <euCode>NL</euCode>
              
              
									
              
              <isoCode>NL</isoCode>
              
              
									
              
              <rcn>391547432</rcn>
              
              
								
            
            </region>
            
            
						
          
          </regions>
          
          
					
        
        </relations>
        
        
				
      
      </organization>
      
      
			
      
      <organization ecContribution="120435" order="1" terminated="false" type="coordinator">
        
        
				
			
					
        
        <availableLanguages readOnly="true">en</availableLanguages>
        
        
					
        
        <rcn>2073350</rcn>
        
        
					
        
        <id>997171738</id>
        
        
					
        
        <vatNumber>ESG33914557</vatNumber>
        
        
					
        
        <legalName>FUNDACION PRODINTEC</legalName>
        
        
					
        
        <shortName>PRODINTEC</shortName>
        
        
					
        
        <address>
          
          
						
          
          <street>Avenida Jardin Botanico - Parque Cientifico y Tecnologico Zona Intra 1345</street>
          
          
						
          
          <city>Gijon</city>
          
          
						
          
          <postalCode>33203</postalCode>
          
          
						
          
          <country>ES</country>
          
          
						
          
          <url>www.prodintec.com</url>
          
          
					
        
        </address>
        
        
					
        
        <departmentName>External Relations</departmentName>
        
        
					
        
        <relations>
          
          
						
          
          <categories>
            
            
							
            
            <category classification="organizationActivityType" type="relatedOrganizationActivityType">
              
              
								
              
              <availableLanguages readOnly="true">en</availableLanguages>
              
              
								
              
              <code>/REC</code>
              
              
								
              
              <title>Research Organisations</title>
              
              
								
							
            
            </category>
            
            
						
          
          </categories>
          
          
						
          
          <regions>
            
            
							
            
            <region type="relatedRegion">
              
              
								
							
									
              
              <name>Spain</name>
              
              
									
              
              <nutsCode>ES</nutsCode>
              
              
									
              
              <euCode>ES</euCode>
              
              
									
              
              <isoCode>ES</isoCode>
              
              
									
              
              <rcn>242387496</rcn>
              
              
								
            
            </region>
            
            
						
          
          </regions>
          
          
					
        
        </relations>
        
        
				
      
      </organization>
      
      
			
      
      <organization ecContribution="56375" order="4" terminated="false" type="participant">
        
        
				
			
					
        
        <availableLanguages readOnly="true">en</availableLanguages>
        
        
					
        
        <rcn>1906165</rcn>
        
        
					
        
        <id>999912764</id>
        
        
					
        
        <vatNumber>GB700170889</vatNumber>
        
        
					
        
        <legalName>TWI LIMITED</legalName>
        
        
					
        
        <shortName>TWI LIMITED</shortName>
        
        
					
        
        <address>
          
          
						
          
          <street>GRANTA PARK GREAT ABINGTON</street>
          
          
						
          
          <city>CAMBRIDGE</city>
          
          
						
          
          <postalCode>00216</postalCode>
          
          
						
          
          <country>UK</country>
          
          
						
          
          <postBox>000</postBox>
          
          
						
          
          <url>www.twi.co.uk</url>
          
          
					
        
        </address>
        
        
					
        
        <departmentName>N/A</departmentName>
        
        
					
        
        <relations>
          
          
						
          
          <categories>
            
            
							
            
            <category classification="organizationActivityType" type="relatedOrganizationActivityType">
              
              
								
              
              <availableLanguages readOnly="true">en</availableLanguages>
              
              
								
              
              <code>/REC</code>
              
              
								
              
              <title>Research Organisations</title>
              
              
								
							
            
            </category>
            
            
						
          
          </categories>
          
          
						
          
          <regions>
            
            
							
            
            <region type="relatedRegion">
              
              
								
							
									
              
              <name>United Kingdom</name>
              
              
									
              
              <nutsCode>UK</nutsCode>
              
              
									
              
              <euCode>UK</euCode>
              
              
									
              
              <isoCode>GB</isoCode>
              
              
									
              
              <rcn>508725800</rcn>
              
              
								
            
            </region>
            
            
						
          
          </regions>
          
          
					
        
        </relations>
        
        
				
      
      </organization>
      
      
			
      
      <programme type="relatedSubProgramme">
        
        
				
			
					
        
        <availableLanguages readOnly="true">en</availableLanguages>
        
        
					
        
        <rcn>665046</rcn>
        
        
					
        
        <code>FoF-07-2014</code>
        
        
					
        
        <frameworkProgramme>H2020-Topics</frameworkProgramme>
        
        
					
        
        <title>Support for the enhancement of the impact of FoF PPP projects</title>
        
        
					
        
        <parent>
          
          
						
          
          <programme>
            
            
							
            
            <rcn>20200</rcn>
            
            
							
            
            <code>H2020-Topics</code>
            
            
						
          
          </programme>
          
          
					
        
        </parent>
        
        
				
      
      </programme>
      
      
			
      
      <programme type="relatedProgramme">
        
        
				
			
					
        
        <availableLanguages readOnly="true">de,en,es,fr,it,pl</availableLanguages>
        
        
					
        
        <rcn>664199</rcn>
        
        
					
        
        <code>H2020-EU.2.1.5.1.</code>
        
        
					
        
        <frameworkProgramme>H2020</frameworkProgramme>
        
        
					
        
        <pga>H2020-EU.2.1.5.1.</pga>
        
        
					
        
        <title>Technologies for Factories of the Future</title>
        
        
					
        
        <shortTitle>Technologies for Factories of the Future</shortTitle>
        
        
					
        
        <parent>
          
          
						
          
          <programme>
            
            
							
            
            <rcn>664197</rcn>
            
            
							
            
            <code>H2020-EU.2.1.5.</code>
            
            
							
            
            <parent>
              
              
								
              
              <programme>
                
                
									
                
                <rcn>664145</rcn>
                
                
									
                
                <code>H2020-EU.2.1.</code>
                
                
									
                
                <parent>
                  
                  
										
                  
                  <programme>
                    
                    
											
                    
                    <rcn>664143</rcn>
                    
                    
											
                    
                    <code>H2020-EU.2.</code>
                    
                    
											
                    
                    <parent>
                      
                      
												
                      
                      <programme>
                        
                        
													
                        
                        <rcn>664087</rcn>
                        
                        
													
                        
                        <code>H2020-EC</code>
                        
                        
													
                        
                        <parent>
                          
                          
														
                          
                          <programme>
                            
                            
															
                            
                            <rcn>664086</rcn>
                            
                            
															
                            
                            <code>H2020</code>
                            
                            
														
                          
                          </programme>
                          
                          
													
                        
                        </parent>
                        
                        
												
                      
                      </programme>
                      
                      
											
                    
                    </parent>
                    
                    
										
                  
                  </programme>
                  
                  
									
                
                </parent>
                
                
								
              
              </programme>
              
              
							
            
            </parent>
            
            
						
          
          </programme>
          
          
					
        
        </parent>
        
        
				
      
      </programme>
      
      
			
      
      <result source="corda" type="relatedResult">
        
        
				
			
					
        
        <availableLanguages readOnly="true">en</availableLanguages>
        
        
					
        
        <rcn>207239</rcn>
        
        
					
        
        <title>Report on non-technological activities</title>
        
        
					
        
        <description>Report on non-Technological activities such as regulation, standardisation and IPR management.</description>
        
        
					
        
        <contentUpdateDate>2017-11-10 17:13:43</contentUpdateDate>
        
        
					
        
        <relations>
          
          
						
          
          <categories>
            
            
							
            
            <category classification="collection" type="belongsTo">
              
              
								
              
              <availableLanguages readOnly="true">de,en,es,fr,it,pl</availableLanguages>
              
              
								
              
              <code>/deliverable</code>
              
              
								
              
              <title>Project deliverable</title>
              
              
								
							
            
            </category>
            
            
							
            
            <category classification="deliverableType" type="isDeliveredAs">
              
              
								
              
              <availableLanguages readOnly="true">de,en,es,fr,it,pl</availableLanguages>
              
              
								
              
              <code>/R</code>
              
              
								
              
              <title>Document, report</title>
              
              
								
							
            
            </category>
            
            
							
            
            <category classification="source" type="isProvidedBy">
              
              
								
              
              <availableLanguages readOnly="true">de,en,es,fr,it,pl</availableLanguages>
              
              
								
              
              <code>/corda</code>
              
              
								
              
              <title>CORDA</title>
              
              
								
							
            
            </category>
            
            
						
          
          </categories>
          
          
						
          
          <associations>
            
            
							
            
            <webLink source="corda" type="projectDeliverable">
              
              
								
							
									
              
              <language>en</language>
              
              
									
              
              <availableLanguages readOnly="true">en</availableLanguages>
              
              
									
              
              <url>https://www.ec.europa.eu/research/participants/documents/downloadPublic?documentIds=080166e5a6deea9a&amp;appId=PPGMS</url>
              
              
									
              
              <content>Documents download module Documents download module Document download Dear user, the requested document Attachment_0 is being prepared for download. Once the download is completed you may close this window by clicking on the close button. Close © European Commission  2018  - Documents download module - Version 2.6.0 - Build 20180216-0915</content>
              
              
								
            
            </webLink>
            
            
						
          
          </associations>
          
          
					
        
        </relations>
        
        
				
      
      </result>
      
      
			
      
      <result source="corda" type="relatedResult">
        
        
				
			
					
        
        <availableLanguages readOnly="true">en</availableLanguages>
        
        
					
        
        <rcn>207229</rcn>
        
        
					
        
        <title>Report on FoF AM projects</title>
        
        
					
        
        <description>Report containing the analysis of the outcomes of European projects either completed or on-going in the last 3 years under the umbrella of FoF public-private partnership, Other key projects, initiatives, and technological developments that can influence in the development of AM technology will be also reviewed and included.</description>
        
        
					
        
        <contentUpdateDate>2017-11-10 17:13:19</contentUpdateDate>
        
        
					
        
        <relations>
          
          
						
          
          <categories>
            
            
							
            
            <category classification="collection" type="belongsTo">
              
              
								
              
              <availableLanguages readOnly="true">de,en,es,fr,it,pl</availableLanguages>
              
              
								
              
              <code>/deliverable</code>
              
              
								
              
              <title>Project deliverable</title>
              
              
								
							
            
            </category>
            
            
							
            
            <category classification="deliverableType" type="isDeliveredAs">
              
              
								
              
              <availableLanguages readOnly="true">de,en,es,fr,it,pl</availableLanguages>
              
              
								
              
              <code>/R</code>
              
              
								
              
              <title>Document, report</title>
              
              
								
							
            
            </category>
            
            
							
            
            <category classification="source" type="isProvidedBy">
              
              
								
              
              <availableLanguages readOnly="true">de,en,es,fr,it,pl</availableLanguages>
              
              
								
              
              <code>/corda</code>
              
              
								
              
              <title>CORDA</title>
              
              
								
							
            
            </category>
            
            
						
          
          </categories>
          
          
						
          
          <associations>
            
            
							
            
            <webLink source="corda" type="projectDeliverable">
              
              
								
							
									
              
              <language>en</language>
              
              
									
              
              <availableLanguages readOnly="true">en</availableLanguages>
              
              
									
              
              <url>https://www.ec.europa.eu/research/participants/documents/downloadPublic?documentIds=080166e5a0740740&amp;appId=PPGMS</url>
              
              
									
              
              <content>Documents download module Documents download module Document download Dear user, the requested document Attachment_0 is being prepared for download. Once the download is completed you may close this window by clicking on the close button. Close © European Commission  2018  - Documents download module - Version 2.6.0 - Build 20180216-0915</content>
              
              
								
            
            </webLink>
            
            
						
          
          </associations>
          
          
					
        
        </relations>
        
        
				
      
      </result>
      
      
			
      
      <result source="corda" type="relatedResult">
        
        
				
			
					
        
        <availableLanguages readOnly="true">en</availableLanguages>
        
        
					
        
        <rcn>207227</rcn>
        
        
					
        
        <title>FoFAM website</title>
        
        
					
        
        <description>Project website. All relevant general information about the project will be fully uploaded (e.g. objectives, members, news, events, etc.).</description>
        
        
					
        
        <contentUpdateDate>2017-11-10 17:13:15</contentUpdateDate>
        
        
					
        
        <relations>
          
          
						
          
          <categories>
            
            
							
            
            <category classification="collection" type="belongsTo">
              
              
								
              
              <availableLanguages readOnly="true">de,en,es,fr,it,pl</availableLanguages>
              
              
								
              
              <code>/deliverable</code>
              
              
								
              
              <title>Project deliverable</title>
              
              
								
							
            
            </category>
            
            
							
            
            <category classification="deliverableType" type="isDeliveredAs">
              
              
								
              
              <availableLanguages readOnly="true">de,en,es,fr,it,pl</availableLanguages>
              
              
								
              
              <code>/DEC</code>
              
              
								
              
              <title>Websites, patent fillings, videos etc.</title>
              
              
								
							
            
            </category>
            
            
							
            
            <category classification="source" type="isProvidedBy">
              
              
								
              
              <availableLanguages readOnly="true">de,en,es,fr,it,pl</availableLanguages>
              
              
								
              
              <code>/corda</code>
              
              
								
              
              <title>CORDA</title>
              
              
								
							
            
            </category>
            
            
						
          
          </categories>
          
          
						
          
          <associations>
            
            
							
            
            <webLink source="corda" type="projectDeliverable">
              
              
								
							
									
              
              <language>en</language>
              
              
									
              
              <availableLanguages readOnly="true">en</availableLanguages>
              
              
									
              
              <url>https://www.ec.europa.eu/research/participants/documents/downloadPublic?documentIds=080166e59e1225e2&amp;appId=PPGMS</url>
              
              
									
              
              <content>Documents download module Documents download module Document download Dear user, the requested document Attachment_0 is being prepared for download. Once the download is completed you may close this window by clicking on the close button. Close © European Commission  2018  - Documents download module - Version 2.6.0 - Build 20180216-0915</content>
              
              
								
            
            </webLink>
            
            
						
          
          </associations>
          
          
					
        
        </relations>
        
        
				
      
      </result>
      
      
			
      
      <result type="relatedResult">
        
        
				
			
					
        
        <availableLanguages readOnly="true">en</availableLanguages>
        
        
					
        
        <rcn>185362</rcn>
        
        
					
        
        <title>Periodic Reporting for period 2 - FoFAM (Industrial and regional valorization of FoF Additive Manufacturing Projects)</title>
        
        
					
        
        <teaser>Additive manufacturing (AM) has been highlighted as a key technology with potential for creating sustainable high value European based employment, addressing societal issues and supporting environmental sustainability. The processes based on AM spans many industries, including...</teaser>
        
        
					
        
        <description>periodic</description>
        
        
					
        
        <contentUpdateDate>2016-06-28 15:00:48</contentUpdateDate>
        
        
					
        
        <relations>
          
          
						
          
          <categories>
            
            
							
            
            <category classification="collection" type="belongsTo">
              
              
								
              
              <availableLanguages readOnly="true">de,en,es,fr,it,pl</availableLanguages>
              
              
								
              
              <code>/pubsum</code>
              
              
								
              
              <title>Report Summary</title>
              
              
								
							
            
            </category>
            
            
							
            
            <category classification="resultCategory" type="relatedResultCategory">
              
              
								
              
              <availableLanguages readOnly="true">en</availableLanguages>
              
              
								
              
              <code>/report</code>
              
              
								
              
              <title>Report summary</title>
              
              
								
							
            
            </category>
            
            
							
            
            <category classification="source" type="isProvidedBy">
              
              
								
              
              <availableLanguages readOnly="true">de,en,es,fr,it,pl</availableLanguages>
              
              
								
              
              <code>/corda</code>
              
              
								
              
              <title>CORDA</title>
              
              
								
							
            
            </category>
            
            
						
          
          </categories>
          
          
						
          
          <associations>
            
            
							
            
            <webItem source="corda" type="relatedResultAttachment">
              
              
								
							
									
              
              <language>en</language>
              
              
									
              
              <availableLanguages readOnly="true">en,any</availableLanguages>
              
              
									
              
              <uri>/docs/results/h2020/636/636882_PS/logo-fofam.jpg</uri>
              
              
									
              
              <alternativeText>Project logo</alternativeText>
              
              
									
              
              <mimetype readOnly="true">image/jpeg</mimetype>
              
              
									
              
              <size readOnly="true">0</size>
              
              
								
            
            </webItem>
            
            
							
            
            <webLink source="corda" type="relatedWebsite">
              
              
								
							
									
              
              <language>en</language>
              
              
									
              
              <availableLanguages readOnly="true">en</availableLanguages>
              
              
									
              
              <url>http://www.fofamproject.eu</url>
              
              
									
              
              <content>Description :Error reading from URL [http://www.fofamproject.eu] Message :Server returned HTTP response code: 400 for URL: http://www.fofamproject.eu</content>
              
              
								
            
            </webLink>
            
            
						
          
          </associations>
          
          
					
        
        </relations>
        
        
				
      
      </result>
      
      
			
      
      <result source="corda" type="relatedResult">
        
        
				
			
					
        
        <availableLanguages readOnly="true">en</availableLanguages>
        
        
					
        
        <rcn>207231</rcn>
        
        
					
        
        <title>Report on Regional capabilities</title>
        
        
					
        
        <description>Report reviewing RTD and innovation programmes within the regions with regards the technological area of Additive Manufacturing.</description>
        
        
					
        
        <contentUpdateDate>2017-11-10 17:13:23</contentUpdateDate>
        
        
					
        
        <relations>
          
          
						
          
          <categories>
            
            
							
            
            <category classification="collection" type="belongsTo">
              
              
								
              
              <availableLanguages readOnly="true">de,en,es,fr,it,pl</availableLanguages>
              
              
								
              
              <code>/deliverable</code>
              
              
								
              
              <title>Project deliverable</title>
              
              
								
							
            
            </category>
            
            
							
            
            <category classification="deliverableType" type="isDeliveredAs">
              
              
								
              
              <availableLanguages readOnly="true">de,en,es,fr,it,pl</availableLanguages>
              
              
								
              
              <code>/R</code>
              
              
								
              
              <title>Document, report</title>
              
              
								
							
            
            </category>
            
            
							
            
            <category classification="source" type="isProvidedBy">
              
              
								
              
              <availableLanguages readOnly="true">de,en,es,fr,it,pl</availableLanguages>
              
              
								
              
              <code>/corda</code>
              
              
								
              
              <title>CORDA</title>
              
              
								
							
            
            </category>
            
            
						
          
          </categories>
          
          
						
          
          <associations>
            
            
							
            
            <webLink source="corda" type="projectDeliverable">
              
              
								
							
									
              
              <language>en</language>
              
              
									
              
              <availableLanguages readOnly="true">en</availableLanguages>
              
              
									
              
              <url>https://www.ec.europa.eu/research/participants/documents/downloadPublic?documentIds=080166e5a0c2c3c4&amp;appId=PPGMS</url>
              
              
									
              
              <content>Documents download module Documents download module Document download Dear user, the requested document Attachment_0 is being prepared for download. Once the download is completed you may close this window by clicking on the close button. Close © European Commission  2018  - Documents download module - Version 2.6.0 - Build 20180216-0915</content>
              
              
								
            
            </webLink>
            
            
						
          
          </associations>
          
          
					
        
        </relations>
        
        
				
      
      </result>
      
      
			
      
      <result source="corda" type="relatedResult">
        
        
				
			
					
        
        <availableLanguages readOnly="true">en</availableLanguages>
        
        
					
        
        <rcn>207225</rcn>
        
        
					
        
        <title>FoFAM dissemination strategy</title>
        
        
					
        
        <description>Report containing  project Dissemination Strategy of its results clearly defining:
- the message to be delivered,
- targeted audience, 
- tools available 
- timeframe/planning and means of activities 

 It will be prepared in month 3 and updated on a regular basis.</description>
        
        
					
        
        <contentUpdateDate>2017-11-10 17:13:11</contentUpdateDate>
        
        
					
        
        <relations>
          
          
						
          
          <categories>
            
            
							
            
            <category classification="collection" type="belongsTo">
              
              
								
              
              <availableLanguages readOnly="true">de,en,es,fr,it,pl</availableLanguages>
              
              
								
              
              <code>/deliverable</code>
              
              
								
              
              <title>Project deliverable</title>
              
              
								
							
            
            </category>
            
            
							
            
            <category classification="deliverableType" type="isDeliveredAs">
              
              
								
              
              <availableLanguages readOnly="true">de,en,es,fr,it,pl</availableLanguages>
              
              
								
              
              <code>/R</code>
              
              
								
              
              <title>Document, report</title>
              
              
								
							
            
            </category>
            
            
							
            
            <category classification="source" type="isProvidedBy">
              
              
								
              
              <availableLanguages readOnly="true">de,en,es,fr,it,pl</availableLanguages>
              
              
								
              
              <code>/corda</code>
              
              
								
              
              <title>CORDA</title>
              
              
								
							
            
            </category>
            
            
						
          
          </categories>
          
          
						
          
          <associations>
            
            
							
            
            <webLink source="corda" type="projectDeliverable">
              
              
								
							
									
              
              <language>en</language>
              
              
									
              
              <availableLanguages readOnly="true">en</availableLanguages>
              
              
									
              
              <url>https://www.ec.europa.eu/research/participants/documents/downloadPublic?documentIds=080166e59e35ad63&amp;appId=PPGMS</url>
              
              
									
              
              <content>Documents download module Documents download module Document download Dear user, the requested document Attachment_0 is being prepared for download. Once the download is completed you may close this window by clicking on the close button. Close © European Commission  2018  - Documents download module - Version 2.6.0 - Build 20180216-0915</content>
              
              
								
            
            </webLink>
            
            
						
          
          </associations>
          
          
					
        
        </relations>
        
        
				
      
      </result>
      
      
			
      
      <result source="corda" type="relatedResult">
        
        
				
			
					
        
        <availableLanguages readOnly="true">en</availableLanguages>
        
        
					
        
        <rcn>207234</rcn>
        
        
					
        
        <title>FoFAM Cluster database</title>
        
        
					
        
        <description>An e-database to place the projects and regions capabilities within the selected value chains  will be created. It will facilitate any needed update during and after project finalisation.</description>
        
        
					
        
        <contentUpdateDate>2017-11-10 17:13:32</contentUpdateDate>
        
        
					
        
        <relations>
          
          
						
          
          <categories>
            
            
							
            
            <category classification="collection" type="belongsTo">
              
              
								
              
              <availableLanguages readOnly="true">de,en,es,fr,it,pl</availableLanguages>
              
              
								
              
              <code>/deliverable</code>
              
              
								
              
              <title>Project deliverable</title>
              
              
								
							
            
            </category>
            
            
							
            
            <category classification="deliverableType" type="isDeliveredAs">
              
              
								
              
              <availableLanguages readOnly="true">de,en,es,fr,it,pl</availableLanguages>
              
              
								
              
              <code>/R</code>
              
              
								
              
              <title>Document, report</title>
              
              
								
							
            
            </category>
            
            
							
            
            <category classification="source" type="isProvidedBy">
              
              
								
              
              <availableLanguages readOnly="true">de,en,es,fr,it,pl</availableLanguages>
              
              
								
              
              <code>/corda</code>
              
              
								
              
              <title>CORDA</title>
              
              
								
							
            
            </category>
            
            
						
          
          </categories>
          
          
						
          
          <associations>
            
            
							
            
            <webLink source="corda" type="projectDeliverable">
              
              
								
							
									
              
              <language>en</language>
              
              
									
              
              <availableLanguages readOnly="true">en</availableLanguages>
              
              
									
              
              <url>https://www.ec.europa.eu/research/participants/documents/downloadPublic?documentIds=080166e5a2fa3980&amp;appId=PPGMS</url>
              
              
									
              
              <content>Documents download module Documents download module Document download Dear user, the requested document Attachment_0 is being prepared for download. Once the download is completed you may close this window by clicking on the close button. Close © European Commission  2018  - Documents download module - Version 2.6.0 - Build 20180216-0915</content>
              
              
								
            
            </webLink>
            
            
						
          
          </associations>
          
          
					
        
        </relations>
        
        
				
      
      </result>
      
      
			
      
      <result source="corda" type="relatedResult">
        
        
				
			
					
        
        <availableLanguages readOnly="true">en</availableLanguages>
        
        
					
        
        <rcn>207212</rcn>
        
        
					
        
        <title>VC’s complete schemes</title>
        
        
					
        
        <description>Description of value chains including technology needs in each chain step</description>
        
        
					
        
        <contentUpdateDate>2017-11-10 17:12:38</contentUpdateDate>
        
        
					
        
        <relations>
          
          
						
          
          <categories>
            
            
							
            
            <category classification="collection" type="belongsTo">
              
              
								
              
              <availableLanguages readOnly="true">de,en,es,fr,it,pl</availableLanguages>
              
              
								
              
              <code>/deliverable</code>
              
              
								
              
              <title>Project deliverable</title>
              
              
								
							
            
            </category>
            
            
							
            
            <category classification="deliverableType" type="isDeliveredAs">
              
              
								
              
              <availableLanguages readOnly="true">de,en,es,fr,it,pl</availableLanguages>
              
              
								
              
              <code>/R</code>
              
              
								
              
              <title>Document, report</title>
              
              
								
							
            
            </category>
            
            
							
            
            <category classification="source" type="isProvidedBy">
              
              
								
              
              <availableLanguages readOnly="true">de,en,es,fr,it,pl</availableLanguages>
              
              
								
              
              <code>/corda</code>
              
              
								
              
              <title>CORDA</title>
              
              
								
							
            
            </category>
            
            
						
          
          </categories>
          
          
						
          
          <associations>
            
            
							
            
            <webLink source="corda" type="projectDeliverable">
              
              
								
							
									
              
              <language>en</language>
              
              
									
              
              <availableLanguages readOnly="true">en</availableLanguages>
              
              
									
              
              <url>https://www.ec.europa.eu/research/participants/documents/downloadPublic?documentIds=080166e5a9e15664&amp;appId=PPGMS</url>
              
              
									
              
              <content>Documents download module Documents download module Document download Dear user, the requested document Attachment_0 is being prepared for download. Once the download is completed you may close this window by clicking on the close button. Close © European Commission  2018  - Documents download module - Version 2.6.0 - Build 20180216-0915</content>
              
              
								
            
            </webLink>
            
            
						
          
          </associations>
          
          
					
        
        </relations>
        
        
				
      
      </result>
      
      
			
      
      <result source="corda" type="relatedResult">
        
        
				
			
					
        
        <availableLanguages readOnly="true">en</availableLanguages>
        
        
					
        
        <rcn>207222</rcn>
        
        
					
        
        <title>Final FoFAM implementation map</title>
        
        
					
        
        <description>Final version of implementation map</description>
        
        
					
        
        <contentUpdateDate>2017-11-10 17:13:08</contentUpdateDate>
        
        
					
        
        <relations>
          
          
						
          
          <categories>
            
            
							
            
            <category classification="collection" type="belongsTo">
              
              
								
              
              <availableLanguages readOnly="true">de,en,es,fr,it,pl</availableLanguages>
              
              
								
              
              <code>/deliverable</code>
              
              
								
              
              <title>Project deliverable</title>
              
              
								
							
            
            </category>
            
            
							
            
            <category classification="deliverableType" type="isDeliveredAs">
              
              
								
              
              <availableLanguages readOnly="true">de,en,es,fr,it,pl</availableLanguages>
              
              
								
              
              <code>/R</code>
              
              
								
              
              <title>Document, report</title>
              
              
								
							
            
            </category>
            
            
							
            
            <category classification="source" type="isProvidedBy">
              
              
								
              
              <availableLanguages readOnly="true">de,en,es,fr,it,pl</availableLanguages>
              
              
								
              
              <code>/corda</code>
              
              
								
              
              <title>CORDA</title>
              
              
								
							
            
            </category>
            
            
						
          
          </categories>
          
          
						
          
          <associations>
            
            
							
            
            <webLink source="corda" type="projectDeliverable">
              
              
								
							
									
              
              <language>en</language>
              
              
									
              
              <availableLanguages readOnly="true">en</availableLanguages>
              
              
									
              
              <url>https://www.ec.europa.eu/research/participants/documents/downloadPublic?documentIds=080166e5af218ca9&amp;appId=PPGMS</url>
              
              
									
              
              <content>Documents download module Documents download module Document download Dear user, the requested document Attachment_0 is being prepared for download. Once the download is completed you may close this window by clicking on the close button. Close © European Commission  2018  - Documents download module - Version 2.6.0 - Build 20180216-0915</content>
              
              
								
            
            </webLink>
            
            
						
          
          </associations>
          
          
					
        
        </relations>
        
        
				
      
      </result>
      
      
			
      
      <result source="corda" type="relatedResult">
        
        
				
			
					
        
        <availableLanguages readOnly="true">en</availableLanguages>
        
        
					
        
        <rcn>207218</rcn>
        
        
					
        
        <title>FoFAM network</title>
        
        
					
        
        <description>Description of the FoFAM network created:  structure and extension</description>
        
        
					
        
        <contentUpdateDate>2017-11-10 17:13:04</contentUpdateDate>
        
        
					
        
        <relations>
          
          
						
          
          <categories>
            
            
							
            
            <category classification="collection" type="belongsTo">
              
              
								
              
              <availableLanguages readOnly="true">de,en,es,fr,it,pl</availableLanguages>
              
              
								
              
              <code>/deliverable</code>
              
              
								
              
              <title>Project deliverable</title>
              
              
								
							
            
            </category>
            
            
							
            
            <category classification="deliverableType" type="isDeliveredAs">
              
              
								
              
              <availableLanguages readOnly="true">de,en,es,fr,it,pl</availableLanguages>
              
              
								
              
              <code>/R</code>
              
              
								
              
              <title>Document, report</title>
              
              
								
							
            
            </category>
            
            
							
            
            <category classification="source" type="isProvidedBy">
              
              
								
              
              <availableLanguages readOnly="true">de,en,es,fr,it,pl</availableLanguages>
              
              
								
              
              <code>/corda</code>
              
              
								
              
              <title>CORDA</title>
              
              
								
							
            
            </category>
            
            
						
          
          </categories>
          
          
						
          
          <associations>
            
            
							
            
            <webLink source="corda" type="projectDeliverable">
              
              
								
							
									
              
              <language>en</language>
              
              
									
              
              <availableLanguages readOnly="true">en</availableLanguages>
              
              
									
              
              <url>https://www.ec.europa.eu/research/participants/documents/downloadPublic?documentIds=080166e5ae0105e6&amp;appId=PPGMS</url>
              
              
									
              
              <content>Documents download module Documents download module Document download Dear user, the requested document Attachment_0 is being prepared for download. Once the download is completed you may close this window by clicking on the close button. Close © European Commission  2018  - Documents download module - Version 2.6.0 - Build 20180216-0915</content>
              
              
								
            
            </webLink>
            
            
						
          
          </associations>
          
          
					
        
        </relations>
        
        
				
      
      </result>
      
      
			
      
      <result source="corda" type="relatedResult">
        
        
				
			
					
        
        <availableLanguages readOnly="true">en</availableLanguages>
        
        
					
        
        <rcn>207214</rcn>
        
        
					
        
        <title>Conclusions from Experts’ workshop</title>
        
        
					
        
        <description>Report on main outcomes of the expert's meeting</description>
        
        
					
        
        <contentUpdateDate>2017-11-10 17:12:51</contentUpdateDate>
        
        
					
        
        <relations>
          
          
						
          
          <categories>
            
            
							
            
            <category classification="collection" type="belongsTo">
              
              
								
              
              <availableLanguages readOnly="true">de,en,es,fr,it,pl</availableLanguages>
              
              
								
              
              <code>/deliverable</code>
              
              
								
              
              <title>Project deliverable</title>
              
              
								
							
            
            </category>
            
            
							
            
            <category classification="deliverableType" type="isDeliveredAs">
              
              
								
              
              <availableLanguages readOnly="true">de,en,es,fr,it,pl</availableLanguages>
              
              
								
              
              <code>/R</code>
              
              
								
              
              <title>Document, report</title>
              
              
								
							
            
            </category>
            
            
							
            
            <category classification="source" type="isProvidedBy">
              
              
								
              
              <availableLanguages readOnly="true">de,en,es,fr,it,pl</availableLanguages>
              
              
								
              
              <code>/corda</code>
              
              
								
              
              <title>CORDA</title>
              
              
								
							
            
            </category>
            
            
						
          
          </categories>
          
          
						
          
          <associations>
            
            
							
            
            <webLink source="corda" type="projectDeliverable">
              
              
								
							
									
              
              <language>en</language>
              
              
									
              
              <availableLanguages readOnly="true">en</availableLanguages>
              
              
									
              
              <url>https://www.ec.europa.eu/research/participants/documents/downloadPublic?documentIds=080166e5ac808c28&amp;appId=PPGMS</url>
              
              
									
              
              <content>Documents download module Documents download module Document download Dear user, the requested document Attachment_0 is being prepared for download. Once the download is completed you may close this window by clicking on the close button. Close © European Commission  2018  - Documents download module - Version 2.6.0 - Build 20180216-0915</content>
              
              
								
            
            </webLink>
            
            
						
          
          </associations>
          
          
					
        
        </relations>
        
        
				
      
      </result>
      
      
			
      
      <result source="corda" type="relatedResult">
        
        
				
			
					
        
        <availableLanguages readOnly="true">en</availableLanguages>
        
        
					
        
        <rcn>207233</rcn>
        
        
					
        
        <title>Sectorial Value Chains for AM</title>
        
        
					
        
        <description>Definition of  value chains addressing specific sectors based on a comprehensive technology surveillance and forecast</description>
        
        
					
        
        <contentUpdateDate>2017-11-10 17:13:27</contentUpdateDate>
        
        
					
        
        <relations>
          
          
						
          
          <categories>
            
            
							
            
            <category classification="collection" type="belongsTo">
              
              
								
              
              <availableLanguages readOnly="true">de,en,es,fr,it,pl</availableLanguages>
              
              
								
              
              <code>/deliverable</code>
              
              
								
              
              <title>Project deliverable</title>
              
              
								
							
            
            </category>
            
            
							
            
            <category classification="deliverableType" type="isDeliveredAs">
              
              
								
              
              <availableLanguages readOnly="true">de,en,es,fr,it,pl</availableLanguages>
              
              
								
              
              <code>/R</code>
              
              
								
              
              <title>Document, report</title>
              
              
								
							
            
            </category>
            
            
							
            
            <category classification="source" type="isProvidedBy">
              
              
								
              
              <availableLanguages readOnly="true">de,en,es,fr,it,pl</availableLanguages>
              
              
								
              
              <code>/corda</code>
              
              
								
              
              <title>CORDA</title>
              
              
								
							
            
            </category>
            
            
						
          
          </categories>
          
          
						
          
          <associations>
            
            
							
            
            <webLink source="corda" type="projectDeliverable">
              
              
								
							
									
              
              <language>en</language>
              
              
									
              
              <availableLanguages readOnly="true">en</availableLanguages>
              
              
									
              
              <url>https://www.ec.europa.eu/research/participants/documents/downloadPublic?documentIds=080166e5a0abf221&amp;appId=PPGMS</url>
              
              
									
              
              <content>Documents download module Documents download module Document download Dear user, the requested document Attachment_0 is being prepared for download. Once the download is completed you may close this window by clicking on the close button. Close © European Commission  2018  - Documents download module - Version 2.6.0 - Build 20180216-0915</content>
              
              
								
            
            </webLink>
            
            
						
          
          </associations>
          
          
					
        
        </relations>
        
        
				
      
      </result>
      
      
			
      
      <result source="corda" type="relatedResult">
        
        
				
			
					
        
        <availableLanguages readOnly="true">en</availableLanguages>
        
        
					
        
        <rcn>207237</rcn>
        
        
					
        
        <title>Report on Expert sessions</title>
        
        
					
        
        <description>Expert sessions' minutes, main information and conclusions</description>
        
        
					
        
        <contentUpdateDate>2017-11-10 17:13:39</contentUpdateDate>
        
        
					
        
        <relations>
          
          
						
          
          <categories>
            
            
							
            
            <category classification="collection" type="belongsTo">
              
              
								
              
              <availableLanguages readOnly="true">de,en,es,fr,it,pl</availableLanguages>
              
              
								
              
              <code>/deliverable</code>
              
              
								
              
              <title>Project deliverable</title>
              
              
								
							
            
            </category>
            
            
							
            
            <category classification="deliverableType" type="isDeliveredAs">
              
              
								
              
              <availableLanguages readOnly="true">de,en,es,fr,it,pl</availableLanguages>
              
              
								
              
              <code>/R</code>
              
              
								
              
              <title>Document, report</title>
              
              
								
							
            
            </category>
            
            
							
            
            <category classification="source" type="isProvidedBy">
              
              
								
              
              <availableLanguages readOnly="true">de,en,es,fr,it,pl</availableLanguages>
              
              
								
              
              <code>/corda</code>
              
              
								
              
              <title>CORDA</title>
              
              
								
							
            
            </category>
            
            
						
          
          </categories>
          
          
						
          
          <associations>
            
            
							
            
            <webLink source="corda" type="projectDeliverable">
              
              
								
							
									
              
              <language>en</language>
              
              
									
              
              <availableLanguages readOnly="true">en</availableLanguages>
              
              
									
              
              <url>https://www.ec.europa.eu/research/participants/documents/downloadPublic?documentIds=080166e5a42c0b65&amp;appId=PPGMS</url>
              
              
									
              
              <content>Documents download module Documents download module Document download Dear user, the requested document Attachment_0 is being prepared for download. Once the download is completed you may close this window by clicking on the close button. Close © European Commission  2018  - Documents download module - Version 2.6.0 - Build 20180216-0915</content>
              
              
								
            
            </webLink>
            
            
						
          
          </associations>
          
          
					
        
        </relations>
        
        
				
      
      </result>
      
      
			
      
      <result source="corda" type="relatedResult">
        
        
				
			
					
        
        <availableLanguages readOnly="true">en</availableLanguages>
        
        
					
        
        <rcn>207216</rcn>
        
        
					
        
        <title>Draft FoFAM implementation map</title>
        
        
					
        
        <description>Draft version of the implementation map</description>
        
        
					
        
        <contentUpdateDate>2017-11-10 17:12:58</contentUpdateDate>
        
        
					
        
        <relations>
          
          
						
          
          <categories>
            
            
							
            
            <category classification="collection" type="belongsTo">
              
              
								
              
              <availableLanguages readOnly="true">de,en,es,fr,it,pl</availableLanguages>
              
              
								
              
              <code>/deliverable</code>
              
              
								
              
              <title>Project deliverable</title>
              
              
								
							
            
            </category>
            
            
							
            
            <category classification="deliverableType" type="isDeliveredAs">
              
              
								
              
              <availableLanguages readOnly="true">de,en,es,fr,it,pl</availableLanguages>
              
              
								
              
              <code>/R</code>
              
              
								
              
              <title>Document, report</title>
              
              
								
							
            
            </category>
            
            
							
            
            <category classification="source" type="isProvidedBy">
              
              
								
              
              <availableLanguages readOnly="true">de,en,es,fr,it,pl</availableLanguages>
              
              
								
              
              <code>/corda</code>
              
              
								
              
              <title>CORDA</title>
              
              
								
							
            
            </category>
            
            
						
          
          </categories>
          
          
						
          
          <associations>
            
            
							
            
            <webLink source="corda" type="projectDeliverable">
              
              
								
							
									
              
              <language>en</language>
              
              
									
              
              <availableLanguages readOnly="true">en</availableLanguages>
              
              
									
              
              <url>https://www.ec.europa.eu/research/participants/documents/downloadPublic?documentIds=080166e5ada6ee73&amp;appId=PPGMS</url>
              
              
									
              
              <content>Documents download module Documents download module Document download Dear user, the requested document Attachment_0 is being prepared for download. Once the download is completed you may close this window by clicking on the close button. Close © European Commission  2018  - Documents download module - Version 2.6.0 - Build 20180216-0915</content>
              
              
								
            
            </webLink>
            
            
						
          
          </associations>
          
          
					
        
        </relations>
        
        
				
      
      </result>
      
      
			
      
      <result source="corda" type="relatedResult">
        
        
				
			
					
        
        <availableLanguages readOnly="true">en</availableLanguages>
        
        
					
        
        <rcn>207236</rcn>
        
        
					
        
        <title>AM Platform web updated</title>
        
        
					
        
        <description>Update of the AM sub-platform web to adequate the introduction of the FofAM database</description>
        
        
					
        
        <contentUpdateDate>2017-11-10 17:13:35</contentUpdateDate>
        
        
					
        
        <relations>
          
          
						
          
          <categories>
            
            
							
            
            <category classification="collection" type="belongsTo">
              
              
								
              
              <availableLanguages readOnly="true">de,en,es,fr,it,pl</availableLanguages>
              
              
								
              
              <code>/deliverable</code>
              
              
								
              
              <title>Project deliverable</title>
              
              
								
							
            
            </category>
            
            
							
            
            <category classification="deliverableType" type="isDeliveredAs">
              
              
								
              
              <availableLanguages readOnly="true">de,en,es,fr,it,pl</availableLanguages>
              
              
								
              
              <code>/DEC</code>
              
              
								
              
              <title>Websites, patent fillings, videos etc.</title>
              
              
								
							
            
            </category>
            
            
							
            
            <category classification="source" type="isProvidedBy">
              
              
								
              
              <availableLanguages readOnly="true">de,en,es,fr,it,pl</availableLanguages>
              
              
								
              
              <code>/corda</code>
              
              
								
              
              <title>CORDA</title>
              
              
								
							
            
            </category>
            
            
						
          
          </categories>
          
          
						
          
          <associations>
            
            
							
            
            <webLink source="corda" type="projectDeliverable">
              
              
								
							
									
              
              <language>en</language>
              
              
									
              
              <availableLanguages readOnly="true">en</availableLanguages>
              
              
									
              
              <url>https://www.ec.europa.eu/research/participants/documents/downloadPublic?documentIds=080166e5a3be05ff&amp;appId=PPGMS</url>
              
              
									
              
              <content>Documents download module Documents download module Document download Dear user, the requested document Attachment_0 is being prepared for download. Once the download is completed you may close this window by clicking on the close button. Close © European Commission  2018  - Documents download module - Version 2.6.0 - Build 20180216-0915</content>
              
              
								
            
            </webLink>
            
            
						
          
          </associations>
          
          
					
        
        </relations>
        
        
				
      
      </result>
      
      
		
    
    </associations>
    
    
		
    
    <categories>
      
      
			
      
      <category classification="projectFundingSchemeCategory" type="relatedProjectFundingSchemeCategory">
        
        
				
        
        <availableLanguages readOnly="true">en</availableLanguages>
        
        
				
        
        <code>/CSA</code>
        
        
				
        
        <title>Coordination and support action</title>
        
        
				
			
      
      </category>
      
      
		
    
    </categories>
    
    
	
  
  </relations>
  
  
	


</project>

