<?xml version="1.0" encoding="UTF-8"?>
<project xmlns="http://cordis.europa.eu">
  
  
	
	
  
  <language>en</language>
  
  
	
  
  <availableLanguages readOnly="true">en</availableLanguages>
  
  
	
  
  <rcn>193261</rcn>
  
  
	
  
  <reference>633937</reference>
  
  
	
  
  <acronym>ULTRAPLACAD</acronym>
  
  
	
  
  <teaser>Cancer biomarkers circulating in body fluids have been shown to reflect the pathological process and for this reason can be used for cancer diagnosis, prognosis and choice for therapeutic interventions. It is proven that their detection is a key to new minimal-invasive...</teaser>
  
  
	
  
  <objective>Cancer biomarkers circulating in body fluids have been shown to reflect the pathological process and for this reason can be used for cancer diagnosis, prognosis and choice for therapeutic interventions. It is proven that their detection is a key to new minimal-invasive detection approaches. However, barriers to wide spread use of similar approaches are lack of test sensitivity, specificity and limited availability of low cost detection platforms. This project is focused at developing a compact plasmonic-based device with integrated microfluidic circuit and functionalized nanostructures for the detection of DNA, microRNA and tumor autoantibodies cancer biomarkers. 

The aim is to detect cancer biomarkers circulating in blood with improvement in sensitivity of factor up to 1000, reduction in cost of platform of factor ranging from 2 to 4 compared to today’s available techniques and analysis time less than 60 minutes. The proposed detection approache will provide ultrasensitive detection of biomolecular systems with no need for complex sample chemical modifications thus allowing direct and simple assays to be performed. Within the project a bimodal industrial prototype will be developed integrating novel surface plasmon resonance imaging and plasmon-enhanced fluorescence sensing technologies, respectively. Automated fabrication processes suitable for low cost mass production will be developed and applied to produce disposable integrated chips. Prototype will be specifically fabricated for early diagnosis and prognosis  of colorectal cancer. The team includes partners holding cross-disciplinary competencies needed to achieve the proposed results, including two of the first five plasmon resonance groups in the world, the inventor of surface plasmon microscopy – also known as surface plasmon resonance imaging- and plasmon-enhanced fluorescence spectroscopy, and full European value chain including disposable chip and readout platforms design, development and manufacturing.</objective>
  
  
	
  
  <title>ULTRAsensitive PLAsmonic devices for early CAncer Diagnosis</title>
  
  
	
  
  <totalCost>6026455</totalCost>
  
  
	
  
  <ecMaxContribution>6026455</ecMaxContribution>
  
  
	
  
  <startDate>2015-05-01</startDate>
  
  
	
  
  <endDate>2018-10-31</endDate>
  
  
	
  
  <contract>
    
    
		
    
    <duration>42</duration>
    
    
	
  
  </contract>
  
  
	
  
  <status>SIGNED</status>
  
  
	
  
  <sourceUpdateDate>2017-10-17 13:14:25</sourceUpdateDate>
  
  
	
  
  <contentCreationDate readOnly="true">2015-05-05 16:02:49</contentCreationDate>
  
  
	
  
  <contentUpdateDate>2017-08-17 12:51:16</contentUpdateDate>
  
  
	
  
  <lastUpdateDate readOnly="true">2017-11-14 18:01:34</lastUpdateDate>
  
  
	
  
  <relations>
    
    
		
    
    <associations>
      
      
			
      
      <call type="relatedCall">
        
        
				
			
					
        
        <rcn>783</rcn>
        
        
					
        
        <title>H2020-PHC-2014-two-stage</title>
        
        
					
        
        <identifier>H2020-PHC-2014-two-stage</identifier>
        
        
				
      
      </call>
      
      
			
      
      <organization ecContribution="403125" order="10" terminated="false" type="participant">
        
        
				
			
					
        
        <availableLanguages readOnly="true">en</availableLanguages>
        
        
					
        
        <rcn>1966222</rcn>
        
        
					
        
        <id>955336317</id>
        
        
					
        
        <vatNumber>FI23444528</vatNumber>
        
        
					
        
        <legalName>GINOLIS OY</legalName>
        
        
					
        
        <shortName>GIN</shortName>
        
        
					
        
        <address>
          
          
						
          
          <street>Automaatiotie 1</street>
          
          
						
          
          <city>OULUNSALO</city>
          
          
						
          
          <postalCode>90460</postalCode>
          
          
						
          
          <country>FI</country>
          
          
						
          
          <url>www.ginolis.com</url>
          
          
					
        
        </address>
        
        
					
        
        <departmentName>Research Development</departmentName>
        
        
					
        
        <relations>
          
          
						
          
          <categories>
            
            
							
            
            <category classification="organizationActivityType" type="relatedOrganizationActivityType">
              
              
								
              
              <availableLanguages readOnly="true">en</availableLanguages>
              
              
								
              
              <code>/PRC</code>
              
              
								
              
              <title>Private for-profit entities (excluding Higher or Secondary Education Establishments)</title>
              
              
								
							
            
            </category>
            
            
						
          
          </categories>
          
          
						
          
          <regions>
            
            
							
            
            <region type="relatedRegion">
              
              
								
							
									
              
              <name>Finland</name>
              
              
									
              
              <nutsCode>FI</nutsCode>
              
              
									
              
              <euCode>FI</euCode>
              
              
									
              
              <isoCode>FI</isoCode>
              
              
									
              
              <rcn>256543272</rcn>
              
              
								
            
            </region>
            
            
						
          
          </regions>
          
          
					
        
        </relations>
        
        
				
      
      </organization>
      
      
			
      
      <organization ecContribution="307300" order="6" terminated="false" type="participant">
        
        
				
			
					
        
        <availableLanguages readOnly="true">en</availableLanguages>
        
        
					
        
        <rcn>1912586</rcn>
        
        
					
        
        <id>999849617</id>
        
        
					
        
        <vatNumber>DE154854171</vatNumber>
        
        
					
        
        <legalName>UNIVERSITAET SIEGEN</legalName>
        
        
					
        
        <shortName>USIEGEN</shortName>
        
        
					
        
        <address>
          
          
						
          
          <street>ADOLF REICHWEIN STRASSE 2A</street>
          
          
						
          
          <city>SIEGEN</city>
          
          
						
          
          <postalCode>57076</postalCode>
          
          
						
          
          <country>DE</country>
          
          
						
          
          <url>www.uni-siegen.de</url>
          
          
					
        
        </address>
        
        
					
        
        <departmentName>Chair for Embedded Systems/Faculty IV: Science and Technolog</departmentName>
        
        
					
        
        <relations>
          
          
						
          
          <categories>
            
            
							
            
            <category classification="organizationActivityType" type="relatedOrganizationActivityType">
              
              
								
              
              <availableLanguages readOnly="true">en</availableLanguages>
              
              
								
              
              <code>/HES</code>
              
              
								
              
              <title>Higher or Secondary Education Establishments</title>
              
              
								
							
            
            </category>
            
            
						
          
          </categories>
          
          
						
          
          <associations>
            
            
							
            
            <person type="relatedContact">
              
              
								
							
									
              
              <availableLanguages readOnly="true">en</availableLanguages>
              
              
									
              
              <rcn>3543945</rcn>
              
              
									
              
              <title>Ms.</title>
              
              
									
              
              <firstNames>Theresa</firstNames>
              
              
									
              
              <lastName>Stoye</lastName>
              
              
									
              
              <address>
                
                
										
                
                <telephoneNumber>+492717404871</telephoneNumber>
                
                
										
                
                <faxNumber>+4927174014871</faxNumber>
                
                
										
                
                <email encrypted="true">DMNxivSZBfndqc/CUxCUeZt/+/AIz+jDthwEm+DpqAY=</email>
                
                
									
              
              </address>
              
              
								
            
            </person>
            
            
							
            
            <person type="relatedContact">
              
              
								
							
									
              
              <availableLanguages readOnly="true">en</availableLanguages>
              
              
									
              
              <rcn>3748431</rcn>
              
              
									
              
              <title>Prof.</title>
              
              
									
              
              <firstNames>Roman</firstNames>
              
              
									
              
              <lastName>Obermaisser</lastName>
              
              
									
              
              <address>
                
                
										
                
                <telephoneNumber>+49 2717403332</telephoneNumber>
                
                
										
                
                <faxNumber>+49 2717403344</faxNumber>
                
                
										
                
                <email encrypted="true">mvzBhQ0aV4RgiNbDG5kcnmgmL7LLSDSX7eE4XEgVkhQ=</email>
                
                
									
              
              </address>
              
              
								
            
            </person>
            
            
						
          
          </associations>
          
          
						
          
          <regions>
            
            
							
            
            <region type="relatedRegion">
              
              
								
							
									
              
              <name>Germany</name>
              
              
									
              
              <nutsCode>DE</nutsCode>
              
              
									
              
              <euCode>DE</euCode>
              
              
									
              
              <isoCode>DE</isoCode>
              
              
									
              
              <rcn>221940264</rcn>
              
              
								
            
            </region>
            
            
						
          
          </regions>
          
          
					
        
        </relations>
        
        
				
      
      </organization>
      
      
			
      
      <organization ecContribution="972708.75" order="2" terminated="false" type="participant">
        
        
				
			
					
        
        <availableLanguages readOnly="true">en</availableLanguages>
        
        
					
        
        <rcn>1905899</rcn>
        
        
					
        
        <id>999584128</id>
        
        
					
        
        <vatNumber>ATU14703506</vatNumber>
        
        
					
        
        <legalName>AIT AUSTRIAN INSTITUTE OF TECHNOLOGY GMBH</legalName>
        
        
					
        
        <shortName>AIT</shortName>
        
        
					
        
        <address>
          
          
						
          
          <street>GIEFINGGASSE 4</street>
          
          
						
          
          <city>WIEN</city>
          
          
						
          
          <postalCode>1210</postalCode>
          
          
						
          
          <country>AT</country>
          
          
						
          
          <postBox>000</postBox>
          
          
						
          
          <url>http://www.ait.ac.at/</url>
          
          
					
        
        </address>
        
        
					
        
        <departmentName>EC Funding</departmentName>
        
        
					
        
        <relations>
          
          
						
          
          <categories>
            
            
							
            
            <category classification="organizationActivityType" type="relatedOrganizationActivityType">
              
              
								
              
              <availableLanguages readOnly="true">en</availableLanguages>
              
              
								
              
              <code>/REC</code>
              
              
								
              
              <title>Research Organisations</title>
              
              
								
							
            
            </category>
            
            
						
          
          </categories>
          
          
						
          
          <regions>
            
            
							
            
            <region type="relatedRegion">
              
              
								
							
									
              
              <name>Austria</name>
              
              
									
              
              <nutsCode>AT</nutsCode>
              
              
									
              
              <euCode>AT</euCode>
              
              
									
              
              <isoCode>AT</isoCode>
              
              
									
              
              <rcn>175540776</rcn>
              
              
								
            
            </region>
            
            
						
          
          </regions>
          
          
					
        
        </relations>
        
        
				
      
      </organization>
      
      
			
      
      <organization ecContribution="630536.25" order="8" terminated="false" type="participant">
        
        
				
			
					
        
        <availableLanguages readOnly="true">en</availableLanguages>
        
        
					
        
        <rcn>2104951</rcn>
        
        
					
        
        <id>932760440</id>
        
        
					
        
        <vatNumber>FI26473754</vatNumber>
        
        
					
        
        <legalName>Teknologian tutkimuskeskus VTT Oy</legalName>
        
        
					
        
        <shortName>VTT</shortName>
        
        
					
        
        <address>
          
          
						
          
          <street>VUORIMIEHENTIE 3</street>
          
          
						
          
          <city>Espoo</city>
          
          
						
          
          <postalCode>02150</postalCode>
          
          
						
          
          <country>FI</country>
          
          
						
          
          <postBox>1000</postBox>
          
          
						
          
          <url>www.vtt.fi</url>
          
          
					
        
        </address>
        
        
					
        
        <departmentName>Corporate Services</departmentName>
        
        
					
        
        <relations>
          
          
						
          
          <categories>
            
            
							
            
            <category classification="organizationActivityType" type="relatedOrganizationActivityType">
              
              
								
              
              <availableLanguages readOnly="true">en</availableLanguages>
              
              
								
              
              <code>/REC</code>
              
              
								
              
              <title>Research Organisations</title>
              
              
								
							
            
            </category>
            
            
						
          
          </categories>
          
          
						
          
          <regions>
            
            
							
            
            <region type="relatedRegion">
              
              
								
							
									
              
              <name>Finland</name>
              
              
									
              
              <nutsCode>FI</nutsCode>
              
              
									
              
              <euCode>FI</euCode>
              
              
									
              
              <isoCode>FI</isoCode>
              
              
									
              
              <rcn>256543272</rcn>
              
              
								
            
            </region>
            
            
						
          
          </regions>
          
          
					
        
        </relations>
        
        
				
      
      </organization>
      
      
			
      
      <organization ecContribution="343750" order="5" terminated="false" type="participant">
        
        
				
			
					
        
        <availableLanguages readOnly="true">en</availableLanguages>
        
        
					
        
        <rcn>1908335</rcn>
        
        
					
        
        <id>999900833</id>
        
        
					
        
        <vatNumber>NL002946725B01</vatNumber>
        
        
					
        
        <legalName>UNIVERSITEIT TWENTE</legalName>
        
        
					
        
        <shortName>UTWENTE</shortName>
        
        
					
        
        <address>
          
          
						
          
          <street>DRIENERLOLAAN 5</street>
          
          
						
          
          <city>ENSCHEDE</city>
          
          
						
          
          <postalCode>7522</postalCode>
          
          
						
          
          <country>NL</country>
          
          
						
          
          <postBox>000</postBox>
          
          
						
          
          <url>www.utwente.nl</url>
          
          
					
        
        </address>
        
        
					
        
        <departmentName>Faculty of EEMCS</departmentName>
        
        
					
        
        <relations>
          
          
						
          
          <categories>
            
            
							
            
            <category classification="organizationActivityType" type="relatedOrganizationActivityType">
              
              
								
              
              <availableLanguages readOnly="true">en</availableLanguages>
              
              
								
              
              <code>/HES</code>
              
              
								
              
              <title>Higher or Secondary Education Establishments</title>
              
              
								
							
            
            </category>
            
            
						
          
          </categories>
          
          
						
          
          <regions>
            
            
							
            
            <region type="relatedRegion">
              
              
								
							
									
              
              <name>Netherlands</name>
              
              
									
              
              <nutsCode>NL</nutsCode>
              
              
									
              
              <euCode>NL</euCode>
              
              
									
              
              <isoCode>NL</isoCode>
              
              
									
              
              <rcn>391547432</rcn>
              
              
								
            
            </region>
            
            
						
          
          </regions>
          
          
					
        
        </relations>
        
        
				
      
      </organization>
      
      
			
      
      <organization order="11" ecContribution="524375" terminated="false" type="participant">
        
        
				
			
					
        
        <availableLanguages readOnly="true">en</availableLanguages>
        
        
					
        
        <rcn>2391978</rcn>
        
        
					
        
        <id>942028596</id>
        
        
					
        
        <vatNumber>NL821660457B01</vatNumber>
        
        
					
        
        <legalName>FUTURE DIAGNOSTICS SOLUTIONS BV</legalName>
        
        
					
        
        <shortName>FD Solutions</shortName>
        
        
					
        
        <address>
          
          
						
          
          <street>NIEUWEWEG 279</street>
          
          
						
          
          <city>Wijchen</city>
          
          
						
          
          <postalCode>6603 BN</postalCode>
          
          
						
          
          <country>NL</country>
          
          
						
          
          <url>www.future-diagnostics.nl</url>
          
          
					
        
        </address>
        
        
					
        
        <relations>
          
          
						
          
          <categories>
            
            
							
            
            <category classification="organizationActivityType" type="relatedOrganizationActivityType">
              
              
								
              
              <availableLanguages readOnly="true">en</availableLanguages>
              
              
								
              
              <code>/PRC</code>
              
              
								
              
              <title>Private for-profit entities (excluding Higher or Secondary Education Establishments)</title>
              
              
								
							
            
            </category>
            
            
						
          
          </categories>
          
          
						
          
          <regions>
            
            
							
            
            <region type="relatedRegion">
              
              
								
							
									
              
              <name>Netherlands</name>
              
              
									
              
              <nutsCode>NL</nutsCode>
              
              
									
              
              <euCode>NL</euCode>
              
              
									
              
              <isoCode>NL</isoCode>
              
              
									
              
              <rcn>391547432</rcn>
              
              
								
            
            </region>
            
            
						
          
          </regions>
          
          
					
        
        </relations>
        
        
				
      
      </organization>
      
      
			
      
      <organization ecContribution="833487.5" order="1" terminated="false" type="coordinator">
        
        
				
			
					
        
        <availableLanguages readOnly="true">en</availableLanguages>
        
        
					
        
        <rcn>2134539</rcn>
        
        
					
        
        <id>998052207</id>
        
        
					
        
        <vatNumber>IT04482271006</vatNumber>
        
        
					
        
        <legalName>NATIONAL INSTITUTE OF BIOSTRUCTURES AND BIOSYSTEMS</legalName>
        
        
					
        
        <shortName>INBB</shortName>
        
        
					
        
        <address>
          
          
						
          
          <street>VIALE MEDAGLIE D'ORO 305</street>
          
          
						
          
          <city>ROME</city>
          
          
						
          
          <postalCode>00136</postalCode>
          
          
						
          
          <country>IT</country>
          
          
						
          
          <url>www.inbb.it</url>
          
          
					
        
        </address>
        
        
					
        
        <relations>
          
          
						
          
          <categories>
            
            
							
            
            <category classification="organizationActivityType" type="relatedOrganizationActivityType">
              
              
								
              
              <availableLanguages readOnly="true">en</availableLanguages>
              
              
								
              
              <code>/REC</code>
              
              
								
              
              <title>Research Organisations</title>
              
              
								
							
            
            </category>
            
            
						
          
          </categories>
          
          
						
          
          <regions>
            
            
							
            
            <region type="relatedRegion">
              
              
								
							
									
              
              <name>Italy</name>
              
              
									
              
              <nutsCode>IT</nutsCode>
              
              
									
              
              <euCode>IT</euCode>
              
              
									
              
              <isoCode>IT</isoCode>
              
              
									
              
              <rcn>309758504</rcn>
              
              
								
            
            </region>
            
            
						
          
          </regions>
          
          
					
        
        </relations>
        
        
				
      
      </organization>
      
      
			
      
      <organization ecContribution="646922.5" order="12" terminated="false" type="participant">
        
        
				
			
					
        
        <availableLanguages readOnly="true">en</availableLanguages>
        
        
					
        
        <rcn>1942787</rcn>
        
        
					
        
        <id>999940312</id>
        
        
					
        
        <vatNumber>FR54837150366</vatNumber>
        
        
					
        
        <legalName>HORIBA FRANCE SAS</legalName>
        
        
					
        
        <shortName>HORIBA</shortName>
        
        
					
        
        <address>
          
          
						
          
          <street>RUE DU CANAL 16-18</street>
          
          
						
          
          <city>LONGJUMEAU</city>
          
          
						
          
          <postalCode>91160</postalCode>
          
          
						
          
          <country>FR</country>
          
          
						
          
          <url>www.jyhoriba.com</url>
          
          
					
        
        </address>
        
        
					
        
        <departmentName>HORIBA Jobin Yvon</departmentName>
        
        
					
        
        <relations>
          
          
						
          
          <categories>
            
            
							
            
            <category classification="organizationActivityType" type="relatedOrganizationActivityType">
              
              
								
              
              <availableLanguages readOnly="true">en</availableLanguages>
              
              
								
              
              <code>/PRC</code>
              
              
								
              
              <title>Private for-profit entities (excluding Higher or Secondary Education Establishments)</title>
              
              
								
							
            
            </category>
            
            
						
          
          </categories>
          
          
						
          
          <regions>
            
            
							
            
            <region type="relatedRegion">
              
              
								
							
									
              
              <name>France</name>
              
              
									
              
              <nutsCode>FR</nutsCode>
              
              
									
              
              <euCode>FR</euCode>
              
              
									
              
              <isoCode>FR</isoCode>
              
              
									
              
              <rcn>258902568</rcn>
              
              
								
            
            </region>
            
            
						
          
          </regions>
          
          
					
        
        </relations>
        
        
				
      
      </organization>
      
      
			
      
      <organization ecContribution="313125" order="3" terminated="false" type="participant">
        
        
				
			
					
        
        <availableLanguages readOnly="true">en</availableLanguages>
        
        
					
        
        <rcn>2391970</rcn>
        
        
					
        
        <id>998538856</id>
        
        
					
        
        <vatNumber>CZ67985882</vatNumber>
        
        
					
        
        <legalName>USTAV FOTONIKY A ELEKTRONIKY AV CR V.V.I.</legalName>
        
        
					
        
        <shortName>IPE - Institute of Photonics and Electronics</shortName>
        
        
					
        
        <address>
          
          
						
          
          <street>KOBYLISY CHABERSKA 57</street>
          
          
						
          
          <city>PRAHA 8</city>
          
          
						
          
          <postalCode>18251</postalCode>
          
          
						
          
          <country>CZ</country>
          
          
					
        
        </address>
        
        
					
        
        <relations>
          
          
						
          
          <categories>
            
            
							
            
            <category classification="organizationActivityType" type="relatedOrganizationActivityType">
              
              
								
              
              <availableLanguages readOnly="true">en</availableLanguages>
              
              
								
              
              <code>/REC</code>
              
              
								
              
              <title>Research Organisations</title>
              
              
								
							
            
            </category>
            
            
						
          
          </categories>
          
          
						
          
          <regions>
            
            
							
            
            <region type="relatedRegion">
              
              
								
							
									
              
              <name>Czech Republic</name>
              
              
									
              
              <nutsCode>CZ</nutsCode>
              
              
									
              
              <euCode>CZ</euCode>
              
              
									
              
              <isoCode>CZ</isoCode>
              
              
									
              
              <rcn>210668072</rcn>
              
              
								
            
            </region>
            
            
						
          
          </regions>
          
          
					
        
        </relations>
        
        
				
      
      </organization>
      
      
			
      
      <organization ecContribution="270250" order="9" terminated="false" type="participant">
        
        
				
			
					
        
        <availableLanguages readOnly="true">en</availableLanguages>
        
        
					
        
        <rcn>1964159</rcn>
        
        
					
        
        <id>998692989</id>
        
        
					
        
        <vatNumber>IT02542781204</vatNumber>
        
        
					
        
        <legalName>SCRIBA NANOTECNOLOGIE SRL</legalName>
        
        
					
        
        <shortName>SCRIBA</shortName>
        
        
					
        
        <address>
          
          
						
          
          <street>VIA DI CORTICELLA 183/8</street>
          
          
						
          
          <city>BOLOGNA</city>
          
          
						
          
          <postalCode>40128</postalCode>
          
          
						
          
          <country>IT</country>
          
          
						
          
          <postBox>000</postBox>
          
          
						
          
          <url>www.scriba-nanotec.com</url>
          
          
					
        
        </address>
        
        
					
        
        <relations>
          
          
						
          
          <categories>
            
            
							
            
            <category classification="organizationActivityType" type="relatedOrganizationActivityType">
              
              
								
              
              <availableLanguages readOnly="true">en</availableLanguages>
              
              
								
              
              <code>/PRC</code>
              
              
								
              
              <title>Private for-profit entities (excluding Higher or Secondary Education Establishments)</title>
              
              
								
							
            
            </category>
            
            
						
          
          </categories>
          
          
						
          
          <regions>
            
            
							
            
            <region type="relatedRegion">
              
              
								
							
									
              
              <name>Italy</name>
              
              
									
              
              <nutsCode>IT</nutsCode>
              
              
									
              
              <euCode>IT</euCode>
              
              
									
              
              <isoCode>IT</isoCode>
              
              
									
              
              <rcn>309758504</rcn>
              
              
								
            
            </region>
            
            
						
          
          </regions>
          
          
					
        
        </relations>
        
        
				
      
      </organization>
      
      
			
      
      <organization ecContribution="159750" order="13" terminated="false" type="participant">
        
        
				
			
					
        
        <availableLanguages readOnly="true">en</availableLanguages>
        
        
					
        
        <rcn>1952213</rcn>
        
        
					
        
        <id>956723805</id>
        
        
					
        
        <vatNumber>CZ24173720</vatNumber>
        
        
					
        
        <legalName>AMIRES SRO</legalName>
        
        
					
        
        <shortName>AMI</shortName>
        
        
					
        
        <address>
          
          
						
          
          <street>STAVITELSKA 1099/6</street>
          
          
						
          
          <city>PRAHA 6</city>
          
          
						
          
          <postalCode>160 00</postalCode>
          
          
						
          
          <country>CZ</country>
          
          
						
          
          <postBox>000</postBox>
          
          
					
        
        </address>
        
        
					
        
        <departmentName>Management of EU projects</departmentName>
        
        
					
        
        <relations>
          
          
						
          
          <categories>
            
            
							
            
            <category classification="organizationActivityType" type="relatedOrganizationActivityType">
              
              
								
              
              <availableLanguages readOnly="true">en</availableLanguages>
              
              
								
              
              <code>/PRC</code>
              
              
								
              
              <title>Private for-profit entities (excluding Higher or Secondary Education Establishments)</title>
              
              
								
							
            
            </category>
            
            
						
          
          </categories>
          
          
						
          
          <regions>
            
            
							
            
            <region type="relatedRegion">
              
              
								
							
									
              
              <name>Czech Republic</name>
              
              
									
              
              <nutsCode>CZ</nutsCode>
              
              
									
              
              <euCode>CZ</euCode>
              
              
									
              
              <isoCode>CZ</isoCode>
              
              
									
              
              <rcn>210668072</rcn>
              
              
								
            
            </region>
            
            
						
          
          </regions>
          
          
					
        
        </relations>
        
        
				
      
      </organization>
      
      
			
      
      <organization ecContribution="213750" order="7" terminated="false" type="participant">
        
        
				
			
					
        
        <availableLanguages readOnly="true">en</availableLanguages>
        
        
					
        
        <rcn>1905892</rcn>
        
        
					
        
        <id>999839626</id>
        
        
					
        
        <vatNumber>IT00434690384</vatNumber>
        
        
					
        
        <legalName>UNIVERSITA DEGLI STUDI DI FERRARA</legalName>
        
        
					
        
        <shortName>UNIFE</shortName>
        
        
					
        
        <address>
          
          
						
          
          <street>VIA ARIOSTO 35</street>
          
          
						
          
          <city>FERRARA</city>
          
          
						
          
          <postalCode>44121</postalCode>
          
          
						
          
          <country>IT</country>
          
          
						
          
          <postBox>000</postBox>
          
          
						
          
          <url>www.unife.it</url>
          
          
					
        
        </address>
        
        
					
        
        <departmentName>Dipartimento di medicina clinica e sperimentale</departmentName>
        
        
					
        
        <relations>
          
          
						
          
          <categories>
            
            
							
            
            <category classification="organizationActivityType" type="relatedOrganizationActivityType">
              
              
								
              
              <availableLanguages readOnly="true">en</availableLanguages>
              
              
								
              
              <code>/HES</code>
              
              
								
              
              <title>Higher or Secondary Education Establishments</title>
              
              
								
							
            
            </category>
            
            
						
          
          </categories>
          
          
						
          
          <regions>
            
            
							
            
            <region type="relatedRegion">
              
              
								
							
									
              
              <name>Italy</name>
              
              
									
              
              <nutsCode>IT</nutsCode>
              
              
									
              
              <euCode>IT</euCode>
              
              
									
              
              <isoCode>IT</isoCode>
              
              
									
              
              <rcn>309758504</rcn>
              
              
								
            
            </region>
            
            
						
          
          </regions>
          
          
					
        
        </relations>
        
        
				
      
      </organization>
      
      
			
      
      <organization ecContribution="407375" order="4" terminated="false" type="participant">
        
        
				
			
					
        
        <availableLanguages readOnly="true">en</availableLanguages>
        
        
					
        
        <rcn>2391971</rcn>
        
        
					
        
        <id>985625925</id>
        
        
					
        
        <vatNumber>IT01033011006</vatNumber>
        
        
					
        
        <legalName>ISTITUTI FISIOTERAPICI OSPITALIERI</legalName>
        
        
					
        
        <shortName>IFO</shortName>
        
        
					
        
        <address>
          
          
						
          
          <street>VIA CHIANESI 53</street>
          
          
						
          
          <city>ROMA</city>
          
          
						
          
          <postalCode>00144</postalCode>
          
          
						
          
          <country>IT</country>
          
          
					
        
        </address>
        
        
					
        
        <departmentName>ADMINISTRATIVE SERVICES FOR RESEARCH</departmentName>
        
        
					
        
        <relations>
          
          
						
          
          <categories>
            
            
							
            
            <category classification="organizationActivityType" type="relatedOrganizationActivityType">
              
              
								
              
              <availableLanguages readOnly="true">en</availableLanguages>
              
              
								
              
              <code>/REC</code>
              
              
								
              
              <title>Research Organisations</title>
              
              
								
							
            
            </category>
            
            
						
          
          </categories>
          
          
						
          
          <regions>
            
            
							
            
            <region type="relatedRegion">
              
              
								
							
									
              
              <name>Italy</name>
              
              
									
              
              <nutsCode>IT</nutsCode>
              
              
									
              
              <euCode>IT</euCode>
              
              
									
              
              <isoCode>IT</isoCode>
              
              
									
              
              <rcn>309758504</rcn>
              
              
								
            
            </region>
            
            
						
          
          </regions>
          
          
					
        
        </relations>
        
        
				
      
      </organization>
      
      
			
      
      <programme type="relatedProgramme">
        
        
				
			
					
        
        <availableLanguages readOnly="true">de,en,es,fr,it,pl</availableLanguages>
        
        
					
        
        <rcn>664237</rcn>
        
        
					
        
        <code>H2020-EU.3.1.</code>
        
        
					
        
        <frameworkProgramme>H2020</frameworkProgramme>
        
        
					
        
        <pga>H2020-EU.3.1.</pga>
        
        
					
        
        <title>SOCIETAL CHALLENGES - Health, demographic change and well-being</title>
        
        
					
        
        <shortTitle>Health</shortTitle>
        
        
					
        
        <parent>
          
          
						
          
          <programme>
            
            
							
            
            <rcn>664235</rcn>
            
            
							
            
            <code>H2020-EU.3.</code>
            
            
							
            
            <parent>
              
              
								
              
              <programme>
                
                
									
                
                <rcn>664087</rcn>
                
                
									
                
                <code>H2020-EC</code>
                
                
									
                
                <parent>
                  
                  
										
                  
                  <programme>
                    
                    
											
                    
                    <rcn>664086</rcn>
                    
                    
											
                    
                    <code>H2020</code>
                    
                    
										
                  
                  </programme>
                  
                  
									
                
                </parent>
                
                
								
              
              </programme>
              
              
							
            
            </parent>
            
            
						
          
          </programme>
          
          
					
        
        </parent>
        
        
				
      
      </programme>
      
      
			
      
      <programme type="relatedSubProgramme">
        
        
				
			
					
        
        <availableLanguages readOnly="true">en</availableLanguages>
        
        
					
        
        <rcn>665179</rcn>
        
        
					
        
        <code>PHC-10-2014</code>
        
        
					
        
        <frameworkProgramme>H2020-Topics</frameworkProgramme>
        
        
					
        
        <title>Development of new diagnostic tools and technologies: in vitro devices, assays and platforms</title>
        
        
					
        
        <parent>
          
          
						
          
          <programme>
            
            
							
            
            <rcn>20200</rcn>
            
            
							
            
            <code>H2020-Topics</code>
            
            
						
          
          </programme>
          
          
					
        
        </parent>
        
        
				
      
      </programme>
      
      
			
      
      <result source="corda" type="relatedResult">
        
        
				
			
					
        
        <availableLanguages readOnly="true">en</availableLanguages>
        
        
					
        
        <rcn>208844</rcn>
        
        
					
        
        <title>Streptavidin-coated gold nanoparticles: critical role of oligonucleotides on stability and fractal aggregation</title>
        
        
					
        
        <details>
          
          
						
          
          <authors>Roberta D'Agata, Pasquale Palladino, Giuseppe Spoto</authors>
          
          
						
          
          <journalTitle>Beilstein Journal of Nanotechnology</journalTitle>
          
          
						
          
          <journalNumber>8</journalNumber>
          
          
						
          
          <publisher>Beilstein-Institut Zur Forderung der Chemischen Wissenschaften</publisher>
          
          
						
          
          <publishedYear>2017</publishedYear>
          
          
						
          
          <publishedPages>1-11</publishedPages>
          
          
					
        
        </details>
        
        
					
        
        <identifiers>
          
          
						
          
          <doi>10.3762/bjnano.8.1</doi>
          
          
						
          
          <issn>2190-4286</issn>
          
          
					
        
        </identifiers>
        
        
					
        
        <contentUpdateDate>2017-11-14 17:58:25</contentUpdateDate>
        
        
					
        
        <relations>
          
          
						
          
          <categories>
            
            
							
            
            <category classification="collection" type="belongsTo">
              
              
								
              
              <availableLanguages readOnly="true">de,en,es,fr,it,pl</availableLanguages>
              
              
								
              
              <code>/publication</code>
              
              
								
              
              <title>Project publication</title>
              
              
								
							
            
            </category>
            
            
							
            
            <category classification="projectPublication" type="isPublishedAs">
              
              
								
              
              <availableLanguages readOnly="true">de,en,es,fr,it,pl</availableLanguages>
              
              
								
              
              <code>/PEER_REVIEWED_ARTICLE</code>
              
              
								
              
              <title>Peer reviewed article</title>
              
              
								
							
            
            </category>
            
            
							
            
            <category classification="source" type="isProvidedBy">
              
              
								
              
              <availableLanguages readOnly="true">de,en,es,fr,it,pl</availableLanguages>
              
              
								
              
              <code>/corda</code>
              
              
								
              
              <title>CORDA</title>
              
              
								
							
            
            </category>
            
            
						
          
          </categories>
          
          
					
        
        </relations>
        
        
				
      
      </result>
      
      
			
      
      <result source="corda" type="relatedResult">
        
        
				
			
					
        
        <availableLanguages readOnly="true">en</availableLanguages>
        
        
					
        
        <rcn>208843</rcn>
        
        
					
        
        <title>A Bifunctional Monomer for On-Resin Synthesis of Polyfunctional PNAs and Tailored Induced-Fit Switching Probes</title>
        
        
					
        
        <details>
          
          
						
          
          <authors>Alex Manicardi, Alessandro Bertucci, Andrea Rozzi, Roberto Corradini</authors>
          
          
						
          
          <journalTitle>Organic Letters</journalTitle>
          
          
						
          
          <journalNumber>18/21</journalNumber>
          
          
						
          
          <publisher>American Chemical Society</publisher>
          
          
						
          
          <publishedYear>2016</publishedYear>
          
          
						
          
          <publishedPages>5452-5455</publishedPages>
          
          
					
        
        </details>
        
        
					
        
        <identifiers>
          
          
						
          
          <doi>10.1021/acs.orglett.6b02363</doi>
          
          
						
          
          <issn>1523-7060</issn>
          
          
					
        
        </identifiers>
        
        
					
        
        <contentUpdateDate>2017-11-14 17:58:22</contentUpdateDate>
        
        
					
        
        <relations>
          
          
						
          
          <categories>
            
            
							
            
            <category classification="collection" type="belongsTo">
              
              
								
              
              <availableLanguages readOnly="true">de,en,es,fr,it,pl</availableLanguages>
              
              
								
              
              <code>/publication</code>
              
              
								
              
              <title>Project publication</title>
              
              
								
							
            
            </category>
            
            
							
            
            <category classification="projectPublication" type="isPublishedAs">
              
              
								
              
              <availableLanguages readOnly="true">de,en,es,fr,it,pl</availableLanguages>
              
              
								
              
              <code>/PEER_REVIEWED_ARTICLE</code>
              
              
								
              
              <title>Peer reviewed article</title>
              
              
								
							
            
            </category>
            
            
							
            
            <category classification="source" type="isProvidedBy">
              
              
								
              
              <availableLanguages readOnly="true">de,en,es,fr,it,pl</availableLanguages>
              
              
								
              
              <code>/corda</code>
              
              
								
              
              <title>CORDA</title>
              
              
								
							
            
            </category>
            
            
						
          
          </categories>
          
          
					
        
        </relations>
        
        
				
      
      </result>
      
      
			
      
      <result source="corda" type="relatedResult">
        
        
				
			
					
        
        <availableLanguages readOnly="true">en</availableLanguages>
        
        
					
        
        <rcn>208845</rcn>
        
        
					
        
        <title>Focus on PNA Flexibility and RNA Binding using Molecular Dynamics and Metadynamics</title>
        
        
					
        
        <details>
          
          
						
          
          <authors>Massimiliano Donato Verona, Vincenzo Verdolino, Ferruccio Palazzesi, Roberto Corradini</authors>
          
          
						
          
          <journalTitle>Scientific Reports</journalTitle>
          
          
						
          
          <journalNumber>7</journalNumber>
          
          
						
          
          <publisher>Nature Publishing Group</publisher>
          
          
						
          
          <publishedYear>2017</publishedYear>
          
          
						
          
          <publishedPages>42799</publishedPages>
          
          
					
        
        </details>
        
        
					
        
        <identifiers>
          
          
						
          
          <doi>10.1038/srep42799</doi>
          
          
						
          
          <issn>2045-2322</issn>
          
          
					
        
        </identifiers>
        
        
					
        
        <contentUpdateDate>2017-11-14 17:58:28</contentUpdateDate>
        
        
					
        
        <relations>
          
          
						
          
          <categories>
            
            
							
            
            <category classification="collection" type="belongsTo">
              
              
								
              
              <availableLanguages readOnly="true">de,en,es,fr,it,pl</availableLanguages>
              
              
								
              
              <code>/publication</code>
              
              
								
              
              <title>Project publication</title>
              
              
								
							
            
            </category>
            
            
							
            
            <category classification="projectPublication" type="isPublishedAs">
              
              
								
              
              <availableLanguages readOnly="true">de,en,es,fr,it,pl</availableLanguages>
              
              
								
              
              <code>/PEER_REVIEWED_ARTICLE</code>
              
              
								
              
              <title>Peer reviewed article</title>
              
              
								
							
            
            </category>
            
            
							
            
            <category classification="source" type="isProvidedBy">
              
              
								
              
              <availableLanguages readOnly="true">de,en,es,fr,it,pl</availableLanguages>
              
              
								
              
              <code>/corda</code>
              
              
								
              
              <title>CORDA</title>
              
              
								
							
            
            </category>
            
            
						
          
          </categories>
          
          
					
        
        </relations>
        
        
				
      
      </result>
      
      
			
      
      <result source="corda" type="relatedResult">
        
        
				
			
					
        
        <availableLanguages readOnly="true">en</availableLanguages>
        
        
					
        
        <rcn>208839</rcn>
        
        
					
        
        <title>Development of the dissemination and communication strategy and project brochure &amp; templates</title>
        
        
					
        
        <description>Development of the dissemination and communication strategy and project brochure &amp; templates</description>
        
        
					
        
        <contentUpdateDate>2017-11-14 17:58:07</contentUpdateDate>
        
        
					
        
        <relations>
          
          
						
          
          <categories>
            
            
							
            
            <category classification="collection" type="belongsTo">
              
              
								
              
              <availableLanguages readOnly="true">de,en,es,fr,it,pl</availableLanguages>
              
              
								
              
              <code>/deliverable</code>
              
              
								
              
              <title>Project deliverable</title>
              
              
								
							
            
            </category>
            
            
							
            
            <category classification="deliverableType" type="isDeliveredAs">
              
              
								
              
              <availableLanguages readOnly="true">de,en,es,fr,it,pl</availableLanguages>
              
              
								
              
              <code>/R</code>
              
              
								
              
              <title>Document, report</title>
              
              
								
							
            
            </category>
            
            
							
            
            <category classification="source" type="isProvidedBy">
              
              
								
              
              <availableLanguages readOnly="true">de,en,es,fr,it,pl</availableLanguages>
              
              
								
              
              <code>/corda</code>
              
              
								
              
              <title>CORDA</title>
              
              
								
							
            
            </category>
            
            
						
          
          </categories>
          
          
						
          
          <associations>
            
            
							
            
            <webLink source="corda" type="projectDeliverable">
              
              
								
							
									
              
              <language>en</language>
              
              
									
              
              <availableLanguages readOnly="true">en</availableLanguages>
              
              
									
              
              <url>https://www.ec.europa.eu/research/participants/documents/downloadPublic?documentIds=080166e5a18ef97e&amp;appId=PPGMS</url>
              
              
									
              
              <content>Documents download module Documents download module Document download Dear user, the requested document Attachment_0 is being prepared for download. Once the download is completed you may close this window by clicking on the close button. Close © European Commission  2018  - Documents download module - Version 2.6.0 - Build 20180216-0915</content>
              
              
								
            
            </webLink>
            
            
						
          
          </associations>
          
          
					
        
        </relations>
        
        
				
      
      </result>
      
      
			
      
      <result source="corda" type="relatedResult">
        
        
				
			
					
        
        <availableLanguages readOnly="true">en</availableLanguages>
        
        
					
        
        <rcn>208842</rcn>
        
        
					
        
        <title>Targeting oncomiRNAs and mimicking tumor suppressor miRNAs: Νew trends in the development of miRNA therapeutic strategies in oncology (Review)</title>
        
        
					
        
        <details>
          
          
						
          
          <authors>Roberto Gambari, Eleonora Brognara, Demetrios Spandidos, Enrica Fabbri</authors>
          
          
						
          
          <journalTitle>International Journal of Oncology</journalTitle>
          
          
						
          
          <journalNumber>49(1)</journalNumber>
          
          
						
          
          <publisher>Demetrios A. Spandidos Ed. &amp; Pub.</publisher>
          
          
						
          
          <publishedYear>2016</publishedYear>
          
          
						
          
          <publishedPages>5-32</publishedPages>
          
          
					
        
        </details>
        
        
					
        
        <identifiers>
          
          
						
          
          <doi>10.3892/ijo.2016.3503</doi>
          
          
						
          
          <issn>1019-6439</issn>
          
          
					
        
        </identifiers>
        
        
					
        
        <contentUpdateDate>2017-11-14 17:58:19</contentUpdateDate>
        
        
					
        
        <relations>
          
          
						
          
          <categories>
            
            
							
            
            <category classification="collection" type="belongsTo">
              
              
								
              
              <availableLanguages readOnly="true">de,en,es,fr,it,pl</availableLanguages>
              
              
								
              
              <code>/publication</code>
              
              
								
              
              <title>Project publication</title>
              
              
								
							
            
            </category>
            
            
							
            
            <category classification="projectPublication" type="isPublishedAs">
              
              
								
              
              <availableLanguages readOnly="true">de,en,es,fr,it,pl</availableLanguages>
              
              
								
              
              <code>/PEER_REVIEWED_ARTICLE</code>
              
              
								
              
              <title>Peer reviewed article</title>
              
              
								
							
            
            </category>
            
            
							
            
            <category classification="source" type="isProvidedBy">
              
              
								
              
              <availableLanguages readOnly="true">de,en,es,fr,it,pl</availableLanguages>
              
              
								
              
              <code>/corda</code>
              
              
								
              
              <title>CORDA</title>
              
              
								
							
            
            </category>
            
            
						
          
          </categories>
          
          
					
        
        </relations>
        
        
				
      
      </result>
      
      
			
      
      <result source="corda" type="relatedResult">
        
        
				
			
					
        
        <availableLanguages readOnly="true">en</availableLanguages>
        
        
					
        
        <rcn>208841</rcn>
        
        
					
        
        <title>Plasmonically amplified bioassay – Total internal reflection fluorescence vs. epifluorescence geometry</title>
        
        
					
        
        <details>
          
          
						
          
          <authors>Simone Hageneder, Martin Bauch, Jakub Dostalek</authors>
          
          
						
          
          <journalTitle>Talanta</journalTitle>
          
          
						
          
          <journalNumber>156-157</journalNumber>
          
          
						
          
          <publisher>Elsevier BV</publisher>
          
          
						
          
          <publishedYear>2016</publishedYear>
          
          
						
          
          <publishedPages>225-231</publishedPages>
          
          
					
        
        </details>
        
        
					
        
        <identifiers>
          
          
						
          
          <doi>10.1016/j.talanta.2016.05.023</doi>
          
          
						
          
          <issn>0039-9140</issn>
          
          
					
        
        </identifiers>
        
        
					
        
        <contentUpdateDate>2017-11-14 17:58:15</contentUpdateDate>
        
        
					
        
        <relations>
          
          
						
          
          <categories>
            
            
							
            
            <category classification="collection" type="belongsTo">
              
              
								
              
              <availableLanguages readOnly="true">de,en,es,fr,it,pl</availableLanguages>
              
              
								
              
              <code>/publication</code>
              
              
								
              
              <title>Project publication</title>
              
              
								
							
            
            </category>
            
            
							
            
            <category classification="projectPublication" type="isPublishedAs">
              
              
								
              
              <availableLanguages readOnly="true">de,en,es,fr,it,pl</availableLanguages>
              
              
								
              
              <code>/PEER_REVIEWED_ARTICLE</code>
              
              
								
              
              <title>Peer reviewed article</title>
              
              
								
							
            
            </category>
            
            
							
            
            <category classification="source" type="isProvidedBy">
              
              
								
              
              <availableLanguages readOnly="true">de,en,es,fr,it,pl</availableLanguages>
              
              
								
              
              <code>/corda</code>
              
              
								
              
              <title>CORDA</title>
              
              
								
							
            
            </category>
            
            
						
          
          </categories>
          
          
					
        
        </relations>
        
        
				
      
      </result>
      
      
			
      
      <result source="corda" type="relatedResult">
        
        
				
			
					
        
        <availableLanguages readOnly="true">en</availableLanguages>
        
        
					
        
        <rcn>208846</rcn>
        
        
					
        
        <title>DNA Detection by Flow Cytometry using PNA-Modified Metal-Organic Framework Particles</title>
        
        
					
        
        <details>
          
          
						
          
          <authors>Raquel Mejia-Ariza, Jessica Rosselli, Christian Breukers, Alex Manicardi, Leon W. M. M. Terstappen, Roberto Corradini, Jurriaan Huskens</authors>
          
          
						
          
          <journalTitle>Chemistry - A European Journal</journalTitle>
          
          
						
          
          <journalNumber>23/17</journalNumber>
          
          
						
          
          <publisher>John Wiley &amp; Sons Ltd.</publisher>
          
          
						
          
          <publishedYear>2017</publishedYear>
          
          
						
          
          <publishedPages>4180-4186</publishedPages>
          
          
					
        
        </details>
        
        
					
        
        <identifiers>
          
          
						
          
          <doi>10.1002/chem.201605803</doi>
          
          
						
          
          <issn>0947-6539</issn>
          
          
					
        
        </identifiers>
        
        
					
        
        <contentUpdateDate>2017-11-14 17:58:31</contentUpdateDate>
        
        
					
        
        <relations>
          
          
						
          
          <categories>
            
            
							
            
            <category classification="collection" type="belongsTo">
              
              
								
              
              <availableLanguages readOnly="true">de,en,es,fr,it,pl</availableLanguages>
              
              
								
              
              <code>/publication</code>
              
              
								
              
              <title>Project publication</title>
              
              
								
							
            
            </category>
            
            
							
            
            <category classification="projectPublication" type="isPublishedAs">
              
              
								
              
              <availableLanguages readOnly="true">de,en,es,fr,it,pl</availableLanguages>
              
              
								
              
              <code>/PEER_REVIEWED_ARTICLE</code>
              
              
								
              
              <title>Peer reviewed article</title>
              
              
								
							
            
            </category>
            
            
							
            
            <category classification="source" type="isProvidedBy">
              
              
								
              
              <availableLanguages readOnly="true">de,en,es,fr,it,pl</availableLanguages>
              
              
								
              
              <code>/corda</code>
              
              
								
              
              <title>CORDA</title>
              
              
								
							
            
            </category>
            
            
						
          
          </categories>
          
          
					
        
        </relations>
        
        
				
      
      </result>
      
      
			
      
      <result source="corda" type="relatedResult">
        
        
				
			
					
        
        <availableLanguages readOnly="true">en</availableLanguages>
        
        
					
        
        <rcn>208847</rcn>
        
        
					
        
        <title>A liquid biopsy model in mice bearing colorectal carcinoma xenografts: analysis of tumor derived microRNAs</title>
        
        
					
        
        <details>
          
          
						
          
          <authors>G. Donelli, A. Finotti, R. Gambari</authors>
          
          
						
          
          <journalTitle />
          
          
						
          
          <journalNumber />
          
          
						
          
          <publisher>UNIVERSITA’ DEGLI STUDI DI FERRARA - CORSO DI LAUREA IN CHIMICA E TECNOLOGIA</publisher>
          
          
						
          
          <publishedYear>2016</publishedYear>
          
          
						
          
          <publishedPages />
          
          
					
        
        </details>
        
        
					
        
        <contentUpdateDate>2017-11-14 17:58:34</contentUpdateDate>
        
        
					
        
        <relations>
          
          
						
          
          <categories>
            
            
							
            
            <category classification="collection" type="belongsTo">
              
              
								
              
              <availableLanguages readOnly="true">de,en,es,fr,it,pl</availableLanguages>
              
              
								
              
              <code>/publication</code>
              
              
								
              
              <title>Project publication</title>
              
              
								
							
            
            </category>
            
            
							
            
            <category classification="projectPublication" type="isPublishedAs">
              
              
								
              
              <availableLanguages readOnly="true">de,en,es,fr,it,pl</availableLanguages>
              
              
								
              
              <code>/THESIS_DISSERTATION</code>
              
              
								
              
              <title>Thesis dissertation</title>
              
              
								
							
            
            </category>
            
            
							
            
            <category classification="source" type="isProvidedBy">
              
              
								
              
              <availableLanguages readOnly="true">de,en,es,fr,it,pl</availableLanguages>
              
              
								
              
              <code>/corda</code>
              
              
								
              
              <title>CORDA</title>
              
              
								
							
            
            </category>
            
            
						
          
          </categories>
          
          
					
        
        </relations>
        
        
				
      
      </result>
      
      
			
      
      <result source="corda" type="relatedResult">
        
        
				
			
					
        
        <availableLanguages readOnly="true">en</availableLanguages>
        
        
					
        
        <rcn>208840</rcn>
        
        
					
        
        <title>Webpage of the project fully operational</title>
        
        
					
        
        <description>At M1 the domain for the website will be blocked and a rudimentary first version of the web-site will be available. The full functionality will be ready at M4.</description>
        
        
					
        
        <contentUpdateDate>2017-11-14 17:58:10</contentUpdateDate>
        
        
					
        
        <relations>
          
          
						
          
          <categories>
            
            
							
            
            <category classification="collection" type="belongsTo">
              
              
								
              
              <availableLanguages readOnly="true">de,en,es,fr,it,pl</availableLanguages>
              
              
								
              
              <code>/deliverable</code>
              
              
								
              
              <title>Project deliverable</title>
              
              
								
							
            
            </category>
            
            
							
            
            <category classification="deliverableType" type="isDeliveredAs">
              
              
								
              
              <availableLanguages readOnly="true">de,en,es,fr,it,pl</availableLanguages>
              
              
								
              
              <code>/O</code>
              
              
								
              
              <title>Other</title>
              
              
								
							
            
            </category>
            
            
							
            
            <category classification="source" type="isProvidedBy">
              
              
								
              
              <availableLanguages readOnly="true">de,en,es,fr,it,pl</availableLanguages>
              
              
								
              
              <code>/corda</code>
              
              
								
              
              <title>CORDA</title>
              
              
								
							
            
            </category>
            
            
						
          
          </categories>
          
          
						
          
          <associations>
            
            
							
            
            <webLink source="corda" type="projectDeliverable">
              
              
								
							
									
              
              <language>en</language>
              
              
									
              
              <availableLanguages readOnly="true">en</availableLanguages>
              
              
									
              
              <url>https://www.ec.europa.eu/research/participants/documents/downloadPublic?documentIds=080166e5a1806346&amp;appId=PPGMS</url>
              
              
									
              
              <content>Documents download module Documents download module Document download Dear user, the requested document Attachment_0 is being prepared for download. Once the download is completed you may close this window by clicking on the close button. Close © European Commission  2018  - Documents download module - Version 2.6.0 - Build 20180216-0915</content>
              
              
								
            
            </webLink>
            
            
						
          
          </associations>
          
          
					
        
        </relations>
        
        
				
      
      </result>
      
      
			
      
      <result type="relatedResult">
        
        
				
			
					
        
        <availableLanguages readOnly="true">en</availableLanguages>
        
        
					
        
        <rcn>195238</rcn>
        
        
					
        
        <title>Periodic Reporting for period 1 - ULTRAPLACAD (ULTRAsensitive PLAsmonic devices for early CAncer Diagnosis)</title>
        
        
					
        
        <teaser>Colorectal cancer is a lethal disease responsible for more than 200,000 deaths per year in Europe, with similar absolute numbers for men and women. It is the second most common cancer in Europe in terms of incidence rates (after breast cancer) and also the second cancer in...</teaser>
        
        
					
        
        <description>periodic</description>
        
        
					
        
        <contentUpdateDate>2017-02-23 14:49:02</contentUpdateDate>
        
        
					
        
        <relations>
          
          
						
          
          <categories>
            
            
							
            
            <category classification="collection" type="belongsTo">
              
              
								
              
              <availableLanguages readOnly="true">de,en,es,fr,it,pl</availableLanguages>
              
              
								
              
              <code>/pubsum</code>
              
              
								
              
              <title>Report Summary</title>
              
              
								
							
            
            </category>
            
            
							
            
            <category classification="resultCategory" type="relatedResultCategory">
              
              
								
              
              <availableLanguages readOnly="true">en</availableLanguages>
              
              
								
              
              <code>/report</code>
              
              
								
              
              <title>Report summary</title>
              
              
								
							
            
            </category>
            
            
							
            
            <category classification="source" type="isProvidedBy">
              
              
								
              
              <availableLanguages readOnly="true">de,en,es,fr,it,pl</availableLanguages>
              
              
								
              
              <code>/corda</code>
              
              
								
              
              <title>CORDA</title>
              
              
								
							
            
            </category>
            
            
						
          
          </categories>
          
          
						
          
          <associations>
            
            
							
            
            <webItem type="relatedResultAttachment">
              
              
								
							
									
              
              <language>en</language>
              
              
									
              
              <availableLanguages readOnly="true">en,any</availableLanguages>
              
              
									
              
              <uri>/docs/results/h2020/633/633937_PS/ultraplacad-concept-picture.png</uri>
              
              
									
              
              <alternativeText>Concept picture of ULTRAPLACAD disposable plasmonic chip (left) and compact reader (right)</alternativeText>
              
              
									
              
              <mimetype readOnly="true">image/png</mimetype>
              
              
									
              
              <size readOnly="true">0</size>
              
              
								
            
            </webItem>
            
            
						
          
          </associations>
          
          
					
        
        </relations>
        
        
				
      
      </result>
      
      
		
    
    </associations>
    
    
		
    
    <categories>
      
      
			
      
      <category classification="projectFundingSchemeCategory" type="relatedProjectFundingSchemeCategory">
        
        
				
        
        <availableLanguages readOnly="true">en</availableLanguages>
        
        
				
        
        <code>/RIA</code>
        
        
				
        
        <title>Research and Innovation action</title>
        
        
				
			
      
      </category>
      
      
		
    
    </categories>
    
    
	
  
  </relations>
  
  
	


</project>

