<?xml version="1.0" encoding="UTF-8"?>
<project xmlns="http://cordis.europa.eu">
  
  
	
	
  
  <language>en</language>
  
  
	
  
  <availableLanguages readOnly="true">en</availableLanguages>
  
  
	
  
  <rcn>193321</rcn>
  
  
	
  
  <reference>635183</reference>
  
  
	
  
  <acronym>ADVOCATE</acronym>
  
  
	
  
  <teaser>ADVOCATE brings together top principal investigators from prestigious universities, the public sector, and the private sector to address the most common diseases affecting humanity, as measured by the recent Global Burden of Disease Study. ADVOCATE strives to optimise delivery...</teaser>
  
  
	
  
  <objective>ADVOCATE brings together top principal investigators from prestigious universities, the public sector, and the private sector to address the most common diseases affecting humanity, as measured by the recent Global Burden of Disease Study. ADVOCATE strives to optimise delivery of oral health and wellbeing to the population in EU Member States. This requires a change in oral health care delivery towards prevention. The change will be achieved by developing a model that promotes a preventive rather than restorative oral health care system: The oral health care model 2020.  As the oral health care delivery system is not as overly complex as other health care systems, the oral health care model 2020 may serve as a blueprint for other health care system reforms. 

The development of this model requires intensive information exchange and engagement of stakeholders to establish a set of key-indicators. These indicators will be used to benchmark health care performance on practice as well as system level. Two types of evidence-based indicators will be selected: Quantitative and qualitative indicators that allow measuring and influencing of either intrinsic motivation or extrinsic motivation incentives towards a patient centred, resilient and prevention oriented oral health care system. ADVOCATE will test this model in a natural environment, and provide evidence-informed policy measures towards its implementation, both for oral health care systems as well as other health care systems.
Given the comprehensiveness of the topic, ADVOCATE uses a targeted approach that is entirely focused on the five major root-causes underlying the current suboptimal performance of oral health care systems. Moreover, ADVOCATE has confirmed access to data of eight European oral health care databases; it is well connected to existing initiatives and networks, and has ample support from preventive oriented industry, as exemplified by the financial support provided for the final conference.</objective>
  
  
	
  
  <title>Added Value for Oral Care</title>
  
  
	
  
  <totalCost>5993032.75</totalCost>
  
  
	
  
  <ecMaxContribution>5993032.5</ecMaxContribution>
  
  
	
  
  <startDate>2015-05-01</startDate>
  
  
	
  
  <endDate>2019-04-30</endDate>
  
  
	
  
  <contract>
    
    
		
    
    <duration>48</duration>
    
    
	
  
  </contract>
  
  
	
  
  <status>SIGNED</status>
  
  
	
  
  <sourceUpdateDate>2017-05-24 10:21:56</sourceUpdateDate>
  
  
	
  
  <contentCreationDate readOnly="true">2015-05-05 16:07:56</contentCreationDate>
  
  
	
  
  <contentUpdateDate>2017-05-10 22:58:54</contentUpdateDate>
  
  
	
  
  <lastUpdateDate readOnly="true">2017-05-24 10:21:56</lastUpdateDate>
  
  
	
  
  <relations>
    
    
		
    
    <associations>
      
      
			
      
      <call type="relatedCall">
        
        
				
			
					
        
        <rcn>783</rcn>
        
        
					
        
        <title>H2020-PHC-2014-two-stage</title>
        
        
					
        
        <identifier>H2020-PHC-2014-two-stage</identifier>
        
        
				
      
      </call>
      
      
			
      
      <organization ecContribution="1372935.5" order="3" terminated="false" type="participant">
        
        
				
			
					
        
        <availableLanguages readOnly="true">en</availableLanguages>
        
        
					
        
        <rcn>1905554</rcn>
        
        
					
        
        <id>954530344</id>
        
        
					
        
        <vatNumber>NL851029279B01</vatNumber>
        
        
					
        
        <legalName>STICHTING VU</legalName>
        
        
					
        
        <shortName>VU</shortName>
        
        
					
        
        <address>
          
          
						
          
          <street>DE BOELELAAN 1105</street>
          
          
						
          
          <city>AMSTERDAM</city>
          
          
						
          
          <postalCode>1081 HV</postalCode>
          
          
						
          
          <country>NL</country>
          
          
						
          
          <postBox>000</postBox>
          
          
						
          
          <url>www.vu.nl</url>
          
          
					
        
        </address>
        
        
					
        
        <departmentName>Faculty of Sciences</departmentName>
        
        
					
        
        <relations>
          
          
						
          
          <categories>
            
            
							
            
            <category classification="organizationActivityType" type="relatedOrganizationActivityType">
              
              
								
              
              <availableLanguages readOnly="true">en</availableLanguages>
              
              
								
              
              <code>/HES</code>
              
              
								
              
              <title>Higher or Secondary Education Establishments</title>
              
              
								
							
            
            </category>
            
            
						
          
          </categories>
          
          
						
          
          <regions>
            
            
							
            
            <region type="relatedRegion">
              
              
								
							
									
              
              <name>Netherlands</name>
              
              
									
              
              <nutsCode>NL</nutsCode>
              
              
									
              
              <euCode>NL</euCode>
              
              
									
              
              <isoCode>NL</isoCode>
              
              
									
              
              <rcn>391547432</rcn>
              
              
								
            
            </region>
            
            
						
          
          </regions>
          
          
					
        
        </relations>
        
        
				
      
      </organization>
      
      
			
      
      <organization ecContribution="365150" order="5" terminated="false" type="participant">
        
        
				
			
					
        
        <availableLanguages readOnly="true">en</availableLanguages>
        
        
					
        
        <rcn>1906270</rcn>
        
        
					
        
        <id>999991043</id>
        
        
					
        
        <vatNumber>DK29979812</vatNumber>
        
        
					
        
        <legalName>KOBENHAVNS UNIVERSITET</legalName>
        
        
					
        
        <shortName>UCPH</shortName>
        
        
					
        
        <address>
          
          
						
          
          <street>NORREGADE 10</street>
          
          
						
          
          <city>KOBENHAVN</city>
          
          
						
          
          <postalCode>1165</postalCode>
          
          
						
          
          <country>DK</country>
          
          
						
          
          <postBox>000</postBox>
          
          
						
          
          <url>www.ku.dk</url>
          
          
					
        
        </address>
        
        
					
        
        <departmentName>Central Administration</departmentName>
        
        
					
        
        <departmentName> Accounting Department</departmentName>
        
        
					
        
        <relations>
          
          
						
          
          <categories>
            
            
							
            
            <category classification="organizationActivityType" type="relatedOrganizationActivityType">
              
              
								
              
              <availableLanguages readOnly="true">en</availableLanguages>
              
              
								
              
              <code>/HES</code>
              
              
								
              
              <title>Higher or Secondary Education Establishments</title>
              
              
								
							
            
            </category>
            
            
						
          
          </categories>
          
          
						
          
          <regions>
            
            
							
            
            <region type="relatedRegion">
              
              
								
							
									
              
              <name>Denmark</name>
              
              
									
              
              <nutsCode>DK</nutsCode>
              
              
									
              
              <euCode>DK</euCode>
              
              
									
              
              <isoCode>DK</isoCode>
              
              
									
              
              <rcn>223513128</rcn>
              
              
								
            
            </region>
            
            
						
          
          </regions>
          
          
					
        
        </relations>
        
        
				
      
      </organization>
      
      
			
      
      <organization ecContribution="53250" order="7" terminated="false" type="participant">
        
        
				
			
					
        
        <availableLanguages readOnly="true">en</availableLanguages>
        
        
					
        
        <rcn>2201221</rcn>
        
        
					
        
        <id>954014304</id>
        
        
					
        
        <vatNumber>NL800880328B01</vatNumber>
        
        
					
        
        <legalName>ACHMEA BV</legalName>
        
        
					
        
        <shortName>ACH</shortName>
        
        
					
        
        <address>
          
          
						
          
          <street>HANDELSWEG 2</street>
          
          
						
          
          <city>ZEIST</city>
          
          
						
          
          <postalCode>3707 NH</postalCode>
          
          
						
          
          <country>NL</country>
          
          
						
          
          <url>www.achmea.com</url>
          
          
					
        
        </address>
        
        
					
        
        <departmentName>Finance</departmentName>
        
        
					
        
        <relations>
          
          
						
          
          <categories>
            
            
							
            
            <category classification="organizationActivityType" type="relatedOrganizationActivityType">
              
              
								
              
              <availableLanguages readOnly="true">en</availableLanguages>
              
              
								
              
              <code>/PRC</code>
              
              
								
              
              <title>Private for-profit entities (excluding Higher or Secondary Education Establishments)</title>
              
              
								
							
            
            </category>
            
            
						
          
          </categories>
          
          
						
          
          <regions>
            
            
							
            
            <region type="relatedRegion">
              
              
								
							
									
              
              <name>Netherlands</name>
              
              
									
              
              <nutsCode>NL</nutsCode>
              
              
									
              
              <euCode>NL</euCode>
              
              
									
              
              <isoCode>NL</isoCode>
              
              
									
              
              <rcn>391547432</rcn>
              
              
								
            
            </region>
            
            
						
          
          </regions>
          
          
					
        
        </relations>
        
        
				
      
      </organization>
      
      
			
      
      <organization ecContribution="60021" order="10" terminated="false" type="participant">
        
        
				
			
					
        
        <availableLanguages readOnly="true">en</availableLanguages>
        
        
					
        
        <rcn>2200124</rcn>
        
        
					
        
        <id>950993336</id>
        
        
					
        
        <legalName>NATIONAL HEALTH SERVICE COMMISSIONING BOARD</legalName>
        
        
					
        
        <shortName>NHS England</shortName>
        
        
					
        
        <address>
          
          
						
          
          <street>QUARRY HILL QUARRY HOUSE</street>
          
          
						
          
          <city>LEEDS</city>
          
          
						
          
          <postalCode>LS2 7UE</postalCode>
          
          
						
          
          <country>UK</country>
          
          
						
          
          <url>www.bristol.nhs.uk</url>
          
          
					
        
        </address>
        
        
					
        
        <relations>
          
          
						
          
          <categories>
            
            
							
            
            <category classification="organizationActivityType" type="relatedOrganizationActivityType">
              
              
								
              
              <availableLanguages readOnly="true">en</availableLanguages>
              
              
								
              
              <code>/PUB</code>
              
              
								
              
              <title>Public bodies (excluding Research Organisations and Secondary or Higher Education Establishments)</title>
              
              
								
							
            
            </category>
            
            
						
          
          </categories>
          
          
						
          
          <regions>
            
            
							
            
            <region type="relatedRegion">
              
              
								
							
									
              
              <name>United Kingdom</name>
              
              
									
              
              <nutsCode>UK</nutsCode>
              
              
									
              
              <euCode>UK</euCode>
              
              
									
              
              <isoCode>GB</isoCode>
              
              
									
              
              <rcn>508725800</rcn>
              
              
								
            
            </region>
            
            
						
          
          </regions>
          
          
					
        
        </relations>
        
        
				
      
      </organization>
      
      
			
      
      <organization ecContribution="1718705" order="1" terminated="false" type="coordinator">
        
        
				
			
					
        
        <availableLanguages readOnly="true">en</availableLanguages>
        
        
					
        
        <rcn>1906965</rcn>
        
        
					
        
        <id>999975426</id>
        
        
					
        
        <vatNumber>GB613451470</vatNumber>
        
        
					
        
        <legalName>UNIVERSITY OF LEEDS</legalName>
        
        
					
        
        <shortName>UNIVLEEDS</shortName>
        
        
					
        
        <address>
          
          
						
          
          <street>WOODHOUSE LANE</street>
          
          
						
          
          <city>LEEDS</city>
          
          
						
          
          <postalCode>LS2 9JT</postalCode>
          
          
						
          
          <country>UK</country>
          
          
						
          
          <postBox>000</postBox>
          
          
						
          
          <url>www.leeds.ac.uk</url>
          
          
					
        
        </address>
        
        
					
        
        <departmentName>Environment Faculty Research Office</departmentName>
        
        
					
        
        <relations>
          
          
						
          
          <categories>
            
            
							
            
            <category classification="organizationActivityType" type="relatedOrganizationActivityType">
              
              
								
              
              <availableLanguages readOnly="true">en</availableLanguages>
              
              
								
              
              <code>/HES</code>
              
              
								
              
              <title>Higher or Secondary Education Establishments</title>
              
              
								
							
            
            </category>
            
            
						
          
          </categories>
          
          
						
          
          <regions>
            
            
							
            
            <region type="relatedRegion">
              
              
								
							
									
              
              <name>United Kingdom</name>
              
              
									
              
              <nutsCode>UK</nutsCode>
              
              
									
              
              <euCode>UK</euCode>
              
              
									
              
              <isoCode>GB</isoCode>
              
              
									
              
              <rcn>508725800</rcn>
              
              
								
            
            </region>
            
            
						
          
          </regions>
          
          
					
        
        </relations>
        
        
				
      
      </organization>
      
      
			
      
      <organization ecContribution="9500" order="8" terminated="false" type="participant">
        
        
				
			
					
        
        <availableLanguages readOnly="true">en</availableLanguages>
        
        
					
        
        <rcn>2395319</rcn>
        
        
					
        
        <id>937250667</id>
        
        
					
        
        <legalName>SPECTRUMK GMBH</legalName>
        
        
					
        
        <shortName>spectrumk GmbH</shortName>
        
        
					
        
        <address>
          
          
						
          
          <street>SPITTELMARKT 12</street>
          
          
						
          
          <city>BERLIN</city>
          
          
						
          
          <postalCode>10117</postalCode>
          
          
						
          
          <country>DE</country>
          
          
					
        
        </address>
        
        
					
        
        <relations>
          
          
						
          
          <categories>
            
            
							
            
            <category classification="organizationActivityType" type="relatedOrganizationActivityType">
              
              
								
              
              <availableLanguages readOnly="true">en</availableLanguages>
              
              
								
              
              <code>/PRC</code>
              
              
								
              
              <title>Private for-profit entities (excluding Higher or Secondary Education Establishments)</title>
              
              
								
							
            
            </category>
            
            
						
          
          </categories>
          
          
						
          
          <regions>
            
            
							
            
            <region type="relatedRegion">
              
              
								
							
									
              
              <name>Germany</name>
              
              
									
              
              <nutsCode>DE</nutsCode>
              
              
									
              
              <euCode>DE</euCode>
              
              
									
              
              <isoCode>DE</isoCode>
              
              
									
              
              <rcn>221940264</rcn>
              
              
								
            
            </region>
            
            
						
          
          </regions>
          
          
					
        
        </relations>
        
        
				
      
      </organization>
      
      
			
      
      <organization ecContribution="1203206.5" order="2" terminated="false" type="participant">
        
        
				
			
					
        
        <availableLanguages readOnly="true">en</availableLanguages>
        
        
					
        
        <rcn>1906523</rcn>
        
        
					
        
        <id>999841081</id>
        
        
					
        
        <vatNumber>DE143293939</vatNumber>
        
        
					
        
        <legalName>UNIVERSITAETSKLINIKUM HEIDELBERG</legalName>
        
        
					
        
        <shortName>UKL-HD</shortName>
        
        
					
        
        <address>
          
          
						
          
          <street>IM NEUENHEIMER FELD 672</street>
          
          
						
          
          <city>HEIDELBERG</city>
          
          
						
          
          <postalCode>69120</postalCode>
          
          
						
          
          <country>DE</country>
          
          
						
          
          <postBox>000</postBox>
          
          
						
          
          <url>www.klinikum.uni-heidelberg.de</url>
          
          
					
        
        </address>
        
        
					
        
        <departmentName>Law Department and Third-Party Funds Management</departmentName>
        
        
					
        
        <relations>
          
          
						
          
          <categories>
            
            
							
            
            <category classification="organizationActivityType" type="relatedOrganizationActivityType">
              
              
								
              
              <availableLanguages readOnly="true">en</availableLanguages>
              
              
								
              
              <code>/HES</code>
              
              
								
              
              <title>Higher or Secondary Education Establishments</title>
              
              
								
							
            
            </category>
            
            
						
          
          </categories>
          
          
						
          
          <regions>
            
            
							
            
            <region type="relatedRegion">
              
              
								
							
									
              
              <name>Germany</name>
              
              
									
              
              <nutsCode>DE</nutsCode>
              
              
									
              
              <euCode>DE</euCode>
              
              
									
              
              <isoCode>DE</isoCode>
              
              
									
              
              <rcn>221940264</rcn>
              
              
								
            
            </region>
            
            
						
          
          </regions>
          
          
					
        
        </relations>
        
        
				
      
      </organization>
      
      
			
      
      <organization ecContribution="333583.75" order="6" terminated="false" type="participant">
        
        
				
			
					
        
        <availableLanguages readOnly="true">en</availableLanguages>
        
        
					
        
        <rcn>1907331</rcn>
        
        
					
        
        <id>999860675</id>
        
        
					
        
        <vatNumber>HU15329808</vatNumber>
        
        
					
        
        <legalName>SEMMELWEIS EGYETEM</legalName>
        
        
					
        
        <shortName>SE</shortName>
        
        
					
        
        <address>
          
          
						
          
          <street>ULLOI UTCA 26</street>
          
          
						
          
          <city>BUDAPEST</city>
          
          
						
          
          <postalCode>1085</postalCode>
          
          
						
          
          <country>HU</country>
          
          
						
          
          <postBox>1145 PF 370</postBox>
          
          
						
          
          <url>www.sote.hu</url>
          
          
					
        
        </address>
        
        
					
        
        <departmentName>Department of Pulmonology</departmentName>
        
        
					
        
        <relations>
          
          
						
          
          <categories>
            
            
							
            
            <category classification="organizationActivityType" type="relatedOrganizationActivityType">
              
              
								
              
              <availableLanguages readOnly="true">en</availableLanguages>
              
              
								
              
              <code>/HES</code>
              
              
								
              
              <title>Higher or Secondary Education Establishments</title>
              
              
								
							
            
            </category>
            
            
						
          
          </categories>
          
          
						
          
          <regions>
            
            
							
            
            <region type="relatedRegion">
              
              
								
							
									
              
              <name>Hungary</name>
              
              
									
              
              <nutsCode>HU</nutsCode>
              
              
									
              
              <euCode>HU</euCode>
              
              
									
              
              <isoCode>HU</isoCode>
              
              
									
              
              <rcn>293243432</rcn>
              
              
								
            
            </region>
            
            
						
          
          </regions>
          
          
					
        
        </relations>
        
        
				
      
      </organization>
      
      
			
      
      <organization ecContribution="336250" order="11" terminated="false" type="participant">
        
        
				
			
					
        
        <availableLanguages readOnly="true">en</availableLanguages>
        
        
					
        
        <rcn>2395322</rcn>
        
        
					
        
        <id>952790649</id>
        
        
					
        
        <legalName>Aridhia Informatics Ltd.</legalName>
        
        
					
        
        <shortName>ARIDHIA</shortName>
        
        
					
        
        <address>
          
          
						
          
          <street>Blythswood Square</street>
          
          
						
          
          <city>Glasgow</city>
          
          
						
          
          <postalCode>G2 4BG</postalCode>
          
          
						
          
          <country>UK</country>
          
          
						
          
          <postBox>N/A</postBox>
          
          
						
          
          <url>http://www.aridhia.com</url>
          
          
					
        
        </address>
        
        
					
        
        <relations>
          
          
						
          
          <categories>
            
            
							
            
            <category classification="organizationActivityType" type="relatedOrganizationActivityType">
              
              
								
              
              <availableLanguages readOnly="true">en</availableLanguages>
              
              
								
              
              <code>/PRC</code>
              
              
								
              
              <title>Private for-profit entities (excluding Higher or Secondary Education Establishments)</title>
              
              
								
							
            
            </category>
            
            
						
          
          </categories>
          
          
						
          
          <regions>
            
            
							
            
            <region type="relatedRegion">
              
              
								
							
									
              
              <name>United Kingdom</name>
              
              
									
              
              <nutsCode>UK</nutsCode>
              
              
									
              
              <euCode>UK</euCode>
              
              
									
              
              <isoCode>GB</isoCode>
              
              
									
              
              <rcn>508725800</rcn>
              
              
								
            
            </region>
            
            
						
          
          </regions>
          
          
					
        
        </relations>
        
        
				
      
      </organization>
      
      
			
      
      <organization ecContribution="353193.25" order="4" terminated="false" type="participant">
        
        
				
			
					
        
        <availableLanguages readOnly="true">en</availableLanguages>
        
        
					
        
        <rcn>1907146</rcn>
        
        
					
        
        <id>999975717</id>
        
        
					
        
        <vatNumber>IE0006286E</vatNumber>
        
        
					
        
        <legalName>UNIVERSITY COLLEGE CORK -  NATIONAL UNIVERSITY OF IRELAND, CORK</legalName>
        
        
					
        
        <shortName>UCC</shortName>
        
        
					
        
        <address>
          
          
						
          
          <street>WESTERN ROAD</street>
          
          
						
          
          <city>Cork</city>
          
          
						
          
          <postalCode>T12 YN60</postalCode>
          
          
						
          
          <country>IE</country>
          
          
						
          
          <postBox>000</postBox>
          
          
						
          
          <url>www.ucc.ie</url>
          
          
					
        
        </address>
        
        
					
        
        <departmentName>Tyndall National Institute</departmentName>
        
        
					
        
        <relations>
          
          
						
          
          <categories>
            
            
							
            
            <category classification="organizationActivityType" type="relatedOrganizationActivityType">
              
              
								
              
              <availableLanguages readOnly="true">en</availableLanguages>
              
              
								
              
              <code>/HES</code>
              
              
								
              
              <title>Higher or Secondary Education Establishments</title>
              
              
								
							
            
            </category>
            
            
						
          
          </categories>
          
          
						
          
          <regions>
            
            
							
            
            <region type="relatedRegion">
              
              
								
							
									
              
              <name>Ireland</name>
              
              
									
              
              <nutsCode>IE</nutsCode>
              
              
									
              
              <euCode>IE</euCode>
              
              
									
              
              <isoCode>IE</isoCode>
              
              
									
              
              <rcn>305826344</rcn>
              
              
								
            
            </region>
            
            
						
          
          </regions>
          
          
					
        
        </relations>
        
        
				
      
      </organization>
      
      
			
      
      <organization ecContribution="187237.5" order="9" terminated="false" type="participant">
        
        
				
			
					
        
        <availableLanguages readOnly="true">en</availableLanguages>
        
        
					
        
        <rcn>2395320</rcn>
        
        
					
        
        <id>937537690</id>
        
        
					
        
        <legalName>DECARE DENTAL IRELAND LIMITED</legalName>
        
        
					
        
        <shortName>DeCare Dental</shortName>
        
        
					
        
        <address>
          
          
						
          
          <street>Industrial Estate</street>
          
          
						
          
          <city>Claremorris</city>
          
          
						
          
          <country>IE</country>
          
          
					
        
        </address>
        
        
					
        
        <relations>
          
          
						
          
          <categories>
            
            
							
            
            <category classification="organizationActivityType" type="relatedOrganizationActivityType">
              
              
								
              
              <availableLanguages readOnly="true">en</availableLanguages>
              
              
								
              
              <code>/PRC</code>
              
              
								
              
              <title>Private for-profit entities (excluding Higher or Secondary Education Establishments)</title>
              
              
								
							
            
            </category>
            
            
						
          
          </categories>
          
          
						
          
          <regions>
            
            
							
            
            <region type="relatedRegion">
              
              
								
							
									
              
              <name>Ireland</name>
              
              
									
              
              <nutsCode>IE</nutsCode>
              
              
									
              
              <euCode>IE</euCode>
              
              
									
              
              <isoCode>IE</isoCode>
              
              
									
              
              <rcn>305826344</rcn>
              
              
								
            
            </region>
            
            
						
          
          </regions>
          
          
					
        
        </relations>
        
        
				
      
      </organization>
      
      
			
      
      <programme type="relatedProgramme">
        
        
				
			
					
        
        <availableLanguages readOnly="true">de,en,es,fr,it,pl</availableLanguages>
        
        
					
        
        <rcn>664237</rcn>
        
        
					
        
        <code>H2020-EU.3.1.</code>
        
        
					
        
        <frameworkProgramme>H2020</frameworkProgramme>
        
        
					
        
        <pga>H2020-EU.3.1.</pga>
        
        
					
        
        <title>SOCIETAL CHALLENGES - Health, demographic change and well-being</title>
        
        
					
        
        <shortTitle>Health</shortTitle>
        
        
					
        
        <parent>
          
          
						
          
          <programme>
            
            
							
            
            <rcn>664235</rcn>
            
            
							
            
            <code>H2020-EU.3.</code>
            
            
							
            
            <parent>
              
              
								
              
              <programme>
                
                
									
                
                <rcn>664087</rcn>
                
                
									
                
                <code>H2020-EC</code>
                
                
									
                
                <parent>
                  
                  
										
                  
                  <programme>
                    
                    
											
                    
                    <rcn>664086</rcn>
                    
                    
											
                    
                    <code>H2020</code>
                    
                    
										
                  
                  </programme>
                  
                  
									
                
                </parent>
                
                
								
              
              </programme>
              
              
							
            
            </parent>
            
            
						
          
          </programme>
          
          
					
        
        </parent>
        
        
				
      
      </programme>
      
      
			
      
      <programme type="relatedSubProgramme">
        
        
				
			
					
        
        <availableLanguages readOnly="true">en</availableLanguages>
        
        
					
        
        <rcn>665194</rcn>
        
        
					
        
        <code>PHC-23-2014</code>
        
        
					
        
        <frameworkProgramme>H2020-Topics</frameworkProgramme>
        
        
					
        
        <title>Developing and comparing new models for safe and efficient, prevention oriented health and care systems</title>
        
        
					
        
        <parent>
          
          
						
          
          <programme>
            
            
							
            
            <rcn>20200</rcn>
            
            
							
            
            <code>H2020-Topics</code>
            
            
						
          
          </programme>
          
          
					
        
        </parent>
        
        
				
      
      </programme>
      
      
			
      
      <result type="relatedResult">
        
        
				
			
					
        
        <availableLanguages readOnly="true">en</availableLanguages>
        
        
					
        
        <rcn>196396</rcn>
        
        
					
        
        <title>Periodic Reporting for period 1 - ADVOCATE (Added Value for Oral Care)</title>
        
        
					
        
        <teaser>What is the problem being addressed?Oral care has an annual cost in EU of €79 billion. Tooth decay, advanced gum disease and tooth loss, are largely preventable conditions. Many dental treatments represent repair of the damage caused by the disease rather than curing or...</teaser>
        
        
					
        
        <description>periodic</description>
        
        
					
        
        <contentUpdateDate>2017-03-29 15:50:40</contentUpdateDate>
        
        
					
        
        <relations>
          
          
						
          
          <categories>
            
            
							
            
            <category classification="collection" type="belongsTo">
              
              
								
              
              <availableLanguages readOnly="true">de,en,es,fr,it,pl</availableLanguages>
              
              
								
              
              <code>/pubsum</code>
              
              
								
              
              <title>Report Summary</title>
              
              
								
							
            
            </category>
            
            
							
            
            <category classification="resultCategory" type="relatedResultCategory">
              
              
								
              
              <availableLanguages readOnly="true">en</availableLanguages>
              
              
								
              
              <code>/report</code>
              
              
								
              
              <title>Report summary</title>
              
              
								
							
            
            </category>
            
            
							
            
            <category classification="source" type="isProvidedBy">
              
              
								
              
              <availableLanguages readOnly="true">de,en,es,fr,it,pl</availableLanguages>
              
              
								
              
              <code>/corda</code>
              
              
								
              
              <title>CORDA</title>
              
              
								
							
            
            </category>
            
            
						
          
          </categories>
          
          
						
          
          <associations>
            
            
							
            
            <webItem type="relatedResultAttachment">
              
              
								
							
									
              
              <language>en</language>
              
              
									
              
              <availableLanguages readOnly="true">en,any</availableLanguages>
              
              
									
              
              <uri>/docs/results/h2020/635/635183_PS/app.jpg</uri>
              
              
									
              
              <alternativeText>The public engagement App. Dutch version.</alternativeText>
              
              
									
              
              <mimetype readOnly="true">image/jpeg</mimetype>
              
              
									
              
              <size readOnly="true">0</size>
              
              
								
            
            </webItem>
            
            
						
          
          </associations>
          
          
					
        
        </relations>
        
        
				
      
      </result>
      
      
		
    
    </associations>
    
    
		
    
    <categories>
      
      
			
      
      <category classification="projectFundingSchemeCategory" type="relatedProjectFundingSchemeCategory">
        
        
				
        
        <availableLanguages readOnly="true">en</availableLanguages>
        
        
				
        
        <code>/RIA</code>
        
        
				
        
        <title>Research and Innovation action</title>
        
        
				
			
      
      </category>
      
      
		
    
    </categories>
    
    
	
  
  </relations>
  
  
	


</project>

