<?xml version="1.0" encoding="UTF-8"?>
<project xmlns="http://cordis.europa.eu">
  
  
	
	
  
  <language>en</language>
  
  
	
  
  <availableLanguages readOnly="true">en</availableLanguages>
  
  
	
  
  <rcn>193311</rcn>
  
  
	
  
  <reference>634886</reference>
  
  
	
  
  <acronym>GLORIA</acronym>
  
  
	
  
  <teaser>GLORIA aims to prove that the addition of chronic low dose glucocorticoids (GC) to current antirheumatic therapy is highly cost-effective and safe in elderly patients with rheumatoid arthritis (RA). RA is a frequent (affecting &gt; 2% of the elderly population), painful and...</teaser>
  
  
	
  
  <objective>GLORIA aims to prove that the addition of chronic low dose glucocorticoids (GC) to current antirheumatic therapy is highly cost-effective and safe in elderly patients with rheumatoid arthritis (RA). RA is a frequent (affecting &gt; 2% of the elderly population), painful and disabling chronic disease with high societal costs. RA is associated with multiple comorbidities, polypharmacy and adverse events; these problems, together with challenges in compliance (adherence) are dramatically increased in the elderly population. About 50% of patients are chronically treated with low-dose glucocorticoids (GC) in combination with other antirheumatic drugs, but without good evidence on the balance of benefit and harm. Thus, existing guidelines and information on safety and efficacy of GC are inadequate.
GLORIA will address these problems by conducting a large pragmatic trial: 800 elderly (&gt;65y) RA patients receiving standard of care will be randomized to additionally receive 5 mg prednisolone daily or placebo for 2 years. Very liberal eligibility criteria will ensure representativeness to the target population, and most data will be collected from routine clinical practice, minimizing patient and physician load, and operating costs. A novel tool will monitor compliance; it can send personalized reminders to a patient’s smart device. The efficacy of this technology will be tested in a nested trial. Compliance and other characteristics will be entered into a model that will allow personalized risk and benefit assessment in the future.
Qualitative research in patients and physicians of member states will explore expectations and challenges in guideline implementation. This information and the study results will enable an update to existing guidelines and patient information, in collaboration with guideline committees and regulatory agencies. Networking conferences will improve health technology assessment in the elderly in general.</objective>
  
  
	
  
  <title>Comparing the effectiveness and safety of additional low-dose glucocorticoid in treatment strategies for elderly patients with rheumatoid arthritis</title>
  
  
	
  
  <totalCost>6001715</totalCost>
  
  
	
  
  <ecMaxContribution>5993589.5</ecMaxContribution>
  
  
	
  
  <startDate>2015-09-01</startDate>
  
  
	
  
  <endDate>2020-08-31</endDate>
  
  
	
  
  <contract>
    
    
		
    
    <duration>60</duration>
    
    
	
  
  </contract>
  
  
	
  
  <status>SIGNED</status>
  
  
	
  
  <sourceUpdateDate>2017-10-17 13:14:25</sourceUpdateDate>
  
  
	
  
  <contentCreationDate readOnly="true">2015-05-05 16:07:06</contentCreationDate>
  
  
	
  
  <contentUpdateDate>2017-08-17 12:51:16</contentUpdateDate>
  
  
	
  
  <lastUpdateDate readOnly="true">2017-11-10 16:43:25</lastUpdateDate>
  
  
	
  
  <relations>
    
    
		
    
    <associations>
      
      
			
      
      <call type="relatedCall">
        
        
				
			
					
        
        <rcn>783</rcn>
        
        
					
        
        <title>H2020-PHC-2014-two-stage</title>
        
        
					
        
        <identifier>H2020-PHC-2014-two-stage</identifier>
        
        
				
      
      </call>
      
      
			
      
      <organization ecContribution="0" order="14" terminated="true" type="participant">
        
        
				
			
					
        
        <availableLanguages readOnly="true">en</availableLanguages>
        
        
					
        
        <rcn>1905554</rcn>
        
        
					
        
        <id>954530344</id>
        
        
					
        
        <vatNumber>NL851029279B01</vatNumber>
        
        
					
        
        <legalName>STICHTING VU</legalName>
        
        
					
        
        <shortName>VU</shortName>
        
        
					
        
        <address>
          
          
						
          
          <street>DE BOELELAAN 1105</street>
          
          
						
          
          <city>AMSTERDAM</city>
          
          
						
          
          <postalCode>1081 HV</postalCode>
          
          
						
          
          <country>NL</country>
          
          
						
          
          <postBox>000</postBox>
          
          
						
          
          <url>www.vu.nl</url>
          
          
					
        
        </address>
        
        
					
        
        <departmentName>Faculty of Sciences</departmentName>
        
        
					
        
        <relations>
          
          
						
          
          <categories>
            
            
							
            
            <category classification="organizationActivityType" type="relatedOrganizationActivityType">
              
              
								
              
              <availableLanguages readOnly="true">en</availableLanguages>
              
              
								
              
              <code>/HES</code>
              
              
								
              
              <title>Higher or Secondary Education Establishments</title>
              
              
								
							
            
            </category>
            
            
						
          
          </categories>
          
          
						
          
          <regions>
            
            
							
            
            <region type="relatedRegion">
              
              
								
							
									
              
              <name>Netherlands</name>
              
              
									
              
              <nutsCode>NL</nutsCode>
              
              
									
              
              <euCode>NL</euCode>
              
              
									
              
              <isoCode>NL</isoCode>
              
              
									
              
              <rcn>391547432</rcn>
              
              
								
            
            </region>
            
            
						
          
          </regions>
          
          
					
        
        </relations>
        
        
				
      
      </organization>
      
      
			
      
      <organization ecContribution="203095" order="6" terminated="false" type="participant">
        
        
				
			
					
        
        <availableLanguages readOnly="true">en</availableLanguages>
        
        
					
        
        <rcn>1908182</rcn>
        
        
					
        
        <id>999881239</id>
        
        
					
        
        <vatNumber>HU17782218</vatNumber>
        
        
					
        
        <legalName>DEBRECENI EGYETEM</legalName>
        
        
					
        
        <shortName>UD</shortName>
        
        
					
        
        <address>
          
          
						
          
          <street>EGYETEM TER 1</street>
          
          
						
          
          <city>DEBRECEN</city>
          
          
						
          
          <postalCode>4032</postalCode>
          
          
						
          
          <country>HU</country>
          
          
						
          
          <postBox>37</postBox>
          
          
						
          
          <url>http://www.unideb.hu</url>
          
          
					
        
        </address>
        
        
					
        
        <departmentName>University of Debrecen</departmentName>
        
        
					
        
        <departmentName>3rd Department of Medicine</departmentName>
        
        
					
        
        <departmentName>Clinical</departmentName>
        
        
					
        
        <relations>
          
          
						
          
          <categories>
            
            
							
            
            <category classification="organizationActivityType" type="relatedOrganizationActivityType">
              
              
								
              
              <availableLanguages readOnly="true">en</availableLanguages>
              
              
								
              
              <code>/HES</code>
              
              
								
              
              <title>Higher or Secondary Education Establishments</title>
              
              
								
							
            
            </category>
            
            
						
          
          </categories>
          
          
						
          
          <regions>
            
            
							
            
            <region type="relatedRegion">
              
              
								
							
									
              
              <name>Hungary</name>
              
              
									
              
              <nutsCode>HU</nutsCode>
              
              
									
              
              <euCode>HU</euCode>
              
              
									
              
              <isoCode>HU</isoCode>
              
              
									
              
              <rcn>293243432</rcn>
              
              
								
            
            </region>
            
            
						
          
          </regions>
          
          
					
        
        </relations>
        
        
				
      
      </organization>
      
      
			
      
      <organization ecContribution="203095" order="5" terminated="false" type="participant">
        
        
				
			
					
        
        <availableLanguages readOnly="true">en</availableLanguages>
        
        
					
        
        <rcn>2181978</rcn>
        
        
					
        
        <id>962056477</id>
        
        
					
        
        <vatNumber>SK2020530732</vatNumber>
        
        
					
        
        <legalName>NARODNY USTAV REUMATICKYCH CHOROB-NURCH NIRD NATIONAL INSTITUTE OF RHEUMATIC DISEASES</legalName>
        
        
					
        
        <shortName>NURCH NIRD</shortName>
        
        
					
        
        <address>
          
          
						
          
          <street>NABREZIE IVANA KRASKU 4</street>
          
          
						
          
          <city>PIESTANY</city>
          
          
						
          
          <postalCode>92112</postalCode>
          
          
						
          
          <country>SK</country>
          
          
						
          
          <url>www.nurch.sk</url>
          
          
					
        
        </address>
        
        
					
        
        <relations>
          
          
						
          
          <categories>
            
            
							
            
            <category classification="organizationActivityType" type="relatedOrganizationActivityType">
              
              
								
              
              <availableLanguages readOnly="true">en</availableLanguages>
              
              
								
              
              <code>/PUB</code>
              
              
								
              
              <title>Public bodies (excluding Research Organisations and Secondary or Higher Education Establishments)</title>
              
              
								
							
            
            </category>
            
            
						
          
          </categories>
          
          
						
          
          <regions>
            
            
							
            
            <region type="relatedRegion">
              
              
								
							
									
              
              <name>Slovakia</name>
              
              
									
              
              <nutsCode>SK</nutsCode>
              
              
									
              
              <euCode>SK</euCode>
              
              
									
              
              <isoCode>SK</isoCode>
              
              
									
              
              <rcn>475171368</rcn>
              
              
								
            
            </region>
            
            
						
          
          </regions>
          
          
					
        
        </relations>
        
        
				
      
      </organization>
      
      
			
      
      <organization ecContribution="331875" order="13" terminated="false" type="participant">
        
        
				
			
					
        
        <availableLanguages readOnly="true">en</availableLanguages>
        
        
					
        
        <rcn>2394344</rcn>
        
        
					
        
        <id>950994403</id>
        
        
					
        
        <vatNumber>PT510224954</vatNumber>
        
        
					
        
        <legalName>BEYONDEVICES LDA</legalName>
        
        
					
        
        <shortName>BEYOND</shortName>
        
        
					
        
        <address>
          
          
						
          
          <street>ZONA INDUSTRIAL CASAL ESPINHEIRA LOTE 10</street>
          
          
						
          
          <city>SOBRAL MONTE AGRAÇO</city>
          
          
						
          
          <postalCode>2590057</postalCode>
          
          
						
          
          <country>PT</country>
          
          
					
        
        </address>
        
        
					
        
        <relations>
          
          
						
          
          <categories>
            
            
							
            
            <category classification="organizationActivityType" type="relatedOrganizationActivityType">
              
              
								
              
              <availableLanguages readOnly="true">en</availableLanguages>
              
              
								
              
              <code>/PRC</code>
              
              
								
              
              <title>Private for-profit entities (excluding Higher or Secondary Education Establishments)</title>
              
              
								
							
            
            </category>
            
            
						
          
          </categories>
          
          
						
          
          <regions>
            
            
							
            
            <region type="relatedRegion">
              
              
								
							
									
              
              <name>Portugal</name>
              
              
									
              
              <nutsCode>PT</nutsCode>
              
              
									
              
              <euCode>PT</euCode>
              
              
									
              
              <isoCode>PT</isoCode>
              
              
									
              
              <rcn>427199016</rcn>
              
              
								
            
            </region>
            
            
						
          
          </regions>
          
          
					
        
        </relations>
        
        
				
      
      </organization>
      
      
			
      
      <organization ecContribution="96125" order="11" terminated="false" type="participant">
        
        
				
			
					
        
        <availableLanguages readOnly="true">en</availableLanguages>
        
        
					
        
        <rcn>2394342</rcn>
        
        
					
        
        <id>998231172</id>
        
        
					
        
        <vatNumber>NL816957642B01</vatNumber>
        
        
					
        
        <legalName>STICHTING TOOLS</legalName>
        
        
					
        
        <shortName>Tools2use</shortName>
        
        
					
        
        <address>
          
          
						
          
          <street>MAJELLAPARK 36</street>
          
          
						
          
          <city>BUSSUM</city>
          
          
						
          
          <postalCode>1406</postalCode>
          
          
						
          
          <country>NL</country>
          
          
					
        
        </address>
        
        
					
        
        <relations>
          
          
						
          
          <categories>
            
            
							
            
            <category classification="organizationActivityType" type="relatedOrganizationActivityType">
              
              
								
              
              <availableLanguages readOnly="true">en</availableLanguages>
              
              
								
              
              <code>/OTH</code>
              
              
								
              
              <title>Other</title>
              
              
								
							
            
            </category>
            
            
						
          
          </categories>
          
          
						
          
          <regions>
            
            
							
            
            <region type="relatedRegion">
              
              
								
							
									
              
              <name>Netherlands</name>
              
              
									
              
              <nutsCode>NL</nutsCode>
              
              
									
              
              <euCode>NL</euCode>
              
              
									
              
              <isoCode>NL</isoCode>
              
              
									
              
              <rcn>391547432</rcn>
              
              
								
            
            </region>
            
            
						
          
          </regions>
          
          
					
        
        </relations>
        
        
				
      
      </organization>
      
      
			
      
      <organization ecContribution="402766.25" order="2" terminated="false" type="participant">
        
        
				
			
					
        
        <availableLanguages readOnly="true">en</availableLanguages>
        
        
					
        
        <rcn>2394333</rcn>
        
        
					
        
        <id>944023692</id>
        
        
					
        
        <vatNumber>PT510103448</vatNumber>
        
        
					
        
        <legalName>CENTRO HOSPITALAR E UNIVERSITARIO DE COIMBRA E.P.E.</legalName>
        
        
					
        
        <shortName>CHUC</shortName>
        
        
					
        
        <address>
          
          
						
          
          <street>AV DE BISSAYA, PRACETA DE MOTA PINTO</street>
          
          
						
          
          <city>COIMBRA</city>
          
          
						
          
          <postalCode>3000075</postalCode>
          
          
						
          
          <country>PT</country>
          
          
					
        
        </address>
        
        
					
        
        <relations>
          
          
						
          
          <categories>
            
            
							
            
            <category classification="organizationActivityType" type="relatedOrganizationActivityType">
              
              
								
              
              <availableLanguages readOnly="true">en</availableLanguages>
              
              
								
              
              <code>/OTH</code>
              
              
								
              
              <title>Other</title>
              
              
								
							
            
            </category>
            
            
						
          
          </categories>
          
          
						
          
          <regions>
            
            
							
            
            <region type="relatedRegion">
              
              
								
							
									
              
              <name>Portugal</name>
              
              
									
              
              <nutsCode>PT</nutsCode>
              
              
									
              
              <euCode>PT</euCode>
              
              
									
              
              <isoCode>PT</isoCode>
              
              
									
              
              <rcn>427199016</rcn>
              
              
								
            
            </region>
            
            
						
          
          </regions>
          
          
					
        
        </relations>
        
        
				
      
      </organization>
      
      
			
      
      <organization ecContribution="1501379.5" order="1" terminated="false" type="coordinator">
        
        
				
			
					
        
        <availableLanguages readOnly="true">en</availableLanguages>
        
        
					
        
        <rcn>2609438</rcn>
        
        
					
        
        <id>919322739</id>
        
        
					
        
        <vatNumber>NL855546670B01</vatNumber>
        
        
					
        
        <legalName>STICHTING VUMC</legalName>
        
        
					
        
        <shortName>VUmc</shortName>
        
        
					
        
        <address>
          
          
						
          
          <street>DE BOELELAAN 1117</street>
          
          
						
          
          <city>AMSTERDAM</city>
          
          
						
          
          <postalCode>1081 HV</postalCode>
          
          
						
          
          <country>NL</country>
          
          
						
          
          <postBox>N/A</postBox>
          
          
						
          
          <url>www.vumc.nl</url>
          
          
					
        
        </address>
        
        
					
        
        <departmentName>Rehabilitation Medicine</departmentName>
        
        
					
        
        <departmentName>MOVE</departmentName>
        
        
					
        
        <relations>
          
          
						
          
          <categories>
            
            
							
            
            <category classification="organizationActivityType" type="relatedOrganizationActivityType">
              
              
								
              
              <availableLanguages readOnly="true">en</availableLanguages>
              
              
								
              
              <code>/REC</code>
              
              
								
              
              <title>Research Organisations</title>
              
              
								
							
            
            </category>
            
            
						
          
          </categories>
          
          
						
          
          <regions>
            
            
							
            
            <region type="relatedRegion">
              
              
								
							
									
              
              <name>Netherlands</name>
              
              
									
              
              <nutsCode>NL</nutsCode>
              
              
									
              
              <euCode>NL</euCode>
              
              
									
              
              <isoCode>NL</isoCode>
              
              
									
              
              <rcn>391547432</rcn>
              
              
								
            
            </region>
            
            
						
          
          </regions>
          
          
					
        
        </relations>
        
        
				
      
      </organization>
      
      
			
      
      <organization ecContribution="472635" order="9" terminated="false" type="participant">
        
        
				
			
					
        
        <availableLanguages readOnly="true">en</availableLanguages>
        
        
					
        
        <rcn>2394340</rcn>
        
        
					
        
        <id>937775049</id>
        
        
					
        
        <vatNumber>NL819719468B01</vatNumber>
        
        
					
        
        <legalName>ACCELOVANCE EUROPE BV</legalName>
        
        
					
        
        <shortName>NLC</shortName>
        
        
					
        
        <address>
          
          
						
          
          <street>VICTORIALAAN 15</street>
          
          
						
          
          <city>'S-HERTOGENBOSCH</city>
          
          
						
          
          <postalCode>5213 JG</postalCode>
          
          
						
          
          <country>NL</country>
          
          
					
        
        </address>
        
        
					
        
        <relations>
          
          
						
          
          <categories>
            
            
							
            
            <category classification="organizationActivityType" type="relatedOrganizationActivityType">
              
              
								
              
              <availableLanguages readOnly="true">en</availableLanguages>
              
              
								
              
              <code>/PRC</code>
              
              
								
              
              <title>Private for-profit entities (excluding Higher or Secondary Education Establishments)</title>
              
              
								
							
            
            </category>
            
            
						
          
          </categories>
          
          
						
          
          <regions>
            
            
							
            
            <region type="relatedRegion">
              
              
								
							
									
              
              <name>Netherlands</name>
              
              
									
              
              <nutsCode>NL</nutsCode>
              
              
									
              
              <euCode>NL</euCode>
              
              
									
              
              <isoCode>NL</isoCode>
              
              
									
              
              <rcn>391547432</rcn>
              
              
								
            
            </region>
            
            
						
          
          </regions>
          
          
					
        
        </relations>
        
        
				
      
      </organization>
      
      
			
      
      <organization ecContribution="396845" order="3" terminated="false" type="participant">
        
        
				
			
					
        
        <availableLanguages readOnly="true">en</availableLanguages>
        
        
					
        
        <rcn>1906202</rcn>
        
        
					
        
        <id>999992692</id>
        
        
					
        
        <vatNumber>DE228847810</vatNumber>
        
        
					
        
        <legalName>CHARITE - UNIVERSITAETSMEDIZIN BERLIN</legalName>
        
        
					
        
        <shortName>CHAR</shortName>
        
        
					
        
        <address>
          
          
						
          
          <street>Chariteplatz 1</street>
          
          
						
          
          <city>BERLIN</city>
          
          
						
          
          <postalCode>10117</postalCode>
          
          
						
          
          <country>DE</country>
          
          
						
          
          <postBox>N/A</postBox>
          
          
						
          
          <url>www.charite.de</url>
          
          
					
        
        </address>
        
        
					
        
        <departmentName>Finical Department</departmentName>
        
        
					
        
        <relations>
          
          
						
          
          <categories>
            
            
							
            
            <category classification="organizationActivityType" type="relatedOrganizationActivityType">
              
              
								
              
              <availableLanguages readOnly="true">en</availableLanguages>
              
              
								
              
              <code>/HES</code>
              
              
								
              
              <title>Higher or Secondary Education Establishments</title>
              
              
								
							
            
            </category>
            
            
						
          
          </categories>
          
          
						
          
          <regions>
            
            
							
            
            <region type="relatedRegion">
              
              
								
							
									
              
              <name>Germany</name>
              
              
									
              
              <nutsCode>DE</nutsCode>
              
              
									
              
              <euCode>DE</euCode>
              
              
									
              
              <isoCode>DE</isoCode>
              
              
									
              
              <rcn>221940264</rcn>
              
              
								
            
            </region>
            
            
						
          
          </regions>
          
          
					
        
        </relations>
        
        
				
      
      </organization>
      
      
			
      
      <organization ecContribution="203095" order="4" terminated="false" type="participant">
        
        
				
			
					
        
        <availableLanguages readOnly="true">en</availableLanguages>
        
        
					
        
        <rcn>1908657</rcn>
        
        
					
        
        <id>999976687</id>
        
        
					
        
        <vatNumber>IT00754150100</vatNumber>
        
        
					
        
        <legalName>UNIVERSITA DEGLI STUDI DI GENOVA</legalName>
        
        
					
        
        <shortName>UNIGE</shortName>
        
        
					
        
        <address>
          
          
						
          
          <street>VIA BALBI 5</street>
          
          
						
          
          <city>GENOVA</city>
          
          
						
          
          <postalCode>16126</postalCode>
          
          
						
          
          <country>IT</country>
          
          
						
          
          <postBox>N/A</postBox>
          
          
						
          
          <url>www.unige.it</url>
          
          
					
        
        </address>
        
        
					
        
        <departmentName>Dpt of Electrical</departmentName>
        
        
					
        
        <departmentName> Electronic</departmentName>
        
        
					
        
        <departmentName> Telecommunications</departmentName>
        
        
					
        
        <departmentName> Engineeri</departmentName>
        
        
					
        
        <relations>
          
          
						
          
          <categories>
            
            
							
            
            <category classification="organizationActivityType" type="relatedOrganizationActivityType">
              
              
								
              
              <availableLanguages readOnly="true">en</availableLanguages>
              
              
								
              
              <code>/HES</code>
              
              
								
              
              <title>Higher or Secondary Education Establishments</title>
              
              
								
							
            
            </category>
            
            
						
          
          </categories>
          
          
						
          
          <regions>
            
            
							
            
            <region type="relatedRegion">
              
              
								
							
									
              
              <name>Italy</name>
              
              
									
              
              <nutsCode>IT</nutsCode>
              
              
									
              
              <euCode>IT</euCode>
              
              
									
              
              <isoCode>IT</isoCode>
              
              
									
              
              <rcn>309758504</rcn>
              
              
								
            
            </region>
            
            
						
          
          </regions>
          
          
					
        
        </relations>
        
        
				
      
      </organization>
      
      
			
      
      <organization ecContribution="354526.25" order="12" terminated="false" type="participant">
        
        
				
			
					
        
        <availableLanguages readOnly="true">en</availableLanguages>
        
        
					
        
        <rcn>2394343</rcn>
        
        
					
        
        <id>952690545</id>
        
        
					
        
        <vatNumber>PT505282801</vatNumber>
        
        
					
        
        <legalName>BLUEPHARMA - INDUSTRIA FARMACEUTICASA</legalName>
        
        
					
        
        <shortName>BLPH</shortName>
        
        
					
        
        <address>
          
          
						
          
          <street>SAO MARTINHO DO BISPO</street>
          
          
						
          
          <city>COIMBRA</city>
          
          
						
          
          <postalCode>3045 016</postalCode>
          
          
						
          
          <country>PT</country>
          
          
					
        
        </address>
        
        
					
        
        <relations>
          
          
						
          
          <categories>
            
            
							
            
            <category classification="organizationActivityType" type="relatedOrganizationActivityType">
              
              
								
              
              <availableLanguages readOnly="true">en</availableLanguages>
              
              
								
              
              <code>/PRC</code>
              
              
								
              
              <title>Private for-profit entities (excluding Higher or Secondary Education Establishments)</title>
              
              
								
							
            
            </category>
            
            
						
          
          </categories>
          
          
						
          
          <regions>
            
            
							
            
            <region type="relatedRegion">
              
              
								
							
									
              
              <name>Portugal</name>
              
              
									
              
              <nutsCode>PT</nutsCode>
              
              
									
              
              <euCode>PT</euCode>
              
              
									
              
              <isoCode>PT</isoCode>
              
              
									
              
              <rcn>427199016</rcn>
              
              
								
            
            </region>
            
            
						
          
          </regions>
          
          
					
        
        </relations>
        
        
				
      
      </organization>
      
      
			
      
      <organization ecContribution="203095" order="7" terminated="false" type="participant">
        
        
				
			
					
        
        <availableLanguages readOnly="true">en</availableLanguages>
        
        
					
        
        <rcn>1933094</rcn>
        
        
					
        
        <id>999875613</id>
        
        
					
        
        <legalName>UNIVERSITATEA DE MEDICINA SI FARMACIE'CAROL DAVILA' DIN BUCURESTI</legalName>
        
        
					
        
        <shortName>UMFCD</shortName>
        
        
					
        
        <address>
          
          
						
          
          <street>Dionisie Lupu 37</street>
          
          
						
          
          <city>BUCHAREST</city>
          
          
						
          
          <postalCode>020021</postalCode>
          
          
						
          
          <country>RO</country>
          
          
						
          
          <url>http://www.univermed-cdgm.ro/</url>
          
          
					
        
        </address>
        
        
					
        
        <departmentName>School of General Medicine</departmentName>
        
        
					
        
        <relations>
          
          
						
          
          <categories>
            
            
							
            
            <category classification="organizationActivityType" type="relatedOrganizationActivityType">
              
              
								
              
              <availableLanguages readOnly="true">en</availableLanguages>
              
              
								
              
              <code>/HES</code>
              
              
								
              
              <title>Higher or Secondary Education Establishments</title>
              
              
								
							
            
            </category>
            
            
						
          
          </categories>
          
          
						
          
          <regions>
            
            
							
            
            <region type="relatedRegion">
              
              
								
							
									
              
              <name>Romania</name>
              
              
									
              
              <nutsCode>RO</nutsCode>
              
              
									
              
              <euCode>RO</euCode>
              
              
									
              
              <isoCode>RO</isoCode>
              
              
									
              
              <rcn>459442728</rcn>
              
              
								
            
            </region>
            
            
						
          
          </regions>
          
          
					
        
        </relations>
        
        
				
      
      </organization>
      
      
			
      
      <organization ecContribution="1625057.5" order="10" terminated="false" type="participant">
        
        
				
			
					
        
        <availableLanguages readOnly="true">en</availableLanguages>
        
        
					
        
        <rcn>2394341</rcn>
        
        
					
        
        <id>932528028</id>
        
        
					
        
        <vatNumber>NL851286100B01</vatNumber>
        
        
					
        
        <legalName>CURVE CLINICAL BV</legalName>
        
        
					
        
        <shortName>ABD</shortName>
        
        
					
        
        <address>
          
          
						
          
          <street>JOOP GEESINKWEG 701 - 2e etage</street>
          
          
						
          
          <city>AMSTERDAM DUIVENDRECHT</city>
          
          
						
          
          <postalCode>1114</postalCode>
          
          
						
          
          <country>NL</country>
          
          
					
        
        </address>
        
        
					
        
        <relations>
          
          
						
          
          <categories>
            
            
							
            
            <category classification="organizationActivityType" type="relatedOrganizationActivityType">
              
              
								
              
              <availableLanguages readOnly="true">en</availableLanguages>
              
              
								
              
              <code>/PRC</code>
              
              
								
              
              <title>Private for-profit entities (excluding Higher or Secondary Education Establishments)</title>
              
              
								
							
            
            </category>
            
            
						
          
          </categories>
          
          
						
          
          <regions>
            
            
							
            
            <region type="relatedRegion">
              
              
								
							
									
              
              <name>Netherlands</name>
              
              
									
              
              <nutsCode>NL</nutsCode>
              
              
									
              
              <euCode>NL</euCode>
              
              
									
              
              <isoCode>NL</isoCode>
              
              
									
              
              <rcn>391547432</rcn>
              
              
								
            
            </region>
            
            
						
          
          </regions>
          
          
					
        
        </relations>
        
        
				
      
      </organization>
      
      
			
      
      <programme type="relatedProgramme">
        
        
				
			
					
        
        <availableLanguages readOnly="true">de,en,es,fr,it,pl</availableLanguages>
        
        
					
        
        <rcn>664237</rcn>
        
        
					
        
        <code>H2020-EU.3.1.</code>
        
        
					
        
        <frameworkProgramme>H2020</frameworkProgramme>
        
        
					
        
        <pga>H2020-EU.3.1.</pga>
        
        
					
        
        <title>SOCIETAL CHALLENGES - Health, demographic change and well-being</title>
        
        
					
        
        <shortTitle>Health</shortTitle>
        
        
					
        
        <parent>
          
          
						
          
          <programme>
            
            
							
            
            <rcn>664235</rcn>
            
            
							
            
            <code>H2020-EU.3.</code>
            
            
							
            
            <parent>
              
              
								
              
              <programme>
                
                
									
                
                <rcn>664087</rcn>
                
                
									
                
                <code>H2020-EC</code>
                
                
									
                
                <parent>
                  
                  
										
                  
                  <programme>
                    
                    
											
                    
                    <rcn>664086</rcn>
                    
                    
											
                    
                    <code>H2020</code>
                    
                    
										
                  
                  </programme>
                  
                  
									
                
                </parent>
                
                
								
              
              </programme>
              
              
							
            
            </parent>
            
            
						
          
          </programme>
          
          
					
        
        </parent>
        
        
				
      
      </programme>
      
      
			
      
      <programme type="relatedSubProgramme">
        
        
				
			
					
        
        <availableLanguages readOnly="true">en</availableLanguages>
        
        
					
        
        <rcn>665188</rcn>
        
        
					
        
        <code>PHC-17-2014</code>
        
        
					
        
        <frameworkProgramme>H2020-Topics</frameworkProgramme>
        
        
					
        
        <title>Comparing the effectiveness of existing healthcare interventions in the elderly</title>
        
        
					
        
        <parent>
          
          
						
          
          <programme>
            
            
							
            
            <rcn>20200</rcn>
            
            
							
            
            <code>H2020-Topics</code>
            
            
						
          
          </programme>
          
          
					
        
        </parent>
        
        
				
      
      </programme>
      
      
			
      
      <result type="relatedResult">
        
        
				
			
					
        
        <availableLanguages readOnly="true">en</availableLanguages>
        
        
					
        
        <rcn>194858</rcn>
        
        
					
        
        <title>Periodic Reporting for period 2 - GLORIA (Comparing the effectiveness and safety of additional low-dose glucocorticoid in treatment strategies for elderly patients with rheumatoid arthritis)</title>
        
        
					
        
        <teaser>GLORIA aims to prove that the addition of chronic low dose glucocorticoids (GC) to current antirheumatic therapy is highly cost-effective and safe in elderly patients with rheumatoid arthritis (RA). The main component of GLORIA is a large pragmatic trial: 800 elderly (&gt;65y) RA...</teaser>
        
        
					
        
        <description>periodic</description>
        
        
					
        
        <contentUpdateDate>2017-02-16 09:31:11</contentUpdateDate>
        
        
					
        
        <relations>
          
          
						
          
          <categories>
            
            
							
            
            <category classification="collection" type="belongsTo">
              
              
								
              
              <availableLanguages readOnly="true">de,en,es,fr,it,pl</availableLanguages>
              
              
								
              
              <code>/pubsum</code>
              
              
								
              
              <title>Report Summary</title>
              
              
								
							
            
            </category>
            
            
							
            
            <category classification="resultCategory" type="relatedResultCategory">
              
              
								
              
              <availableLanguages readOnly="true">en</availableLanguages>
              
              
								
              
              <code>/report</code>
              
              
								
              
              <title>Report summary</title>
              
              
								
							
            
            </category>
            
            
							
            
            <category classification="source" type="isProvidedBy">
              
              
								
              
              <availableLanguages readOnly="true">de,en,es,fr,it,pl</availableLanguages>
              
              
								
              
              <code>/corda</code>
              
              
								
              
              <title>CORDA</title>
              
              
								
							
            
            </category>
            
            
						
          
          </categories>
          
          
						
          
          <associations>
            
            
							
            
            <webItem source="corda" type="relatedResultAttachment">
              
              
								
							
									
              
              <language>en</language>
              
              
									
              
              <availableLanguages readOnly="true">en,any</availableLanguages>
              
              
									
              
              <uri>/docs/results/h2020/634/634886_PS/gloria-full-500.jpg</uri>
              
              
									
              
              <mimetype readOnly="true">image/jpeg</mimetype>
              
              
									
              
              <size readOnly="true">0</size>
              
              
								
            
            </webItem>
            
            
							
            
            <webLink source="corda" type="relatedWebsite">
              
              
								
							
									
              
              <language>en</language>
              
              
									
              
              <availableLanguages readOnly="true">en</availableLanguages>
              
              
									
              
              <url>http://www.gloriatrial.org</url>
              
              
									
              
              <content>GLORIA GLORIA is an international investigator – initiated trial aiming to prove (or disprove) that the addition of chronic low dose glucocorticoids to current anti-rheumatic therapy is cost-effective and safe, in elderly patients with Rheumatoid Arthritis (RA). About 50% of patients are currently treated with this strategy. GLORIA is funded by the EU Horizon 2020 Program. &gt;&gt;  NEWS Filter by All Recent Publications Opinion Posts News from GLORIA General Jan 3, 2018 - The 'official view' on glucocorticoids in rheumatoid arthritis - a systematic review of international guidelines and consensus statements This is a paper recently published by some members of GLORIA team. The GLORIA project has received funding from the European Union’s Horizon 2020 research and innovation programme under grant agreement No 634886. It is possible to download the PDF document of this paper by clicking in the following link: VIEW PDF (Arthritis Care &amp; Research DOI) 10.1002/acr.23185.  Read more Jun 15, 2017 - News from GLORIA “GLORIA part two”: In Excelsis project GLORIA is still fully operational, but we are already thinking about ‘GLORIA part two’: In Excelsis project. In Excelsis is the same study intervention, but now for patients aged 18-64. The full proposal was already submitted. For now, we need to keep on waiting for more news and wishing that another successful project may arise. Read more Jun 15, 2017 - News from GLORIA Promoting GLORIA In the Netherlands, there have been several publicity actions to expose GLORIA to patients as well as others that could be interested in the trial. An interesting movie with an interview to Professor Martin Boers was produced and it is already available on the website of the Dutch Arthritis Association (Reumafonds). The subtitle of the movie will also be translated in all participating language Read more Jun 15, 2017 - News from GLORIA GLORIA investigators meeting at EULAR Madrid This meeting will take place at EULAR (Madrid) on 16th June 2017. An update on trial status is expected and the recruitment efforts will be discussed. This will be an excellent moment to share the experiences about GLORIA trial which have already recruited patients in seven different countries: Netherlands, Germany, Portugal, Slovakia, Italy, Hungary and Romania. A presentation of the survey Read more « 1 2 3 » Toggle navigation News About Partners Doc center Surveys Patients Lay Versions Links Coordinating University Do you want to contact the GLORIA team? Please enter your message and contact details below Full Name * Email Address * Message * Organization Phone Function * Required field Expand form Send Copyright © GLORIA This project has received funding from the European Union’s Horizon 2020 research and innovationprogramme under grant agreement No 634886 (C) 2015 GLORIA</content>
              
              
								
            
            </webLink>
            
            
						
          
          </associations>
          
          
					
        
        </relations>
        
        
				
      
      </result>
      
      
			
      
      <result source="corda" type="relatedResult">
        
        
				
			
					
        
        <availableLanguages readOnly="true">en</availableLanguages>
        
        
					
        
        <rcn>206887</rcn>
        
        
					
        
        <title>Scientific content with applicable lay versions made available at website.</title>
        
        
					
        
        <description>Scientific content with applicable lay versions made available at website.</description>
        
        
					
        
        <contentUpdateDate>2017-11-10 16:40:26</contentUpdateDate>
        
        
					
        
        <relations>
          
          
						
          
          <categories>
            
            
							
            
            <category classification="collection" type="belongsTo">
              
              
								
              
              <availableLanguages readOnly="true">de,en,es,fr,it,pl</availableLanguages>
              
              
								
              
              <code>/deliverable</code>
              
              
								
              
              <title>Project deliverable</title>
              
              
								
							
            
            </category>
            
            
							
            
            <category classification="deliverableType" type="isDeliveredAs">
              
              
								
              
              <availableLanguages readOnly="true">de,en,es,fr,it,pl</availableLanguages>
              
              
								
              
              <code>/DEC</code>
              
              
								
              
              <title>Websites, patent fillings, videos etc.</title>
              
              
								
							
            
            </category>
            
            
							
            
            <category classification="source" type="isProvidedBy">
              
              
								
              
              <availableLanguages readOnly="true">de,en,es,fr,it,pl</availableLanguages>
              
              
								
              
              <code>/corda</code>
              
              
								
              
              <title>CORDA</title>
              
              
								
							
            
            </category>
            
            
						
          
          </categories>
          
          
						
          
          <associations>
            
            
							
            
            <webLink source="corda" type="projectDeliverable">
              
              
								
							
									
              
              <language>en</language>
              
              
									
              
              <availableLanguages readOnly="true">en</availableLanguages>
              
              
									
              
              <url>https://www.ec.europa.eu/research/participants/documents/downloadPublic?documentIds=080166e5ad738a59&amp;appId=PPGMS</url>
              
              
									
              
              <content>Documents download module Documents download module Document download Dear user, the requested document Attachment_0 is being prepared for download. Once the download is completed you may close this window by clicking on the close button. Close © European Commission  2018  - Documents download module - Version 2.6.0 - Build 20180216-0915</content>
              
              
								
            
            </webLink>
            
            
						
          
          </associations>
          
          
					
        
        </relations>
        
        
				
      
      </result>
      
      
		
    
    </associations>
    
    
		
    
    <categories>
      
      
			
      
      <category classification="projectFundingSchemeCategory" type="relatedProjectFundingSchemeCategory">
        
        
				
        
        <availableLanguages readOnly="true">en</availableLanguages>
        
        
				
        
        <code>/RIA</code>
        
        
				
        
        <title>Research and Innovation action</title>
        
        
				
			
      
      </category>
      
      
		
    
    </categories>
    
    
	
  
  </relations>
  
  
	


</project>

