<?xml version="1.0" encoding="UTF-8"?>
<project xmlns="http://cordis.europa.eu">
  
  
	
	
  
  <language>en</language>
  
  
	
  
  <availableLanguages readOnly="true">en</availableLanguages>
  
  
	
  
  <rcn>193357</rcn>
  
  
	
  
  <reference>635893</reference>
  
  
	
  
  <acronym>ENGRes2014</acronym>
  
  
	
  
  <teaser>On July 1 2014, Italy takes over the European Council presidency. An overall goal of the Italian presidency is to achieve a higher and more sustainable growth, to enhance the competitiveness of European markets thus enabling them to reap the benefits of economic...</teaser>
  
  
	
  
  <objective>On July 1 2014, Italy takes over the European Council presidency. An overall goal of the Italian presidency is to achieve a higher and more sustainable growth, to enhance the competitiveness of European markets thus enabling them to reap the benefits of economic interdependence.
	Among the various initiatives, the Italian presidency wishes to contribute to the discussion and elaboration of Horizon 2020 and the achievement of Europe 2020, with a special focus on the career development and training of researchers, by organising a conference on the subject.
	The proposed conference, bearing the title: EU2014 Conference on the Empowerment of the Next Generation of Researchers “Promoting talents, spreading excellence”, will take place in the city of Trento during the third week of November 2014 and will be organized by the Ministry of Education, Universities and Research in collaboration with the Autonomous Province of Trento.
	The overall theme of this conference is to discuss and reflect on the Marie Skłodowska-Curie Actions with a special focus on the concept of “Empowerment” of the next generation of researchers by addressing relevant issues such as training, recruitment and career development.
	Around 200 participants, representing policy makers at European, national and regional level, Marie Curie fellows, alumni, universities and other research organisations, as well as business leaders will gather to address issues like how a truly open European labour market for researchers can become reality, how talent can be nurtured to grow into excellence, how train and retrain the scientific workforce in dialogue with industry, how it is possible to unlock the full potential of new researchers and achieve the economic and societal goals of Europe 2020.
The conference is envisaged as an instrument of the EC and EU MS to promote intensive communication of information, best practices and further collaborations among researchers, policymakers, and industry around MSC actions.</objective>
  
  
	
  
  <title>EU2014 Conference on the Empowerment of the Next Generation of Researchers - “Promoting talents, spreading excellence”</title>
  
  
	
  
  <totalCost>150825</totalCost>
  
  
	
  
  <ecMaxContribution>150000</ecMaxContribution>
  
  
	
  
  <startDate>2014-08-01</startDate>
  
  
	
  
  <endDate>2015-05-31</endDate>
  
  
	
  
  <contract>
    
    
		
    
    <duration>10</duration>
    
    
	
  
  </contract>
  
  
	
  
  <status>SIGNED</status>
  
  
	
  
  <sourceUpdateDate>2016-03-09 15:24:06</sourceUpdateDate>
  
  
	
  
  <contentCreationDate readOnly="true">2015-05-05 16:10:59</contentCreationDate>
  
  
	
  
  <contentUpdateDate>2015-07-30 11:04:36</contentUpdateDate>
  
  
	
  
  <lastUpdateDate readOnly="true">2016-03-09 15:24:06</lastUpdateDate>
  
  
	
  
  <relations>
    
    
		
    
    <associations>
      
      
			
      
      <call type="relatedCall">
        
        
				
			
					
        
        <rcn>857</rcn>
        
        
					
        
        <title>H2020-Adhoc-2014-20</title>
        
        
					
        
        <identifier>H2020-Adhoc-2014-20</identifier>
        
        
				
      
      </call>
      
      
			
      
      <organization ecContribution="150000" order="1" terminated="false" type="coordinator">
        
        
				
			
					
        
        <availableLanguages readOnly="true">en</availableLanguages>
        
        
					
        
        <rcn>1906767</rcn>
        
        
					
        
        <id>999641358</id>
        
        
					
        
        <vatNumber>IT97429780584</vatNumber>
        
        
					
        
        <legalName>MINISTERO DELL'ISTRUZIONE, DELL'UNIVERSITA' E DELLA RICERCA</legalName>
        
        
					
        
        <shortName>MIUR</shortName>
        
        
					
        
        <address>
          
          
						
          
          <street>Via Michele Carcani 61</street>
          
          
						
          
          <city>ROMA</city>
          
          
						
          
          <postalCode>00153</postalCode>
          
          
						
          
          <country>IT</country>
          
          
						
          
          <url>www.istruzione.it</url>
          
          
					
        
        </address>
        
        
					
        
        <departmentName>Direzione Generale per l'Internazionalizzazione della Ricerc</departmentName>
        
        
					
        
        <relations>
          
          
						
          
          <categories>
            
            
							
            
            <category classification="organizationActivityType" type="relatedOrganizationActivityType">
              
              
								
              
              <availableLanguages readOnly="true">en</availableLanguages>
              
              
								
              
              <code>/PUB</code>
              
              
								
              
              <title>Public bodies (excluding Research Organisations and Secondary or Higher Education Establishments)</title>
              
              
								
							
            
            </category>
            
            
						
          
          </categories>
          
          
						
          
          <regions>
            
            
							
            
            <region type="relatedRegion">
              
              
								
							
									
              
              <name>Italy</name>
              
              
									
              
              <nutsCode>IT</nutsCode>
              
              
									
              
              <euCode>IT</euCode>
              
              
									
              
              <isoCode>IT</isoCode>
              
              
									
              
              <rcn>309758504</rcn>
              
              
								
            
            </region>
            
            
						
          
          </regions>
          
          
					
        
        </relations>
        
        
				
      
      </organization>
      
      
			
      
      <programme type="relatedSubProgramme">
        
        
				
			
					
        
        <availableLanguages readOnly="true">en</availableLanguages>
        
        
					
        
        <rcn>665283</rcn>
        
        
					
        
        <code>MSCA</code>
        
        
					
        
        <frameworkProgramme>H2020-Topics</frameworkProgramme>
        
        
					
        
        <title>MSCA</title>
        
        
					
        
        <parent>
          
          
						
          
          <programme>
            
            
							
            
            <rcn>20200</rcn>
            
            
							
            
            <code>H2020-Topics</code>
            
            
						
          
          </programme>
          
          
					
        
        </parent>
        
        
				
      
      </programme>
      
      
			
      
      <programme type="relatedProgramme">
        
        
				
			
					
        
        <availableLanguages readOnly="true">de,en,es,fr,it,pl</availableLanguages>
        
        
					
        
        <rcn>664109</rcn>
        
        
					
        
        <code>H2020-EU.1.3.</code>
        
        
					
        
        <frameworkProgramme>H2020</frameworkProgramme>
        
        
					
        
        <pga>H2020-EU.1.3.</pga>
        
        
					
        
        <title>EXCELLENT SCIENCE - Marie Skłodowska-Curie Actions</title>
        
        
					
        
        <shortTitle>Marie-Sklodowska-Curie Actions</shortTitle>
        
        
					
        
        <parent>
          
          
						
          
          <programme>
            
            
							
            
            <rcn>664091</rcn>
            
            
							
            
            <code>H2020-EU.1.</code>
            
            
							
            
            <parent>
              
              
								
              
              <programme>
                
                
									
                
                <rcn>664087</rcn>
                
                
									
                
                <code>H2020-EC</code>
                
                
									
                
                <parent>
                  
                  
										
                  
                  <programme>
                    
                    
											
                    
                    <rcn>664086</rcn>
                    
                    
											
                    
                    <code>H2020</code>
                    
                    
										
                  
                  </programme>
                  
                  
									
                
                </parent>
                
                
								
              
              </programme>
              
              
							
            
            </parent>
            
            
						
          
          </programme>
          
          
					
        
        </parent>
        
        
				
      
      </programme>
      
      
			
      
      <result type="relatedResult">
        
        
				
			
					
        
        <availableLanguages readOnly="true">en</availableLanguages>
        
        
					
        
        <rcn>186045</rcn>
        
        
					
        
        <title>Periodic Reporting for period 1 - ENGRes2014 (EU2014 Conference on the Empowerment of the Next Generation of Researchers - “Promoting talents, spreading excellence”)</title>
        
        
					
        
        <teaser>The aim of the project was to raise awareness of challenges associated with the training of the next generation of researchers and allow the sharing of best practices in the area of research career development that ensure excellent and innovative research training as well as...</teaser>
        
        
					
        
        <description>periodic</description>
        
        
					
        
        <contentUpdateDate>2016-07-06 12:22:21</contentUpdateDate>
        
        
					
        
        <relations>
          
          
						
          
          <categories>
            
            
							
            
            <category classification="collection" type="belongsTo">
              
              
								
              
              <availableLanguages readOnly="true">de,en,es,fr,it,pl</availableLanguages>
              
              
								
              
              <code>/pubsum</code>
              
              
								
              
              <title>Report Summary</title>
              
              
								
							
            
            </category>
            
            
							
            
            <category classification="resultCategory" type="relatedResultCategory">
              
              
								
              
              <availableLanguages readOnly="true">en</availableLanguages>
              
              
								
              
              <code>/report</code>
              
              
								
              
              <title>Report summary</title>
              
              
								
							
            
            </category>
            
            
							
            
            <category classification="source" type="isProvidedBy">
              
              
								
              
              <availableLanguages readOnly="true">de,en,es,fr,it,pl</availableLanguages>
              
              
								
              
              <code>/corda</code>
              
              
								
              
              <title>CORDA</title>
              
              
								
							
            
            </category>
            
            
						
          
          </categories>
          
          
						
          
          <associations>
            
            
							
            
            <webItem source="corda" type="relatedResultAttachment">
              
              
								
							
									
              
              <language>en</language>
              
              
									
              
              <availableLanguages readOnly="true">en,any</availableLanguages>
              
              
									
              
              <uri>/docs/results/h2020/635/635893_PS/pao-0102.jpg</uri>
              
              
									
              
              <alternativeText>Director General of the Directorate-General for Education and Culture Mr. Xavier at welcome cocktail</alternativeText>
              
              
									
              
              <mimetype readOnly="true">image/jpeg</mimetype>
              
              
									
              
              <size readOnly="true">0</size>
              
              
								
            
            </webItem>
            
            
							
            
            <webItem source="corda" type="relatedResultAttachment">
              
              
								
							
									
              
              <language>en</language>
              
              
									
              
              <availableLanguages readOnly="true">en,any</availableLanguages>
              
              
									
              
              <uri>/docs/results/h2020/635/635893_PS/dsc-0594.jpg</uri>
              
              
									
              
              <alternativeText>press conference</alternativeText>
              
              
									
              
              <mimetype readOnly="true">image/jpeg</mimetype>
              
              
									
              
              <size readOnly="true">0</size>
              
              
								
            
            </webItem>
            
            
							
            
            <webItem source="corda" type="relatedResultAttachment">
              
              
								
							
									
              
              <language>en</language>
              
              
									
              
              <availableLanguages readOnly="true">en,any</availableLanguages>
              
              
									
              
              <uri>/docs/results/h2020/635/635893_PS/muse-02.jpg</uri>
              
              
									
              
              <alternativeText>evening at Science Museum MuSe</alternativeText>
              
              
									
              
              <mimetype readOnly="true">image/jpeg</mimetype>
              
              
									
              
              <size readOnly="true">0</size>
              
              
								
            
            </webItem>
            
            
							
            
            <webItem source="corda" type="relatedResultAttachment">
              
              
								
							
									
              
              <language>en</language>
              
              
									
              
              <availableLanguages readOnly="true">en,any</availableLanguages>
              
              
									
              
              <uri>/docs/results/h2020/635/635893_PS/muse-12.jpg</uri>
              
              
									
              
              <alternativeText>social Dinner</alternativeText>
              
              
									
              
              <mimetype readOnly="true">image/jpeg</mimetype>
              
              
									
              
              <size readOnly="true">0</size>
              
              
								
            
            </webItem>
            
            
							
            
            <webItem source="corda" type="relatedResultAttachment">
              
              
								
							
									
              
              <language>en</language>
              
              
									
              
              <availableLanguages readOnly="true">en,any</availableLanguages>
              
              
									
              
              <uri>/docs/results/h2020/635/635893_PS/rom3615.jpg</uri>
              
              
									
              
              <alternativeText>evening at Science Museum MuSe</alternativeText>
              
              
									
              
              <mimetype readOnly="true">image/jpeg</mimetype>
              
              
									
              
              <size readOnly="true">0</size>
              
              
								
            
            </webItem>
            
            
							
            
            <webItem source="corda" type="relatedResultAttachment">
              
              
								
							
									
              
              <language>en</language>
              
              
									
              
              <availableLanguages readOnly="true">en,any</availableLanguages>
              
              
									
              
              <uri>/docs/results/h2020/635/635893_PS/open-01.jpg</uri>
              
              
									
              
              <alternativeText>welcome/opening session</alternativeText>
              
              
									
              
              <mimetype readOnly="true">image/jpeg</mimetype>
              
              
									
              
              <size readOnly="true">0</size>
              
              
								
            
            </webItem>
            
            
							
            
            <webItem source="corda" type="relatedResultAttachment">
              
              
								
							
									
              
              <language>en</language>
              
              
									
              
              <availableLanguages readOnly="true">en,any</availableLanguages>
              
              
									
              
              <uri>/docs/results/h2020/635/635893_PS/open-02.jpg</uri>
              
              
									
              
              <alternativeText>Italian Minister for Education, University and Research Ms. Stefania Giannini</alternativeText>
              
              
									
              
              <mimetype readOnly="true">image/jpeg</mimetype>
              
              
									
              
              <size readOnly="true">0</size>
              
              
								
            
            </webItem>
            
            
							
            
            <webLink source="corda" type="relatedWebsite">
              
              
								
							
									
              
              <language>en</language>
              
              
									
              
              <availableLanguages readOnly="true">en</availableLanguages>
              
              
									
              
              <url>http://www.msca2014.eu</url>
              
              
									
              
              <content>Description :Error reading from URL [http://www.msca2014.eu] Message :Host is unreachable (Host unreachable)</content>
              
              
								
            
            </webLink>
            
            
						
          
          </associations>
          
          
					
        
        </relations>
        
        
				
      
      </result>
      
      
		
    
    </associations>
    
    
		
    
    <categories>
      
      
			
      
      <category classification="projectFundingSchemeCategory" type="relatedProjectFundingSchemeCategory">
        
        
				
        
        <availableLanguages readOnly="true">en</availableLanguages>
        
        
				
        
        <code>/CSA</code>
        
        
				
        
        <title>Coordination and support action</title>
        
        
				
			
      
      </category>
      
      
		
    
    </categories>
    
    
	
  
  </relations>
  
  
	


</project>

