<?xml version="1.0" encoding="UTF-8"?>
<project xmlns="http://cordis.europa.eu">
  
  
	
	
  
  <language>en</language>
  
  
	
  
  <availableLanguages readOnly="true">en</availableLanguages>
  
  
	
  
  <rcn>193203</rcn>
  
  
	
  
  <reference>633288</reference>
  
  
	
  
  <acronym>ERN14-15SVK</acronym>
  
  
	
  
  <teaser>"Sovva, n.o. has been organising the festival of science Researchers´night in Slovakia since 2007. The recent festival featured more than 1000 researchers and attended by nearly 177000 visitors. To continue in this succesful effort we have prepared the new concept for ERN...</teaser>
  
  
	
  
  <objective>"Sovva, n.o. has been organising the festival of science Researchers´night in Slovakia since 2007. The recent festival featured more than 1000 researchers and attended by nearly 177000 visitors. To continue in this succesful effort we have prepared the new concept for ERN 2014-15 with the following lead ideas: Science is Adventure and Experience the Science. The target is to challenge people to face the Science and to discover its beauty with aim to attracting the young generation to study science. The festival will present the most interesting research findings in Slovakia by leading Slovak universities, research institutes of the Slovak Academy of Sciences as well as representatives of innovative companies supporting R&amp;D activities. The science shows will be held in shopping malls, but there will be also a number of side events in museums and observatories as well as discussions, lectures and various competitions.  A wide range of activities will cover all country´s territory (Bratislava, Banska Bystrica, Zilina, Kosice, Tatranska Lomnica). All festival venues in the five cities will offer opportunities to spend the day and night visiting the interesting presentations and lectures, test scientific applications, get in touch with the latest research outcomes and to speak with researchers. Thanks to the direct discussions with them people can discover their ""human face"". Since efforts during the event and also during awareness campaign will focus mostly on examples showing how interesting and important the career of researcher is, we believe the ERN 2014-15 will help us to tackle the still existing stereotypes about researchers and science and encouraging young people to embark on scientific careers. To support the ERN impact, event venues will be linked through  live streaming and as a member of Eusea we will use also this platform to provide the virtual and real connections between cities, venues and countries for exchange and collaboration."</objective>
  
  
	
  
  <title>Festival of Science European Researchers' Night 2014 - 2015 in Slovakia</title>
  
  
	
  
  <totalCost>150000</totalCost>
  
  
	
  
  <ecMaxContribution>150000</ecMaxContribution>
  
  
	
  
  <startDate>2014-05-01</startDate>
  
  
	
  
  <endDate>2015-11-30</endDate>
  
  
	
  
  <contract>
    
    
		
    
    <duration>19</duration>
    
    
	
  
  </contract>
  
  
	
  
  <status>SIGNED</status>
  
  
	
  
  <sourceUpdateDate>2017-09-04 09:22:37</sourceUpdateDate>
  
  
	
  
  <contentCreationDate readOnly="true">2015-05-05 15:57:46</contentCreationDate>
  
  
	
  
  <contentUpdateDate>2017-09-04 09:25:30</contentUpdateDate>
  
  
	
  
  <lastUpdateDate readOnly="true">2017-11-08 17:35:07</lastUpdateDate>
  
  
	
  
  <relations>
    
    
		
    
    <associations>
      
      
			
      
      <call type="relatedCall">
        
        
				
			
					
        
        <rcn>186</rcn>
        
        
					
        
        <title>H2020-MSCA-NIGHT-2014</title>
        
        
					
        
        <identifier>H2020-MSCA-NIGHT-2014</identifier>
        
        
				
      
      </call>
      
      
			
      
      <organization ecContribution="95000" order="1" terminated="false" type="coordinator">
        
        
				
			
					
        
        <availableLanguages readOnly="true">en</availableLanguages>
        
        
					
        
        <rcn>2110971</rcn>
        
        
					
        
        <id>999934686</id>
        
        
					
        
        <vatNumber>SK2022385387</vatNumber>
        
        
					
        
        <legalName>SLOVENSKA ORGANIZACIA PRE VYSKUMNEA VYVOJOVE AKTIVITY ZDRUZENIE</legalName>
        
        
					
        
        <shortName>SOVVA</shortName>
        
        
					
        
        <address>
          
          
						
          
          <street>STEFANIKOVA 19</street>
          
          
						
          
          <city>BRATISLAVA</city>
          
          
						
          
          <postalCode>81105</postalCode>
          
          
						
          
          <country>SK</country>
          
          
						
          
          <url>http://www.sovva.sk</url>
          
          
					
        
        </address>
        
        
					
        
        <relations>
          
          
						
          
          <categories>
            
            
							
            
            <category classification="organizationActivityType" type="relatedOrganizationActivityType">
              
              
								
              
              <availableLanguages readOnly="true">en</availableLanguages>
              
              
								
              
              <code>/OTH</code>
              
              
								
              
              <title>Other</title>
              
              
								
							
            
            </category>
            
            
						
          
          </categories>
          
          
						
          
          <regions>
            
            
							
            
            <region type="relatedRegion">
              
              
								
							
									
              
              <name>Slovakia</name>
              
              
									
              
              <nutsCode>SK</nutsCode>
              
              
									
              
              <euCode>SK</euCode>
              
              
									
              
              <isoCode>SK</isoCode>
              
              
									
              
              <rcn>475171368</rcn>
              
              
								
            
            </region>
            
            
						
          
          </regions>
          
          
					
        
        </relations>
        
        
				
      
      </organization>
      
      
			
      
      <organization ecContribution="7500" order="4" terminated="false" type="participant">
        
        
				
			
					
        
        <availableLanguages readOnly="true">en</availableLanguages>
        
        
					
        
        <rcn>2210750</rcn>
        
        
					
        
        <id>951533044</id>
        
        
					
        
        <vatNumber>SK2020798395</vatNumber>
        
        
					
        
        <legalName>CENTRUM VEDECKO TECHNICKYCH INFORMACII SLOVENSKEJ REPUBLIKY</legalName>
        
        
					
        
        <shortName>CVTISR</shortName>
        
        
					
        
        <address>
          
          
						
          
          <street>LAMACSKA CESTA 8 A</street>
          
          
						
          
          <city>BRATISLAVA</city>
          
          
						
          
          <postalCode>811 04</postalCode>
          
          
						
          
          <country>SK</country>
          
          
						
          
          <url>www.cvtisr.sk</url>
          
          
					
        
        </address>
        
        
					
        
        <relations>
          
          
						
          
          <categories>
            
            
							
            
            <category classification="organizationActivityType" type="relatedOrganizationActivityType">
              
              
								
              
              <availableLanguages readOnly="true">en</availableLanguages>
              
              
								
              
              <code>/PUB</code>
              
              
								
              
              <title>Public bodies (excluding Research Organisations and Secondary or Higher Education Establishments)</title>
              
              
								
							
            
            </category>
            
            
						
          
          </categories>
          
          
						
          
          <regions>
            
            
							
            
            <region type="relatedRegion">
              
              
								
							
									
              
              <name>Slovakia</name>
              
              
									
              
              <nutsCode>SK</nutsCode>
              
              
									
              
              <euCode>SK</euCode>
              
              
									
              
              <isoCode>SK</isoCode>
              
              
									
              
              <rcn>475171368</rcn>
              
              
								
            
            </region>
            
            
						
          
          </regions>
          
          
					
        
        </relations>
        
        
				
      
      </organization>
      
      
			
      
      <organization ecContribution="40000" order="2" terminated="false" type="participant">
        
        
				
			
					
        
        <availableLanguages readOnly="true">en</availableLanguages>
        
        
					
        
        <rcn>1914820</rcn>
        
        
					
        
        <id>999530390</id>
        
        
					
        
        <legalName>SLOVENSKA AKADEMIA VIED</legalName>
        
        
					
        
        <shortName>SAV</shortName>
        
        
					
        
        <address>
          
          
						
          
          <street>STEFANIKOVA 49</street>
          
          
						
          
          <city>BRATISLAVA</city>
          
          
						
          
          <postalCode>81438</postalCode>
          
          
						
          
          <country>SK</country>
          
          
						
          
          <url>www.psav.sav.sk</url>
          
          
					
        
        </address>
        
        
					
        
        <relations>
          
          
						
          
          <categories>
            
            
							
            
            <category classification="organizationActivityType" type="relatedOrganizationActivityType">
              
              
								
              
              <availableLanguages readOnly="true">en</availableLanguages>
              
              
								
              
              <code>/REC</code>
              
              
								
              
              <title>Research Organisations</title>
              
              
								
							
            
            </category>
            
            
						
          
          </categories>
          
          
						
          
          <regions>
            
            
							
            
            <region type="relatedRegion">
              
              
								
							
									
              
              <name>Slovakia</name>
              
              
									
              
              <nutsCode>SK</nutsCode>
              
              
									
              
              <euCode>SK</euCode>
              
              
									
              
              <isoCode>SK</isoCode>
              
              
									
              
              <rcn>475171368</rcn>
              
              
								
            
            </region>
            
            
						
          
          </regions>
          
          
					
        
        </relations>
        
        
				
      
      </organization>
      
      
			
      
      <organization ecContribution="7500" order="3" terminated="false" type="participant">
        
        
				
			
					
        
        <availableLanguages readOnly="true">en</availableLanguages>
        
        
					
        
        <rcn>2110973</rcn>
        
        
					
        
        <id>999920815</id>
        
        
					
        
        <vatNumber>SK2021724804</vatNumber>
        
        
					
        
        <legalName>I-EUROPA SRO</legalName>
        
        
					
        
        <shortName>I-EUROPA SRO</shortName>
        
        
					
        
        <address>
          
          
						
          
          <street>STEFANIKOVA 19</street>
          
          
						
          
          <city>BRATISLAVA</city>
          
          
						
          
          <postalCode>81105</postalCode>
          
          
						
          
          <country>SK</country>
          
          
						
          
          <postBox>000</postBox>
          
          
						
          
          <url>www.euractiv.sk</url>
          
          
					
        
        </address>
        
        
					
        
        <relations>
          
          
						
          
          <categories>
            
            
							
            
            <category classification="organizationActivityType" type="relatedOrganizationActivityType">
              
              
								
              
              <availableLanguages readOnly="true">en</availableLanguages>
              
              
								
              
              <code>/PRC</code>
              
              
								
              
              <title>Private for-profit entities (excluding Higher or Secondary Education Establishments)</title>
              
              
								
							
            
            </category>
            
            
						
          
          </categories>
          
          
						
          
          <regions>
            
            
							
            
            <region type="relatedRegion">
              
              
								
							
									
              
              <name>Slovakia</name>
              
              
									
              
              <nutsCode>SK</nutsCode>
              
              
									
              
              <euCode>SK</euCode>
              
              
									
              
              <isoCode>SK</isoCode>
              
              
									
              
              <rcn>475171368</rcn>
              
              
								
            
            </region>
            
            
						
          
          </regions>
          
          
					
        
        </relations>
        
        
				
      
      </organization>
      
      
			
      
      <programme type="relatedSubProgramme">
        
        
				
			
					
        
        <availableLanguages readOnly="true">en</availableLanguages>
        
        
					
        
        <rcn>664549</rcn>
        
        
					
        
        <code>MSCA-NIGHT-2014</code>
        
        
					
        
        <frameworkProgramme>H2020-Topics</frameworkProgramme>
        
        
					
        
        <title>European Researchers' Night (NIGHT)</title>
        
        
					
        
        <parent>
          
          
						
          
          <programme>
            
            
							
            
            <rcn>20200</rcn>
            
            
							
            
            <code>H2020-Topics</code>
            
            
						
          
          </programme>
          
          
					
        
        </parent>
        
        
				
      
      </programme>
      
      
			
      
      <programme type="relatedProgramme">
        
        
				
			
					
        
        <availableLanguages readOnly="true">de,en,es,fr,it,pl</availableLanguages>
        
        
					
        
        <rcn>664119</rcn>
        
        
					
        
        <code>H2020-EU.1.3.5.</code>
        
        
					
        
        <frameworkProgramme>H2020</frameworkProgramme>
        
        
					
        
        <pga>H2020-EU.1.3.5.</pga>
        
        
					
        
        <title>Specific support and policy actions</title>
        
        
					
        
        <shortTitle>MSCA Specific support</shortTitle>
        
        
					
        
        <parent>
          
          
						
          
          <programme>
            
            
							
            
            <rcn>664109</rcn>
            
            
							
            
            <code>H2020-EU.1.3.</code>
            
            
							
            
            <parent>
              
              
								
              
              <programme>
                
                
									
                
                <rcn>664091</rcn>
                
                
									
                
                <code>H2020-EU.1.</code>
                
                
									
                
                <parent>
                  
                  
										
                  
                  <programme>
                    
                    
											
                    
                    <rcn>664087</rcn>
                    
                    
											
                    
                    <code>H2020-EC</code>
                    
                    
											
                    
                    <parent>
                      
                      
												
                      
                      <programme>
                        
                        
													
                        
                        <rcn>664086</rcn>
                        
                        
													
                        
                        <code>H2020</code>
                        
                        
												
                      
                      </programme>
                      
                      
											
                    
                    </parent>
                    
                    
										
                  
                  </programme>
                  
                  
									
                
                </parent>
                
                
								
              
              </programme>
              
              
							
            
            </parent>
            
            
						
          
          </programme>
          
          
					
        
        </parent>
        
        
				
      
      </programme>
      
      
			
      
      <result source="corda" type="relatedResult">
        
        
				
			
					
        
        <availableLanguages readOnly="true">en</availableLanguages>
        
        
					
        
        <rcn>206096</rcn>
        
        
					
        
        <title>Impact assessment and samples of questionnaires, enquiries</title>
        
        
					
        
        <description>Level of response, main conclusions, trends if relevant. Samples - questionnaires, enquiries, interviews in English.</description>
        
        
					
        
        <contentUpdateDate>2017-11-08 17:31:48</contentUpdateDate>
        
        
					
        
        <relations>
          
          
						
          
          <categories>
            
            
							
            
            <category classification="collection" type="belongsTo">
              
              
								
              
              <availableLanguages readOnly="true">de,en,es,fr,it,pl</availableLanguages>
              
              
								
              
              <code>/deliverable</code>
              
              
								
              
              <title>Project deliverable</title>
              
              
								
							
            
            </category>
            
            
							
            
            <category classification="deliverableType" type="isDeliveredAs">
              
              
								
              
              <availableLanguages readOnly="true">de,en,es,fr,it,pl</availableLanguages>
              
              
								
              
              <code>/R</code>
              
              
								
              
              <title>Document, report</title>
              
              
								
							
            
            </category>
            
            
							
            
            <category classification="source" type="isProvidedBy">
              
              
								
              
              <availableLanguages readOnly="true">de,en,es,fr,it,pl</availableLanguages>
              
              
								
              
              <code>/corda</code>
              
              
								
              
              <title>CORDA</title>
              
              
								
							
            
            </category>
            
            
						
          
          </categories>
          
          
						
          
          <associations>
            
            
							
            
            <webLink source="corda" type="projectDeliverable">
              
              
								
							
									
              
              <language>en</language>
              
              
									
              
              <availableLanguages readOnly="true">en</availableLanguages>
              
              
									
              
              <url>https://www.ec.europa.eu/research/participants/documents/downloadPublic?documentIds=080166e59d8d13a5&amp;appId=PPGMS</url>
              
              
									
              
              <content>Documents download module Documents download module Document download Dear user, the requested document Attachment_0 is being prepared for download. Once the download is completed you may close this window by clicking on the close button. Close © European Commission  2018  - Documents download module - Version 2.6.0 - Build 20180216-0915</content>
              
              
								
            
            </webLink>
            
            
						
          
          </associations>
          
          
					
        
        </relations>
        
        
				
      
      </result>
      
      
			
      
      <result source="corda" type="relatedResult">
        
        
				
			
					
        
        <availableLanguages readOnly="true">en</availableLanguages>
        
        
					
        
        <rcn>206097</rcn>
        
        
					
        
        <title>Final management report</title>
        
        
					
        
        <description>Final management report.</description>
        
        
					
        
        <contentUpdateDate>2017-11-08 17:32:01</contentUpdateDate>
        
        
					
        
        <relations>
          
          
						
          
          <categories>
            
            
							
            
            <category classification="collection" type="belongsTo">
              
              
								
              
              <availableLanguages readOnly="true">de,en,es,fr,it,pl</availableLanguages>
              
              
								
              
              <code>/deliverable</code>
              
              
								
              
              <title>Project deliverable</title>
              
              
								
							
            
            </category>
            
            
							
            
            <category classification="deliverableType" type="isDeliveredAs">
              
              
								
              
              <availableLanguages readOnly="true">de,en,es,fr,it,pl</availableLanguages>
              
              
								
              
              <code>/R</code>
              
              
								
              
              <title>Document, report</title>
              
              
								
							
            
            </category>
            
            
							
            
            <category classification="source" type="isProvidedBy">
              
              
								
              
              <availableLanguages readOnly="true">de,en,es,fr,it,pl</availableLanguages>
              
              
								
              
              <code>/corda</code>
              
              
								
              
              <title>CORDA</title>
              
              
								
							
            
            </category>
            
            
						
          
          </categories>
          
          
						
          
          <associations>
            
            
							
            
            <webLink source="corda" type="projectDeliverable">
              
              
								
							
									
              
              <language>en</language>
              
              
									
              
              <availableLanguages readOnly="true">en</availableLanguages>
              
              
									
              
              <url>https://www.ec.europa.eu/research/participants/documents/downloadPublic?documentIds=080166e59d8d0be6&amp;appId=PPGMS</url>
              
              
									
              
              <content>Documents download module Documents download module Document download Dear user, the requested document Attachment_0 is being prepared for download. Once the download is completed you may close this window by clicking on the close button. Close © European Commission  2018  - Documents download module - Version 2.6.0 - Build 20180216-0915</content>
              
              
								
            
            </webLink>
            
            
						
          
          </associations>
          
          
					
        
        </relations>
        
        
				
      
      </result>
      
      
			
      
      <result source="corda" type="relatedResult">
        
        
				
			
					
        
        <availableLanguages readOnly="true">en</availableLanguages>
        
        
					
        
        <rcn>206094</rcn>
        
        
					
        
        <title>Report on awareness campaign and samples of promotional material</title>
        
        
					
        
        <description>Main communication means mobilised, number of articles, inserts, ads, posters, banners etc. Samples of the promotional material displayed.</description>
        
        
					
        
        <contentUpdateDate>2017-11-08 17:31:33</contentUpdateDate>
        
        
					
        
        <relations>
          
          
						
          
          <categories>
            
            
							
            
            <category classification="collection" type="belongsTo">
              
              
								
              
              <availableLanguages readOnly="true">de,en,es,fr,it,pl</availableLanguages>
              
              
								
              
              <code>/deliverable</code>
              
              
								
              
              <title>Project deliverable</title>
              
              
								
							
            
            </category>
            
            
							
            
            <category classification="deliverableType" type="isDeliveredAs">
              
              
								
              
              <availableLanguages readOnly="true">de,en,es,fr,it,pl</availableLanguages>
              
              
								
              
              <code>/R</code>
              
              
								
              
              <title>Document, report</title>
              
              
								
							
            
            </category>
            
            
							
            
            <category classification="source" type="isProvidedBy">
              
              
								
              
              <availableLanguages readOnly="true">de,en,es,fr,it,pl</availableLanguages>
              
              
								
              
              <code>/corda</code>
              
              
								
              
              <title>CORDA</title>
              
              
								
							
            
            </category>
            
            
						
          
          </categories>
          
          
						
          
          <associations>
            
            
							
            
            <webLink source="corda" type="projectDeliverable">
              
              
								
							
									
              
              <language>en</language>
              
              
									
              
              <availableLanguages readOnly="true">en</availableLanguages>
              
              
									
              
              <url>https://www.ec.europa.eu/research/participants/documents/downloadPublic?documentIds=080166e59d8cf406&amp;appId=PPGMS</url>
              
              
									
              
              <content>Documents download module Documents download module Document download Dear user, the requested document Attachment_0 is being prepared for download. Once the download is completed you may close this window by clicking on the close button. Close © European Commission  2018  - Documents download module - Version 2.6.0 - Build 20180216-0915</content>
              
              
								
            
            </webLink>
            
            
						
          
          </associations>
          
          
					
        
        </relations>
        
        
				
      
      </result>
      
      
			
      
      <result type="relatedResult">
        
        
				
			
					
        
        <availableLanguages readOnly="true">en</availableLanguages>
        
        
					
        
        <rcn>186640</rcn>
        
        
					
        
        <title>Periodic Reporting for period 2 - ERN14-15SVK (Festival of Science European Researchers' Night 2014 - 2015 in Slovakia)</title>
        
        
					
        
        <teaser>The European Researchers’ Night in Slovakia, ERN 14 -15 SVK, relied on a strongawareness campaign, based on the concepts that “science is adventure” and  “sicencie is the future of Slovakia”;  such campaign addressed the large public with a specific focus on...</teaser>
        
        
					
        
        <description>periodic</description>
        
        
					
        
        <contentUpdateDate>2016-07-14 11:19:28</contentUpdateDate>
        
        
					
        
        <relations>
          
          
						
          
          <categories>
            
            
							
            
            <category classification="collection" type="belongsTo">
              
              
								
              
              <availableLanguages readOnly="true">de,en,es,fr,it,pl</availableLanguages>
              
              
								
              
              <code>/pubsum</code>
              
              
								
              
              <title>Report Summary</title>
              
              
								
							
            
            </category>
            
            
							
            
            <category classification="resultCategory" type="relatedResultCategory">
              
              
								
              
              <availableLanguages readOnly="true">en</availableLanguages>
              
              
								
              
              <code>/report</code>
              
              
								
              
              <title>Report summary</title>
              
              
								
							
            
            </category>
            
            
							
            
            <category classification="source" type="isProvidedBy">
              
              
								
              
              <availableLanguages readOnly="true">de,en,es,fr,it,pl</availableLanguages>
              
              
								
              
              <code>/corda</code>
              
              
								
              
              <title>CORDA</title>
              
              
								
							
            
            </category>
            
            
						
          
          </categories>
          
          
						
          
          <associations>
            
            
							
            
            <webItem source="corda" type="relatedResultAttachment">
              
              
								
							
									
              
              <language>en</language>
              
              
									
              
              <availableLanguages readOnly="true">en,any</availableLanguages>
              
              
									
              
              <uri>/docs/results/h2020/633/633288_PS/bratislava-34.jpg</uri>
              
              
									
              
              <mimetype readOnly="true">image/jpeg</mimetype>
              
              
									
              
              <size readOnly="true">0</size>
              
              
								
            
            </webItem>
            
            
							
            
            <webItem source="corda" type="relatedResultAttachment">
              
              
								
							
									
              
              <language>en</language>
              
              
									
              
              <availableLanguages readOnly="true">en,any</availableLanguages>
              
              
									
              
              <uri>/docs/results/h2020/633/633288_PS/zilina-8.jpg</uri>
              
              
									
              
              <mimetype readOnly="true">image/jpeg</mimetype>
              
              
									
              
              <size readOnly="true">0</size>
              
              
								
            
            </webItem>
            
            
							
            
            <webItem source="corda" type="relatedResultAttachment">
              
              
								
							
									
              
              <language>en</language>
              
              
									
              
              <availableLanguages readOnly="true">en,any</availableLanguages>
              
              
									
              
              <uri>/docs/results/h2020/633/633288_PS/kosice-7.jpg</uri>
              
              
									
              
              <mimetype readOnly="true">image/jpeg</mimetype>
              
              
									
              
              <size readOnly="true">0</size>
              
              
								
            
            </webItem>
            
            
							
            
            <webItem source="corda" type="relatedResultAttachment">
              
              
								
							
									
              
              <language>en</language>
              
              
									
              
              <availableLanguages readOnly="true">en,any</availableLanguages>
              
              
									
              
              <uri>/docs/results/h2020/633/633288_PS/science-in-roma-settlements.jpg</uri>
              
              
									
              
              <mimetype readOnly="true">image/jpeg</mimetype>
              
              
									
              
              <size readOnly="true">0</size>
              
              
								
            
            </webItem>
            
            
							
            
            <webItem source="corda" type="relatedResultAttachment">
              
              
								
							
									
              
              <language>en</language>
              
              
									
              
              <availableLanguages readOnly="true">en,any</availableLanguages>
              
              
									
              
              <uri>/docs/results/h2020/633/633288_PS/bratislava-47.jpg</uri>
              
              
									
              
              <mimetype readOnly="true">image/jpeg</mimetype>
              
              
									
              
              <size readOnly="true">0</size>
              
              
								
            
            </webItem>
            
            
							
            
            <webItem source="corda" type="relatedResultAttachment">
              
              
								
							
									
              
              <language>en</language>
              
              
									
              
              <availableLanguages readOnly="true">en,any</availableLanguages>
              
              
									
              
              <uri>/docs/results/h2020/633/633288_PS/zilina-18.jpg</uri>
              
              
									
              
              <mimetype readOnly="true">image/jpeg</mimetype>
              
              
									
              
              <size readOnly="true">0</size>
              
              
								
            
            </webItem>
            
            
							
            
            <webItem source="corda" type="relatedResultAttachment">
              
              
								
							
									
              
              <language>en</language>
              
              
									
              
              <availableLanguages readOnly="true">en,any</availableLanguages>
              
              
									
              
              <uri>/docs/results/h2020/633/633288_PS/bratislava-10.jpg</uri>
              
              
									
              
              <mimetype readOnly="true">image/jpeg</mimetype>
              
              
									
              
              <size readOnly="true">0</size>
              
              
								
            
            </webItem>
            
            
							
            
            <webItem source="corda" type="relatedResultAttachment">
              
              
								
							
									
              
              <language>en</language>
              
              
									
              
              <availableLanguages readOnly="true">en,any</availableLanguages>
              
              
									
              
              <uri>/docs/results/h2020/633/633288_PS/bratislava-5.jpg</uri>
              
              
									
              
              <mimetype readOnly="true">image/jpeg</mimetype>
              
              
									
              
              <size readOnly="true">0</size>
              
              
								
            
            </webItem>
            
            
							
            
            <webItem source="corda" type="relatedResultAttachment">
              
              
								
							
									
              
              <language>en</language>
              
              
									
              
              <availableLanguages readOnly="true">en,any</availableLanguages>
              
              
									
              
              <uri>/docs/results/h2020/633/633288_PS/bratislava-1.jpg</uri>
              
              
									
              
              <mimetype readOnly="true">image/jpeg</mimetype>
              
              
									
              
              <size readOnly="true">0</size>
              
              
								
            
            </webItem>
            
            
							
            
            <webItem source="corda" type="relatedResultAttachment">
              
              
								
							
									
              
              <language>en</language>
              
              
									
              
              <availableLanguages readOnly="true">en,any</availableLanguages>
              
              
									
              
              <uri>/docs/results/h2020/633/633288_PS/roma-settlements.jpg</uri>
              
              
									
              
              <mimetype readOnly="true">image/jpeg</mimetype>
              
              
									
              
              <size readOnly="true">0</size>
              
              
								
            
            </webItem>
            
            
							
            
            <webItem source="corda" type="relatedResultAttachment">
              
              
								
							
									
              
              <language>en</language>
              
              
									
              
              <availableLanguages readOnly="true">en,any</availableLanguages>
              
              
									
              
              <uri>/docs/results/h2020/633/633288_PS/kosice-9.jpg</uri>
              
              
									
              
              <mimetype readOnly="true">image/jpeg</mimetype>
              
              
									
              
              <size readOnly="true">0</size>
              
              
								
            
            </webItem>
            
            
							
            
            <webItem source="corda" type="relatedResultAttachment">
              
              
								
							
									
              
              <language>en</language>
              
              
									
              
              <availableLanguages readOnly="true">en,any</availableLanguages>
              
              
									
              
              <uri>/docs/results/h2020/633/633288_PS/banska-bystrica-8.jpg</uri>
              
              
									
              
              <mimetype readOnly="true">image/jpeg</mimetype>
              
              
									
              
              <size readOnly="true">0</size>
              
              
								
            
            </webItem>
            
            
							
            
            <webItem source="corda" type="relatedResultAttachment">
              
              
								
							
									
              
              <language>en</language>
              
              
									
              
              <availableLanguages readOnly="true">en,any</availableLanguages>
              
              
									
              
              <uri>/docs/results/h2020/633/633288_PS/bratislava-8.jpg</uri>
              
              
									
              
              <mimetype readOnly="true">image/jpeg</mimetype>
              
              
									
              
              <size readOnly="true">0</size>
              
              
								
            
            </webItem>
            
            
							
            
            <webItem source="corda" type="relatedResultAttachment">
              
              
								
							
									
              
              <language>en</language>
              
              
									
              
              <availableLanguages readOnly="true">en,any</availableLanguages>
              
              
									
              
              <uri>/docs/results/h2020/633/633288_PS/banska-bystrica-2.jpg</uri>
              
              
									
              
              <mimetype readOnly="true">image/jpeg</mimetype>
              
              
									
              
              <size readOnly="true">0</size>
              
              
								
            
            </webItem>
            
            
							
            
            <webItem source="corda" type="relatedResultAttachment">
              
              
								
							
									
              
              <language>en</language>
              
              
									
              
              <availableLanguages readOnly="true">en,any</availableLanguages>
              
              
									
              
              <uri>/docs/results/h2020/633/633288_PS/bratislava-42.jpg</uri>
              
              
									
              
              <mimetype readOnly="true">image/jpeg</mimetype>
              
              
									
              
              <size readOnly="true">0</size>
              
              
								
            
            </webItem>
            
            
							
            
            <webLink source="corda" type="relatedWebsite">
              
              
								
							
									
              
              <language>en</language>
              
              
									
              
              <availableLanguages readOnly="true">en</availableLanguages>
              
              
									
              
              <url>http://www.nocvyskumnikov.sk</url>
              
              
									
              
              <content>Európska noc výskumníkov Festival O festivale Press Video LIVE -STREAM Európska noc výskumníkov 2017 - STARÁ TRŽNICA - program na pódiu Veda v osade 2017 Európska noc výskumníkov 2017 v BRATISLAVE Európska noc výskumníkov 2017 v ŽILINE Veda v osade 2016 Európska noc výskumníkov 2016 v BRATISLAVE Európska noc výskumníkov 2016 v ŽILINE Vedecká show Michaela Londesborougha - Svetlo a zvuk Európska noc výskumníkov 2015 v Bratislave Európska noc výskumníkov 2015 - Stará tržnica Európska noc výskumníkov 2015 - Vedecké diskusie Európska noc výskumníkov 2015 v Žiline Noc výskumníkov 2015 v Poprade - reportáž TV Poprad Bratislava - Európska noc výskumníkov 2014 Stará tržnica - Európska noc výskumníkov 2014 Žilina - Európska noc výskumníkov 2014 Prednášky 2014 Dobré nápady nikdy nespia Noc výskumníkov 2013 - Stará tržnica Avion 2013 Aupark Žilina 2013 Noc výskumníkov 2012 - STARÁ TRŽNICA Noc výskumníkov 2012 v Avione Vidoeprofily vedcov Doc. MUDr. Ing. RNDr. Peter Celec, PhD., MPH Prof. Ing. Daniel Donoval, DrSc. Ing. Milan Gregor, PhD. Doc. Ing. Jozef Juhár, PhD. RNDr. Eva Majková, DrSc. prof. RNDr. Jozef Masarik, DrSc. prof. RNDr. Pavol Šajgalík, DrSc. prof. RNDr. Silvia Pastoreková DrSc. doc. RNDr. Ivan Ostrovský, CSc. prof. Ing. Peter Sinčák, CSc. prof. Ing. Milan Dado, PhD. Igor Kočiš, CEO GA Drilling Live stream Noc výskumníkov 2016 Noc výskumníkov 2015 Noc výskumníkov 2014 Noc výskumníkov 2013 Noc výskumníkov 2012 Noc výskumníkov 2011 Noc výskumníkov 2010 Noc výskumníkov 2009 Noc výskumníkov 2008 Noc výskumníkov 2007 Program Hľadaj v programe Bratislava Stará tržnica V - klub Poľský inštitút Lab SNM – Prírodovedné múzeum Falling Walls Lab Slovakia Galéria Archa Banská Bystrica Europa Shopping Centre Košice Atrium Optima Hvezdáreň Medzev Žilina Aupark Shopping Center Poprad Obchodné centrum MAX Sprievodné podujatia Vedecké cukrárne Vedecké kaviarne Bratislava - Falling Walls Lab Slovakia Bratislava - Galéria Archa Program Hvezdáreň Medzev Tekovská hvezdáreň v Leviciach Lomnický štít Elektrárňa Piešťany Veda v osade Súťaže Kreatívna súťaž: A pointa? Publicistická súťaž: Krotitelia bludov Výtvarná súťaž: Kto toto spáchal? Video-súťaž: NV.TV Video-súťaž: Výskumník - pouličník Galérie Fotogalérie Videá Partneri Hlavní partneri a partneri Odborní partneri Mediálni partneri Záštity a podpora Kontakt English Toggle navigation Úvod Festival Archív podujatí Program Súťaže Fotogalérie Videá Partneri Kontakt English Marie Curie Actions European Researchers' Night Európska noc výskumníkov 11. ročník prestížneho festivalu vedy na Slovensku  – Európska Noc výskumníkov 2017  sa uskutoční 29.9.2017 v Bratislave, Banskej Bystrici, Žiline, Košiciach, Poprade a v sprievodnej lokalite: Medzev, Levice. Mottom festivalu je “Made by Science – Vytvorené vedou”. Každý deň využívame tisícky výsledkov vedy a inovácií, počnúc ranným budíkom až po zhasnutie večernej lampy, bez toho aby sme si to uvedomovali. Noc výskumníkov 2017 vám odhalí vedu vašej každodennej rutiny. Nenechajte si to ujsť. viac info newsletter Novinky všetky novinky Hľadáme posilu do tímu organizátorov Noci výskumníkov Po niekoľkých rokoch nás opúšťa Monika, naša projektová manažérka Európskej noci výskumníkov. V tíme za ňu hľadáme náhradu. Chceš sa stať súčasťou nášho tímu a robiť aj takéto... Darujte 2% pre FESTIVAL VEDY Aj v roku 2018 môžete prispieť 2% na podporu a popularizáciu slovenskej vedy v spoločnosti. Ako sme využili 2% v minulosti? V roku 2017 Vaše 2% pomohli zorganizovať podujatie... Žiaci a študenti môžu získať grant vo výške až 3000 eur AXA Nadačný fond v Nadácii Pontis vyhlasuje grantovú výzvu pre študentov a žiakov vo veku od 15 do 26 rokov, ktorí sa angažujú v oblasti vedy a výskumu. O podporu môžete žiada... "Na Slovensku máme strach sa pýtať, máme strach robiť chyby, a to nás teda robí pomalšími a uzavretejšími", porovnáva po skúsenosti s Európskou nocou výskumníkov 2017 v Bruseli Slovenský výskumník  Michal Grinč. Od 2015 sa v Bruseli každý september koná podujatie s názvom "Science i... Organizátori Odborný garant © Copyright SOVVA. Všetky práva vyhradené. Made by love Vstupom na miesto konania podujatia dávate súhlas organizátorom a Európskej komisii k vytvoreniu fotografického, filmového a zvukového záznamu z podujatia a k použitiu týchto nahrávok a obrázkov na ich propagačné účely.</content>
              
              
								
            
            </webLink>
            
            
						
          
          </associations>
          
          
					
        
        </relations>
        
        
				
      
      </result>
      
      
			
      
      <result source="corda" type="relatedResult">
        
        
				
			
					
        
        <availableLanguages readOnly="true">en</availableLanguages>
        
        
					
        
        <rcn>206095</rcn>
        
        
					
        
        <title>Report on activities during the night</title>
        
        
					
        
        <description>Report on the activities  - type, success rate, participation, problems encountered), possibly accompanied by pictures, DVDs, videos…</description>
        
        
					
        
        <contentUpdateDate>2017-11-08 17:31:40</contentUpdateDate>
        
        
					
        
        <relations>
          
          
						
          
          <categories>
            
            
							
            
            <category classification="collection" type="belongsTo">
              
              
								
              
              <availableLanguages readOnly="true">de,en,es,fr,it,pl</availableLanguages>
              
              
								
              
              <code>/deliverable</code>
              
              
								
              
              <title>Project deliverable</title>
              
              
								
							
            
            </category>
            
            
							
            
            <category classification="deliverableType" type="isDeliveredAs">
              
              
								
              
              <availableLanguages readOnly="true">de,en,es,fr,it,pl</availableLanguages>
              
              
								
              
              <code>/R</code>
              
              
								
              
              <title>Document, report</title>
              
              
								
							
            
            </category>
            
            
							
            
            <category classification="source" type="isProvidedBy">
              
              
								
              
              <availableLanguages readOnly="true">de,en,es,fr,it,pl</availableLanguages>
              
              
								
              
              <code>/corda</code>
              
              
								
              
              <title>CORDA</title>
              
              
								
							
            
            </category>
            
            
						
          
          </categories>
          
          
						
          
          <associations>
            
            
							
            
            <webLink source="corda" type="projectDeliverable">
              
              
								
							
									
              
              <language>en</language>
              
              
									
              
              <availableLanguages readOnly="true">en</availableLanguages>
              
              
									
              
              <url>https://www.ec.europa.eu/research/participants/documents/downloadPublic?documentIds=080166e59d8d0c62&amp;appId=PPGMS</url>
              
              
									
              
              <content>Documents download module Documents download module Document download Dear user, the requested document Attachment_0 is being prepared for download. Once the download is completed you may close this window by clicking on the close button. Close © European Commission  2018  - Documents download module - Version 2.6.0 - Build 20180216-0915</content>
              
              
								
            
            </webLink>
            
            
						
          
          </associations>
          
          
					
        
        </relations>
        
        
				
      
      </result>
      
      
		
    
    </associations>
    
    
		
    
    <categories>
      
      
			
      
      <category classification="projectFundingSchemeCategory" type="relatedProjectFundingSchemeCategory">
        
        
				
        
        <availableLanguages readOnly="true">en</availableLanguages>
        
        
				
        
        <code>/CSA</code>
        
        
				
        
        <title>Coordination and support action</title>
        
        
				
			
      
      </category>
      
      
		
    
    </categories>
    
    
	
  
  </relations>
  
  
	


</project>

