<?xml version="1.0" encoding="UTF-8"?>
<project xmlns="http://cordis.europa.eu">
  
  
	
	
  
  <language>en</language>
  
  
	
  
  <availableLanguages readOnly="true">en</availableLanguages>
  
  
	
  
  <rcn>193577</rcn>
  
  
	
  
  <reference>638436</reference>
  
  
	
  
  <acronym>CASTELLANY ACCOUNTS</acronym>
  
  
	
  
  <teaser>The present research project focuses on an unjustly neglected corpus of late-medieval sources, the administrative and fiscal accounts (‘computi’) of the castellanies – basic administrative units – of the county of Savoy. I propose a holistic model of analysis that can...</teaser>
  
  
	
  
  <objective>The present research project focuses on an unjustly neglected corpus of late-medieval sources, the administrative and fiscal accounts (‘computi’) of the castellanies – basic administrative units – of the county of Savoy. I propose a holistic model of analysis that can fully capitalise on the unusual wealth of detail of the Savoyard source material, in order to illuminate some key topics in late-medieval institutional and socio-economic history, from the development of state institutions through administrative and fiscal reform – with particular attention to the transition from personal to institutional accountability – to the question of socio-economic growth, decline, and recovery during the turbulent period of the late-thirteenth to the late-fourteenth century. More broadly, my research into these topics aims to contribute to our understanding of the late-medieval origins of European modernity. The advances of pragmatic literacy, record-keeping, and auditing practices will be analysed with the aid of anthropological and social scientific theories of practice. By comparing the Savoyard ‘computi’ with their sources of inspiration, from the Anglo-Norman pipe rolls to the Catalan fiscal records, the project aims to highlight the creative adaptation of imported administrative models, and thus to contribute to our knowledge of institutional transfers in European history. The project will develop an inclusive frame of analysis in which the ‘computi’ will be read against the evidence from enfeoffment charters, castellany surveys (‘extente’), and the records of direct taxation (‘subsidia’). The serial data will be analysed by building a database; the findings of quantitative analysis will be verified by case studies of the individuals and families (many from the middle social strata) that surface in the fiscal records.</objective>
  
  
	
  
  <title>Record-keeping, fiscal reform, and the rise of institutional accountability in late-medieval Savoy: a source-oriented approach</title>
  
  
	
  
  <totalCost>671875</totalCost>
  
  
	
  
  <ecMaxContribution>671875</ecMaxContribution>
  
  
	
  
  <startDate>2015-05-01</startDate>
  
  
	
  
  <endDate>2020-04-30</endDate>
  
  
	
  
  <contract>
    
    
		
    
    <duration>60</duration>
    
    
	
  
  </contract>
  
  
	
  
  <status>SIGNED</status>
  
  
	
  
  <sourceUpdateDate>2017-05-16 14:48:59</sourceUpdateDate>
  
  
	
  
  <contentCreationDate readOnly="true">2015-05-05 16:29:50</contentCreationDate>
  
  
	
  
  <contentUpdateDate>2017-05-04 12:07:15</contentUpdateDate>
  
  
	
  
  <lastUpdateDate readOnly="true">2017-05-16 14:48:59</lastUpdateDate>
  
  
	
  
  <relations>
    
    
		
    
    <associations>
      
      
			
      
      <call type="relatedCall">
        
        
				
			
					
        
        <rcn>408</rcn>
        
        
					
        
        <title>ERC-2014-STG</title>
        
        
					
        
        <identifier>ERC-2014-STG</identifier>
        
        
				
      
      </call>
      
      
			
      
      <organization ecContribution="501218.75" order="1" terminated="false" type="hostInstitution">
        
        
				
			
					
        
        <availableLanguages readOnly="true">en</availableLanguages>
        
        
					
        
        <rcn>1906425</rcn>
        
        
					
        
        <id>999603916</id>
        
        
					
        
        <legalName>UNIVERSITATEA DIN BUCURESTI</legalName>
        
        
					
        
        <shortName>UNIBUC</shortName>
        
        
					
        
        <address>
          
          
						
          
          <street>MIHAIL KOGALNICEANU STREET 36-46 SECTOR V</street>
          
          
						
          
          <city>BUCURESTI</city>
          
          
						
          
          <postalCode>050107</postalCode>
          
          
						
          
          <country>RO</country>
          
          
						
          
          <postBox>000</postBox>
          
          
						
          
          <url>www.unibuc.ro</url>
          
          
					
        
        </address>
        
        
					
        
        <departmentName>Faculty of Law</departmentName>
        
        
					
        
        <departmentName> Private Law Department</departmentName>
        
        
					
        
        <relations>
          
          
						
          
          <categories>
            
            
							
            
            <category classification="organizationActivityType" type="relatedOrganizationActivityType">
              
              
								
              
              <availableLanguages readOnly="true">en</availableLanguages>
              
              
								
              
              <code>/HES</code>
              
              
								
              
              <title>Higher or Secondary Education Establishments</title>
              
              
								
							
            
            </category>
            
            
						
          
          </categories>
          
          
						
          
          <regions>
            
            
							
            
            <region type="relatedRegion">
              
              
								
							
									
              
              <name>Romania</name>
              
              
									
              
              <nutsCode>RO</nutsCode>
              
              
									
              
              <euCode>RO</euCode>
              
              
									
              
              <isoCode>RO</isoCode>
              
              
									
              
              <rcn>459442728</rcn>
              
              
								
            
            </region>
            
            
						
          
          </regions>
          
          
					
        
        </relations>
        
        
				
      
      </organization>
      
      
			
      
      <organization ecContribution="170656.25" order="2" terminated="true" type="beneficiary">
        
        
				
			
					
        
        <availableLanguages readOnly="true">en</availableLanguages>
        
        
					
        
        <rcn>2140885</rcn>
        
        
					
        
        <id>991636336</id>
        
        
					
        
        <legalName>FUNDATIA NOUA EUROPA</legalName>
        
        
					
        
        <shortName>NEC</shortName>
        
        
					
        
        <address>
          
          
						
          
          <street>STR PLANTELOR 21</street>
          
          
						
          
          <city>BUCURESTI</city>
          
          
						
          
          <postalCode>023971</postalCode>
          
          
						
          
          <country>RO</country>
          
          
						
          
          <url>www.nec.ro</url>
          
          
					
        
        </address>
        
        
					
        
        <relations>
          
          
						
          
          <categories>
            
            
							
            
            <category classification="organizationActivityType" type="relatedOrganizationActivityType">
              
              
								
              
              <availableLanguages readOnly="true">en</availableLanguages>
              
              
								
              
              <code>/REC</code>
              
              
								
              
              <title>Research Organisations</title>
              
              
								
							
            
            </category>
            
            
						
          
          </categories>
          
          
						
          
          <regions>
            
            
							
            
            <region type="relatedRegion">
              
              
								
							
									
              
              <name>Romania</name>
              
              
									
              
              <nutsCode>RO</nutsCode>
              
              
									
              
              <euCode>RO</euCode>
              
              
									
              
              <isoCode>RO</isoCode>
              
              
									
              
              <rcn>459442728</rcn>
              
              
								
            
            </region>
            
            
						
          
          </regions>
          
          
					
        
        </relations>
        
        
				
      
      </organization>
      
      
			
      
      <programme type="relatedSubProgramme">
        
        
				
			
					
        
        <availableLanguages readOnly="true">en</availableLanguages>
        
        
					
        
        <rcn>664783</rcn>
        
        
					
        
        <code>ERC-StG-2014</code>
        
        
					
        
        <frameworkProgramme>H2020-Topics</frameworkProgramme>
        
        
					
        
        <title>ERC Starting Grant</title>
        
        
					
        
        <parent>
          
          
						
          
          <programme>
            
            
							
            
            <rcn>20200</rcn>
            
            
							
            
            <code>H2020-Topics</code>
            
            
						
          
          </programme>
          
          
					
        
        </parent>
        
        
				
      
      </programme>
      
      
			
      
      <programme type="relatedProgramme">
        
        
				
			
					
        
        <availableLanguages readOnly="true">de,en,es,fr,it,pl</availableLanguages>
        
        
					
        
        <rcn>664099</rcn>
        
        
					
        
        <code>H2020-EU.1.1.</code>
        
        
					
        
        <frameworkProgramme>H2020</frameworkProgramme>
        
        
					
        
        <pga>H2020-EU.1.1.</pga>
        
        
					
        
        <title>EXCELLENT SCIENCE - European Research Council (ERC)</title>
        
        
					
        
        <shortTitle>European Research Council (ERC)</shortTitle>
        
        
					
        
        <parent>
          
          
						
          
          <programme>
            
            
							
            
            <rcn>664091</rcn>
            
            
							
            
            <code>H2020-EU.1.</code>
            
            
							
            
            <parent>
              
              
								
              
              <programme>
                
                
									
                
                <rcn>664087</rcn>
                
                
									
                
                <code>H2020-EC</code>
                
                
									
                
                <parent>
                  
                  
										
                  
                  <programme>
                    
                    
											
                    
                    <rcn>664086</rcn>
                    
                    
											
                    
                    <code>H2020</code>
                    
                    
										
                  
                  </programme>
                  
                  
									
                
                </parent>
                
                
								
              
              </programme>
              
              
							
            
            </parent>
            
            
						
          
          </programme>
          
          
					
        
        </parent>
        
        
				
      
      </programme>
      
      
			
      
      <result type="relatedResult">
        
        
				
			
					
        
        <availableLanguages readOnly="true">en</availableLanguages>
        
        
					
        
        <rcn>193685</rcn>
        
        
					
        
        <title>Periodic Reporting for period 1 - CASTELLANY ACCOUNTS (Record-keeping, fiscal reform, and the rise of institutional accountability in late-medieval Savoy: a source-oriented approach)</title>
        
        
					
        
        <teaser>The present research project analyses a neglected corpus of late-medieval sources, the administrative and fiscal accounts of the castellanies (basic administrative units) of the county of Savoy. Through a holistic analysis, the project capitalises on the unusual wealth of...</teaser>
        
        
					
        
        <description>periodic</description>
        
        
					
        
        <contentUpdateDate>2017-01-24 10:46:56</contentUpdateDate>
        
        
					
        
        <relations>
          
          
						
          
          <categories>
            
            
							
            
            <category classification="collection" type="belongsTo">
              
              
								
              
              <availableLanguages readOnly="true">de,en,es,fr,it,pl</availableLanguages>
              
              
								
              
              <code>/pubsum</code>
              
              
								
              
              <title>Report Summary</title>
              
              
								
							
            
            </category>
            
            
							
            
            <category classification="resultCategory" type="relatedResultCategory">
              
              
								
              
              <availableLanguages readOnly="true">en</availableLanguages>
              
              
								
              
              <code>/report</code>
              
              
								
              
              <title>Report summary</title>
              
              
								
							
            
            </category>
            
            
							
            
            <category classification="source" type="isProvidedBy">
              
              
								
              
              <availableLanguages readOnly="true">de,en,es,fr,it,pl</availableLanguages>
              
              
								
              
              <code>/corda</code>
              
              
								
              
              <title>CORDA</title>
              
              
								
							
            
            </category>
            
            
						
          
          </categories>
          
          
					
        
        </relations>
        
        
				
      
      </result>
      
      
		
    
    </associations>
    
    
		
    
    <categories>
      
      
			
      
      <category classification="projectFundingSchemeCategory" type="relatedProjectFundingSchemeCategory">
        
        
				
        
        <availableLanguages readOnly="true">en</availableLanguages>
        
        
				
        
        <code>/ERC-STG</code>
        
        
				
        
        <title>Starting Grant</title>
        
        
				
			
      
      </category>
      
      
		
    
    </categories>
    
    
	
  
  </relations>
  
  
	


</project>

