<?xml version="1.0" encoding="UTF-8"?>
<project xmlns="http://cordis.europa.eu">
  
  
	
	
  
  <language>en</language>
  
  
	
  
  <availableLanguages readOnly="true">en</availableLanguages>
  
  
	
  
  <rcn>193467</rcn>
  
  
	
  
  <reference>637116</reference>
  
  
	
  
  <acronym>ENLIGHTMENT</acronym>
  
  
	
  
  <teaser>Nanostructured dielectric and metallic photonic architectures can concentrate the electric field through resonances, increase the light optical path by strong diffraction and exhibit many other interesting optical phenomena that cannot be achieved with traditional lenses and...</teaser>
  
  
	
  
  <objective>Nanostructured dielectric and metallic photonic architectures can concentrate the electric field through resonances, increase the light optical path by strong diffraction and exhibit many other interesting optical phenomena that cannot be achieved with traditional lenses and mirrors. The use of these structures within actual devices will be most beneficial for enhanced light absorption in thin solar cells, photodetectors and to develop new sensors and light emitters. However, emerging optoelectronic devices rely on large area and low cost fabrication routes such as roll to roll or solution processing, to cut manufacturing costs and increase the production throughput. If the exciting properties exhibited by the photonic structures are to be implemented in these devices, then they too have to be processed in a similar fashion as the devices they intend to improve. This research plan is aimed to develop photonic electrodes that will enhance light matter interaction based on wave optics phenomena while being fabricated with techniques fully compatible with today’s mass production approaches, allowing seamless integration of wave optics components in current devices. The objectives of this proposal are: 1) to investigate the fundaments of the enhanced light-matter interaction observed in devices that use wave optics elements. 2) To develop fabrication routes for large area and low cost photonic and plasmonic structures using techniques similar to those employed in industry, so they could be easily incorporated in technologies such as roll to roll. 3) To fabricate prototype solar cells, photodetectors and sensors on top of photonic electrodes, demonstrating improved performance without deterioration of other figures of merit in the device. The results of the research plan will advance the state of the art in nanophotonics structures, providing the path towards a new generation of large-scale and low-cost photonic architectures.</objective>
  
  
	
  
  <title>Photonic Electrodes for Enhanced Light Management in Optoelectronic Devices</title>
  
  
	
  
  <totalCost>1500000</totalCost>
  
  
	
  
  <ecMaxContribution>1500000</ecMaxContribution>
  
  
	
  
  <startDate>2015-12-01</startDate>
  
  
	
  
  <endDate>2020-11-30</endDate>
  
  
	
  
  <contract>
    
    
		
    
    <duration>60</duration>
    
    
	
  
  </contract>
  
  
	
  
  <status>SIGNED</status>
  
  
	
  
  <sourceUpdateDate>2016-12-16 15:53:39</sourceUpdateDate>
  
  
	
  
  <contentCreationDate readOnly="true">2015-05-05 16:20:25</contentCreationDate>
  
  
	
  
  <contentUpdateDate>2016-11-29 12:51:05</contentUpdateDate>
  
  
	
  
  <lastUpdateDate readOnly="true">2016-12-16 15:53:39</lastUpdateDate>
  
  
	
  
  <relations>
    
    
		
    
    <associations>
      
      
			
      
      <call type="relatedCall">
        
        
				
			
					
        
        <rcn>408</rcn>
        
        
					
        
        <title>ERC-2014-STG</title>
        
        
					
        
        <identifier>ERC-2014-STG</identifier>
        
        
				
      
      </call>
      
      
			
      
      <organization ecContribution="0" order="2" terminated="true" type="beneficiary">
        
        
				
			
					
        
        <availableLanguages readOnly="true">en</availableLanguages>
        
        
					
        
        <rcn>1907509</rcn>
        
        
					
        
        <id>999880560</id>
        
        
					
        
        <vatNumber>ESQ9350003A</vatNumber>
        
        
					
        
        <legalName>UNIVERSITAT ROVIRA I VIRGILI</legalName>
        
        
					
        
        <shortName>URV</shortName>
        
        
					
        
        <address>
          
          
						
          
          <street>CARRER DE ESCORXADOR</street>
          
          
						
          
          <city>TARRAGONA</city>
          
          
						
          
          <postalCode>43003</postalCode>
          
          
						
          
          <country>ES</country>
          
          
						
          
          <postBox>000</postBox>
          
          
						
          
          <url>http://www.urv.cat</url>
          
          
					
        
        </address>
        
        
					
        
        <departmentName>Rectorate</departmentName>
        
        
					
        
        <relations>
          
          
						
          
          <categories>
            
            
							
            
            <category classification="organizationActivityType" type="relatedOrganizationActivityType">
              
              
								
              
              <availableLanguages readOnly="true">en</availableLanguages>
              
              
								
              
              <code>/HES</code>
              
              
								
              
              <title>Higher or Secondary Education Establishments</title>
              
              
								
							
            
            </category>
            
            
						
          
          </categories>
          
          
						
          
          <regions>
            
            
							
            
            <region type="relatedRegion">
              
              
								
							
									
              
              <name>Spain</name>
              
              
									
              
              <nutsCode>ES</nutsCode>
              
              
									
              
              <euCode>ES</euCode>
              
              
									
              
              <isoCode>ES</isoCode>
              
              
									
              
              <rcn>242387496</rcn>
              
              
								
            
            </region>
            
            
						
          
          </regions>
          
          
					
        
        </relations>
        
        
				
      
      </organization>
      
      
			
      
      <organization ecContribution="1500000" order="1" terminated="false" type="hostInstitution">
        
        
				
			
					
        
        <availableLanguages readOnly="true">en</availableLanguages>
        
        
					
        
        <rcn>1905575</rcn>
        
        
					
        
        <id>999991722</id>
        
        
					
        
        <vatNumber>ESQ2818002D</vatNumber>
        
        
					
        
        <legalName>AGENCIA ESTATAL CONSEJO SUPERIOR DEINVESTIGACIONES CIENTIFICAS</legalName>
        
        
					
        
        <shortName>CSIC</shortName>
        
        
					
        
        <address>
          
          
						
          
          <street>CALLE SERRANO 117</street>
          
          
						
          
          <city>MADRID</city>
          
          
						
          
          <postalCode>28006</postalCode>
          
          
						
          
          <country>ES</country>
          
          
						
          
          <postBox>000</postBox>
          
          
						
          
          <url>http://www.csic.es</url>
          
          
					
        
        </address>
        
        
					
        
        <departmentName>Deputy Vice-Presidency for Programming</departmentName>
        
        
					
        
        <relations>
          
          
						
          
          <categories>
            
            
							
            
            <category classification="organizationActivityType" type="relatedOrganizationActivityType">
              
              
								
              
              <availableLanguages readOnly="true">en</availableLanguages>
              
              
								
              
              <code>/REC</code>
              
              
								
              
              <title>Research Organisations</title>
              
              
								
							
            
            </category>
            
            
						
          
          </categories>
          
          
						
          
          <regions>
            
            
							
            
            <region type="relatedRegion">
              
              
								
							
									
              
              <name>Spain</name>
              
              
									
              
              <nutsCode>ES</nutsCode>
              
              
									
              
              <euCode>ES</euCode>
              
              
									
              
              <isoCode>ES</isoCode>
              
              
									
              
              <rcn>242387496</rcn>
              
              
								
            
            </region>
            
            
						
          
          </regions>
          
          
					
        
        </relations>
        
        
				
      
      </organization>
      
      
			
      
      <programme type="relatedSubProgramme">
        
        
				
			
					
        
        <availableLanguages readOnly="true">en</availableLanguages>
        
        
					
        
        <rcn>664783</rcn>
        
        
					
        
        <code>ERC-StG-2014</code>
        
        
					
        
        <frameworkProgramme>H2020-Topics</frameworkProgramme>
        
        
					
        
        <title>ERC Starting Grant</title>
        
        
					
        
        <parent>
          
          
						
          
          <programme>
            
            
							
            
            <rcn>20200</rcn>
            
            
							
            
            <code>H2020-Topics</code>
            
            
						
          
          </programme>
          
          
					
        
        </parent>
        
        
				
      
      </programme>
      
      
			
      
      <programme type="relatedProgramme">
        
        
				
			
					
        
        <availableLanguages readOnly="true">de,en,es,fr,it,pl</availableLanguages>
        
        
					
        
        <rcn>664099</rcn>
        
        
					
        
        <code>H2020-EU.1.1.</code>
        
        
					
        
        <frameworkProgramme>H2020</frameworkProgramme>
        
        
					
        
        <pga>H2020-EU.1.1.</pga>
        
        
					
        
        <title>EXCELLENT SCIENCE - European Research Council (ERC)</title>
        
        
					
        
        <shortTitle>European Research Council (ERC)</shortTitle>
        
        
					
        
        <parent>
          
          
						
          
          <programme>
            
            
							
            
            <rcn>664091</rcn>
            
            
							
            
            <code>H2020-EU.1.</code>
            
            
							
            
            <parent>
              
              
								
              
              <programme>
                
                
									
                
                <rcn>664087</rcn>
                
                
									
                
                <code>H2020-EC</code>
                
                
									
                
                <parent>
                  
                  
										
                  
                  <programme>
                    
                    
											
                    
                    <rcn>664086</rcn>
                    
                    
											
                    
                    <code>H2020</code>
                    
                    
										
                  
                  </programme>
                  
                  
									
                
                </parent>
                
                
								
              
              </programme>
              
              
							
            
            </parent>
            
            
						
          
          </programme>
          
          
					
        
        </parent>
        
        
				
      
      </programme>
      
      
			
      
      <result type="relatedResult">
        
        
				
			
					
        
        <availableLanguages readOnly="true">en</availableLanguages>
        
        
					
        
        <rcn>203429</rcn>
        
        
					
        
        <title>Periodic Reporting for period 1 - ENLIGHTMENT (Photonic Electrodes for Enhanced Light Management in Optoelectronic Devices)</title>
        
        
					
        
        <teaser>Dielectric and metallic photonic architectures can enhance light matter interaction by concentrating the electric field through resonances, increasing the light optical path by diffraction and many other interesting phenomena that cannot be achieved with traditional lenses and...</teaser>
        
        
					
        
        <description>periodic</description>
        
        
					
        
        <contentUpdateDate>2017-10-09 10:55:35</contentUpdateDate>
        
        
					
        
        <relations>
          
          
						
          
          <categories>
            
            
							
            
            <category classification="collection" type="belongsTo">
              
              
								
              
              <availableLanguages readOnly="true">de,en,es,fr,it,pl</availableLanguages>
              
              
								
              
              <code>/pubsum</code>
              
              
								
              
              <title>Report Summary</title>
              
              
								
							
            
            </category>
            
            
							
            
            <category classification="resultCategory" type="relatedResultCategory">
              
              
								
              
              <availableLanguages readOnly="true">en</availableLanguages>
              
              
								
              
              <code>/report</code>
              
              
								
              
              <title>Report summary</title>
              
              
								
							
            
            </category>
            
            
							
            
            <category classification="source" type="isProvidedBy">
              
              
								
              
              <availableLanguages readOnly="true">de,en,es,fr,it,pl</availableLanguages>
              
              
								
              
              <code>/corda</code>
              
              
								
              
              <title>CORDA</title>
              
              
								
							
            
            </category>
            
            
						
          
          </categories>
          
          
					
        
        </relations>
        
        
				
      
      </result>
      
      
		
    
    </associations>
    
    
		
    
    <categories>
      
      
			
      
      <category classification="projectFundingSchemeCategory" type="relatedProjectFundingSchemeCategory">
        
        
				
        
        <availableLanguages readOnly="true">en</availableLanguages>
        
        
				
        
        <code>/ERC-STG</code>
        
        
				
        
        <title>Starting Grant</title>
        
        
				
			
      
      </category>
      
      
		
    
    </categories>
    
    
	
  
  </relations>
  
  
	


</project>

