<?xml version="1.0" encoding="UTF-8"?>
<project xmlns="http://cordis.europa.eu">
  
  
	
	
  
  <language>en</language>
  
  
	
  
  <availableLanguages readOnly="true">en</availableLanguages>
  
  
	
  
  <rcn>193400</rcn>
  
  
	
  
  <reference>636380</reference>
  
  
	
  
  <acronym>REWARD</acronym>
  
  
	
  
  <teaser>The overall objective of the REWARD project is to develop the knowhow, intellectual property rights and technical capabilities to adequately and cost-effectively produce cleaner, highly efficient Diesel powertrains and aftertreatment technologies for future cleaner class A, B...</teaser>
  
  
	
  
  <objective>The overall objective of the REWARD project is to develop the knowhow, intellectual property rights and technical capabilities to adequately and cost-effectively produce cleaner, highly efficient Diesel powertrains and aftertreatment technologies for future cleaner class A, B, C, D and E passenger cars and light commercial vehicles (LCVs) up to 3,500 kg that “go beyond Euro 6 limits under Real Driving conditions” (EU6 RDE). All technologies: friction and wear reduction measures, exhaust gas treatment concepts, fuel-efficient 2-stroke and 4-stroke Diesel engine concepts will be advanced to TRL 6 or TRL 7 and integrated in three demonstration vehicles. A full calibration and assessment of the vehicles and underlying technologies will take place to proof: real driving emissions below upcoming Euro 6 limits, 25% friction reduction in the entire engine, a significant higher lifetime durability and a more than 5% improved overall fuel efficiency. The impact of the cost effectiveness and high yield producibility of the applications will also be demonstrated.
Specific scientific and technical objectives, main innovations and targeted key results are:
1. To develop and demonstrate advanced exhaust gas treatment concepts and low emission technologies up to TRL 7
2. To develop and demonstrate advanced friction and wear reduction measures up to TRL 6/7
3. To develop and demonstrate advanced &gt; 5% more fuel-efficient 0.7 l 2-stroke Diesel engines (TRL6) suited for class A/B passenger cars
4. To develop and demonstrate advanced &gt; 5% more fuel-efficient 4-stroke Diesel engines (TRL7) suited for class B, C D and E passenger cars and LCVs
REWARD’s aim is to develop all key technologies up to TRL6 i.e. system/subsystem model or prototype demonstration in a relevant environment and to TRL7, i.e. system prototype demonstration in an operational environment. REWARD will also prepare a plan for a credible path to deliver the innovations to the market.</objective>
  
  
	
  
  <title>REal World Advanced Technologies foR Diesel Engines</title>
  
  
	
  
  <totalCost>12581334.03</totalCost>
  
  
	
  
  <ecMaxContribution>9973900.67</ecMaxContribution>
  
  
	
  
  <startDate>2015-05-01</startDate>
  
  
	
  
  <endDate>2018-04-30</endDate>
  
  
	
  
  <contract>
    
    
		
    
    <duration>36</duration>
    
    
	
  
  </contract>
  
  
	
  
  <status>SIGNED</status>
  
  
	
  
  <sourceUpdateDate>2017-10-17 13:14:25</sourceUpdateDate>
  
  
	
  
  <contentCreationDate readOnly="true">2015-05-05 16:14:39</contentCreationDate>
  
  
	
  
  <contentUpdateDate>2017-03-14 19:18:37</contentUpdateDate>
  
  
	
  
  <lastUpdateDate readOnly="true">2018-01-23 15:07:13</lastUpdateDate>
  
  
	
  
  <relations>
    
    
		
    
    <associations>
      
      
			
      
      <call type="relatedCall">
        
        
				
			
					
        
        <rcn>501</rcn>
        
        
					
        
        <title>H2020-MG-2014_TwoStages</title>
        
        
					
        
        <identifier>H2020-MG-2014_TwoStages</identifier>
        
        
				
      
      </call>
      
      
			
      
      <event type="relatedEvent">
        
        
				
			
					
        
        <availableLanguages readOnly="true">de,en,es,fr,it,pl</availableLanguages>
        
        
					
        
        <rcn>145640</rcn>
        
        
					
        
        <title>REWARD project final stakeholder event at TRA2018</title>
        
        
					
        
        <teaser>The EU-funded REWARD project will be organising its final stakeholder event with the help of the DIEPER project, at TRA2018 in Vienna, Austria, from 16-19 April 2018.</teaser>
        
        
					
        
        <contentUpdateDate>2018-01-23 15:06:57</contentUpdateDate>
        
        
					
        
        <relations>
          
          
						
          
          <categories>
            
            
							
            
            <category classification="newsEventCategory" type="relatedNewsEventCategory">
              
              
								
              
              <availableLanguages readOnly="true">de,en,es,fr,it,pl</availableLanguages>
              
              
								
              
              <code>/event</code>
              
              
								
              
              <title>Event</title>
              
              
								
							
            
            </category>
            
            
							
            
            <category classification="newsEventProvider" type="relatedNewsEventProvider">
              
              
								
              
              <availableLanguages readOnly="true">en</availableLanguages>
              
              
								
              
              <code>/ec</code>
              
              
								
              
              <title>EC</title>
              
              
								
							
            
            </category>
            
            
							
            
            <category classification="sicCode" type="relatedSicCode">
              
              
								
              
              <availableLanguages readOnly="true">de,en,es,fr,it,pl</availableLanguages>
              
              
								
              
              <code>/TRA</code>
              
              
								
              
              <title>Transport</title>
              
              
								
							
            
            </category>
            
            
						
          
          </categories>
          
          
					
        
        </relations>
        
        
				
      
      </event>
      
      
			
      
      <organization ecContribution="448692.13" order="7" terminated="false" type="participant">
        
        
				
			
					
        
        <availableLanguages readOnly="true">en</availableLanguages>
        
        
					
        
        <rcn>1935805</rcn>
        
        
					
        
        <id>999431353</id>
        
        
					
        
        <vatNumber>GB272643062</vatNumber>
        
        
					
        
        <legalName>RICARDO UK LIMITED</legalName>
        
        
					
        
        <shortName>RCD</shortName>
        
        
					
        
        <address>
          
          
						
          
          <street>Shoreham Technical Centre</street>
          
          
						
          
          <city>SHOREHAM-BY-SEA</city>
          
          
						
          
          <postalCode>BN435FG</postalCode>
          
          
						
          
          <country>UK</country>
          
          
						
          
          <url>www.ricardo.com</url>
          
          
					
        
        </address>
        
        
					
        
        <relations>
          
          
						
          
          <categories>
            
            
							
            
            <category classification="organizationActivityType" type="relatedOrganizationActivityType">
              
              
								
              
              <availableLanguages readOnly="true">en</availableLanguages>
              
              
								
              
              <code>/PRC</code>
              
              
								
              
              <title>Private for-profit entities (excluding Higher or Secondary Education Establishments)</title>
              
              
								
							
            
            </category>
            
            
						
          
          </categories>
          
          
						
          
          <regions>
            
            
							
            
            <region type="relatedRegion">
              
              
								
							
									
              
              <name>United Kingdom</name>
              
              
									
              
              <nutsCode>UK</nutsCode>
              
              
									
              
              <euCode>UK</euCode>
              
              
									
              
              <isoCode>GB</isoCode>
              
              
									
              
              <rcn>508725800</rcn>
              
              
								
            
            </region>
            
            
						
          
          </regions>
          
          
					
        
        </relations>
        
        
				
      
      </organization>
      
      
			
      
      <organization ecContribution="1452005.54" order="2" terminated="false" type="participant">
        
        
				
			
					
        
        <availableLanguages readOnly="true">en</availableLanguages>
        
        
					
        
        <rcn>1906654</rcn>
        
        
					
        
        <id>999425533</id>
        
        
					
        
        <vatNumber>FR66780129987</vatNumber>
        
        
					
        
        <legalName>RENAULT SAS</legalName>
        
        
					
        
        <shortName>REN</shortName>
        
        
					
        
        <address>
          
          
						
          
          <street>QUAI LE GALLO 13</street>
          
          
						
          
          <city>BOULOGNE BILLANCOURT</city>
          
          
						
          
          <postalCode>92100</postalCode>
          
          
						
          
          <country>FR</country>
          
          
						
          
          <postBox>000</postBox>
          
          
						
          
          <url>www.renault.com</url>
          
          
					
        
        </address>
        
        
					
        
        <departmentName>Research</departmentName>
        
        
					
        
        <departmentName> Advanced Engineering &amp; Materials Dpt</departmentName>
        
        
					
        
        <relations>
          
          
						
          
          <categories>
            
            
							
            
            <category classification="organizationActivityType" type="relatedOrganizationActivityType">
              
              
								
              
              <availableLanguages readOnly="true">en</availableLanguages>
              
              
								
              
              <code>/PRC</code>
              
              
								
              
              <title>Private for-profit entities (excluding Higher or Secondary Education Establishments)</title>
              
              
								
							
            
            </category>
            
            
						
          
          </categories>
          
          
						
          
          <regions>
            
            
							
            
            <region type="relatedRegion">
              
              
								
							
									
              
              <name>France</name>
              
              
									
              
              <nutsCode>FR</nutsCode>
              
              
									
              
              <euCode>FR</euCode>
              
              
									
              
              <isoCode>FR</isoCode>
              
              
									
              
              <rcn>258902568</rcn>
              
              
								
            
            </region>
            
            
						
          
          </regions>
          
          
					
        
        </relations>
        
        
				
      
      </organization>
      
      
			
      
      <organization ecContribution="1602697.25" order="3" terminated="false" type="participant">
        
        
				
			
					
        
        <availableLanguages readOnly="true">en</availableLanguages>
        
        
					
        
        <rcn>2094205</rcn>
        
        
					
        
        <id>999945065</id>
        
        
					
        
        <vatNumber>SE556074308901</vatNumber>
        
        
					
        
        <legalName>VOLVO PERSONVAGNAR AB</legalName>
        
        
					
        
        <shortName>VOLVO</shortName>
        
        
					
        
        <address>
          
          
						
          
          <street>AVD 50090 HB3S</street>
          
          
						
          
          <city>GOTEBORG</city>
          
          
						
          
          <postalCode>405 31</postalCode>
          
          
						
          
          <country>SE</country>
          
          
					
        
        </address>
        
        
					
        
        <relations>
          
          
						
          
          <categories>
            
            
							
            
            <category classification="organizationActivityType" type="relatedOrganizationActivityType">
              
              
								
              
              <availableLanguages readOnly="true">en</availableLanguages>
              
              
								
              
              <code>/PRC</code>
              
              
								
              
              <title>Private for-profit entities (excluding Higher or Secondary Education Establishments)</title>
              
              
								
							
            
            </category>
            
            
						
          
          </categories>
          
          
						
          
          <regions>
            
            
							
            
            <region type="relatedRegion">
              
              
								
							
									
              
              <name>Sweden</name>
              
              
									
              
              <nutsCode>SE</nutsCode>
              
              
									
              
              <euCode>SE</euCode>
              
              
									
              
              <isoCode>SE</isoCode>
              
              
									
              
              <rcn>473598504</rcn>
              
              
								
            
            </region>
            
            
						
          
          </regions>
          
          
					
        
        </relations>
        
        
				
      
      </organization>
      
      
			
      
      <organization ecContribution="1361000" order="4" terminated="false" type="participant">
        
        
				
			
					
        
        <availableLanguages readOnly="true">en</availableLanguages>
        
        
					
        
        <rcn>1905908</rcn>
        
        
					
        
        <id>999992886</id>
        
        
					
        
        <vatNumber>IT07084560015</vatNumber>
        
        
					
        
        <legalName>CENTRO RICERCHE FIAT SCPA</legalName>
        
        
					
        
        <shortName>CRF</shortName>
        
        
					
        
        <address>
          
          
						
          
          <street>STRADA TORINO 50</street>
          
          
						
          
          <city>ORBASSANO</city>
          
          
						
          
          <postalCode>10043</postalCode>
          
          
						
          
          <country>IT</country>
          
          
						
          
          <postBox>000</postBox>
          
          
						
          
          <url>www.crf.it</url>
          
          
					
        
        </address>
        
        
					
        
        <departmentName>Public Funding</departmentName>
        
        
					
        
        <relations>
          
          
						
          
          <categories>
            
            
							
            
            <category classification="organizationActivityType" type="relatedOrganizationActivityType">
              
              
								
              
              <availableLanguages readOnly="true">en</availableLanguages>
              
              
								
              
              <code>/REC</code>
              
              
								
              
              <title>Research Organisations</title>
              
              
								
							
            
            </category>
            
            
						
          
          </categories>
          
          
						
          
          <regions>
            
            
							
            
            <region type="relatedRegion">
              
              
								
							
									
              
              <name>Italy</name>
              
              
									
              
              <nutsCode>IT</nutsCode>
              
              
									
              
              <euCode>IT</euCode>
              
              
									
              
              <isoCode>IT</isoCode>
              
              
									
              
              <rcn>309758504</rcn>
              
              
								
            
            </region>
            
            
						
          
          </regions>
          
          
					
        
        </relations>
        
        
				
      
      </organization>
      
      
			
      
      <organization ecContribution="310611" order="13" terminated="false" type="participant">
        
        
				
			
					
        
        <availableLanguages readOnly="true">en</availableLanguages>
        
        
					
        
        <rcn>1914567</rcn>
        
        
					
        
        <id>997885852</id>
        
        
					
        
        <vatNumber>ATU54713500</vatNumber>
        
        
					
        
        <legalName>Kompetenzzentrum - Das Virtuelle Fahrzeug, Forschungsgesellschaft mbH</legalName>
        
        
					
        
        <shortName>VIF</shortName>
        
        
					
        
        <address>
          
          
						
          
          <street>Inffeldgasse  21 A</street>
          
          
						
          
          <city>Graz</city>
          
          
						
          
          <postalCode>8010</postalCode>
          
          
						
          
          <country>AT</country>
          
          
						
          
          <url>www.v2c2.at</url>
          
          
					
        
        </address>
        
        
					
        
        <departmentName>Finance and Controlling</departmentName>
        
        
					
        
        <relations>
          
          
						
          
          <categories>
            
            
							
            
            <category classification="organizationActivityType" type="relatedOrganizationActivityType">
              
              
								
              
              <availableLanguages readOnly="true">en</availableLanguages>
              
              
								
              
              <code>/REC</code>
              
              
								
              
              <title>Research Organisations</title>
              
              
								
							
            
            </category>
            
            
						
          
          </categories>
          
          
						
          
          <regions>
            
            
							
            
            <region type="relatedRegion">
              
              
								
							
									
              
              <name>Austria</name>
              
              
									
              
              <nutsCode>AT</nutsCode>
              
              
									
              
              <euCode>AT</euCode>
              
              
									
              
              <isoCode>AT</isoCode>
              
              
									
              
              <rcn>175540776</rcn>
              
              
								
            
            </region>
            
            
						
          
          </regions>
          
          
					
        
        </relations>
        
        
				
      
      </organization>
      
      
			
      
      <organization ecContribution="402829.88" order="8" terminated="false" type="participant">
        
        
				
			
					
        
        <availableLanguages readOnly="true">en</availableLanguages>
        
        
					
        
        <rcn>2379841</rcn>
        
        
					
        
        <id>946808562</id>
        
        
					
        
        <vatNumber>DE291636029</vatNumber>
        
        
					
        
        <legalName>SCHAEFFLER TECHNOLOGIES AG &amp; CO. KG</legalName>
        
        
					
        
        <shortName>SCHAEFFLER</shortName>
        
        
					
        
        <address>
          
          
						
          
          <street>INDUSTRIESTR 1-3</street>
          
          
						
          
          <city>HERZOGENAURACH</city>
          
          
						
          
          <postalCode>91074</postalCode>
          
          
						
          
          <country>DE</country>
          
          
					
        
        </address>
        
        
					
        
        <relations>
          
          
						
          
          <categories>
            
            
							
            
            <category classification="organizationActivityType" type="relatedOrganizationActivityType">
              
              
								
              
              <availableLanguages readOnly="true">en</availableLanguages>
              
              
								
              
              <code>/PRC</code>
              
              
								
              
              <title>Private for-profit entities (excluding Higher or Secondary Education Establishments)</title>
              
              
								
							
            
            </category>
            
            
						
          
          </categories>
          
          
						
          
          <regions>
            
            
							
            
            <region type="relatedRegion">
              
              
								
							
									
              
              <name>Germany</name>
              
              
									
              
              <nutsCode>DE</nutsCode>
              
              
									
              
              <euCode>DE</euCode>
              
              
									
              
              <isoCode>DE</isoCode>
              
              
									
              
              <rcn>221940264</rcn>
              
              
								
            
            </region>
            
            
						
          
          </regions>
          
          
					
        
        </relations>
        
        
				
      
      </organization>
      
      
			
      
      <organization ecContribution="190750.01" order="11" terminated="false" type="participant">
        
        
				
			
					
        
        <availableLanguages readOnly="true">en</availableLanguages>
        
        
					
        
        <rcn>1906740</rcn>
        
        
					
        
        <id>999734963</id>
        
        
					
        
        <vatNumber>NL810590372B01</vatNumber>
        
        
					
        
        <legalName>UNIRESEARCH BV</legalName>
        
        
					
        
        <shortName>UNR</shortName>
        
        
					
        
        <address>
          
          
						
          
          <street>Elektronicaweg  16c</street>
          
          
						
          
          <city>DELFT</city>
          
          
						
          
          <postalCode>2628XG</postalCode>
          
          
						
          
          <country>NL</country>
          
          
						
          
          <url>www.uniresearch.nl</url>
          
          
					
        
        </address>
        
        
					
        
        <relations>
          
          
						
          
          <categories>
            
            
							
            
            <category classification="organizationActivityType" type="relatedOrganizationActivityType">
              
              
								
              
              <availableLanguages readOnly="true">en</availableLanguages>
              
              
								
              
              <code>/PRC</code>
              
              
								
              
              <title>Private for-profit entities (excluding Higher or Secondary Education Establishments)</title>
              
              
								
							
            
            </category>
            
            
						
          
          </categories>
          
          
						
          
          <regions>
            
            
							
            
            <region type="relatedRegion">
              
              
								
							
									
              
              <name>Netherlands</name>
              
              
									
              
              <nutsCode>NL</nutsCode>
              
              
									
              
              <euCode>NL</euCode>
              
              
									
              
              <isoCode>NL</isoCode>
              
              
									
              
              <rcn>391547432</rcn>
              
              
								
            
            </region>
            
            
						
          
          </regions>
          
          
					
        
        </relations>
        
        
				
      
      </organization>
      
      
			
      
      <organization ecContribution="200125" order="5" terminated="false" type="participant">
        
        
				
			
					
        
        <availableLanguages readOnly="true">en</availableLanguages>
        
        
					
        
        <rcn>1905609</rcn>
        
        
					
        
        <id>999979500</id>
        
        
					
        
        <vatNumber>IT02118311006</vatNumber>
        
        
					
        
        <legalName>CONSIGLIO NAZIONALE DELLE RICERCHE</legalName>
        
        
					
        
        <shortName>CNR</shortName>
        
        
					
        
        <address>
          
          
						
          
          <street>PIAZZALE ALDO MORO 7</street>
          
          
						
          
          <city>ROMA</city>
          
          
						
          
          <postalCode>00185</postalCode>
          
          
						
          
          <country>IT</country>
          
          
						
          
          <postBox>N/A</postBox>
          
          
						
          
          <url>www.cnr.it</url>
          
          
					
        
        </address>
        
        
					
        
        <departmentName>CNR/ISTI/Signals and Images Laboratory</departmentName>
        
        
					
        
        <relations>
          
          
						
          
          <categories>
            
            
							
            
            <category classification="organizationActivityType" type="relatedOrganizationActivityType">
              
              
								
              
              <availableLanguages readOnly="true">en</availableLanguages>
              
              
								
              
              <code>/REC</code>
              
              
								
              
              <title>Research Organisations</title>
              
              
								
							
            
            </category>
            
            
						
          
          </categories>
          
          
						
          
          <regions>
            
            
							
            
            <region type="relatedRegion">
              
              
								
							
									
              
              <name>Italy</name>
              
              
									
              
              <nutsCode>IT</nutsCode>
              
              
									
              
              <euCode>IT</euCode>
              
              
									
              
              <isoCode>IT</isoCode>
              
              
									
              
              <rcn>309758504</rcn>
              
              
								
            
            </region>
            
            
						
          
          </regions>
          
          
					
        
        </relations>
        
        
				
      
      </organization>
      
      
			
      
      <organization ecContribution="64866.25" order="15" terminated="false" type="participant">
        
        
				
			
					
        
        <availableLanguages readOnly="true">en</availableLanguages>
        
        
					
        
        <rcn>1905906</rcn>
        
        
					
        
        <id>999848744</id>
        
        
					
        
        <vatNumber>CZ68407700</vatNumber>
        
        
					
        
        <legalName>CESKE VYSOKE UCENI TECHNICKE V PRAZE</legalName>
        
        
					
        
        <shortName>IEAP CTU</shortName>
        
        
					
        
        <address>
          
          
						
          
          <street>ZIKOVA 4</street>
          
          
						
          
          <city>PRAHA</city>
          
          
						
          
          <postalCode>16636</postalCode>
          
          
						
          
          <country>CZ</country>
          
          
						
          
          <postBox>000</postBox>
          
          
						
          
          <url>www.cvut.cz</url>
          
          
					
        
        </address>
        
        
					
        
        <departmentName>Department of Cybernetics</departmentName>
        
        
					
        
        <departmentName> Faculty of Electrical Engineering</departmentName>
        
        
					
        
        <relations>
          
          
						
          
          <categories>
            
            
							
            
            <category classification="organizationActivityType" type="relatedOrganizationActivityType">
              
              
								
              
              <availableLanguages readOnly="true">en</availableLanguages>
              
              
								
              
              <code>/HES</code>
              
              
								
              
              <title>Higher or Secondary Education Establishments</title>
              
              
								
							
            
            </category>
            
            
						
          
          </categories>
          
          
						
          
          <regions>
            
            
							
            
            <region type="relatedRegion">
              
              
								
							
									
              
              <name>Czech Republic</name>
              
              
									
              
              <nutsCode>CZ</nutsCode>
              
              
									
              
              <euCode>CZ</euCode>
              
              
									
              
              <isoCode>CZ</isoCode>
              
              
									
              
              <rcn>210668072</rcn>
              
              
								
            
            </region>
            
            
						
          
          </regions>
          
          
					
        
        </relations>
        
        
				
      
      </organization>
      
      
			
      
      <organization ecContribution="1733396.88" order="1" terminated="false" type="coordinator">
        
        
				
			
					
        
        <availableLanguages readOnly="true">en</availableLanguages>
        
        
					
        
        <rcn>1905904</rcn>
        
        
					
        
        <id>999952243</id>
        
        
					
        
        <vatNumber>ATU28752908</vatNumber>
        
        
					
        
        <legalName>AVL LIST GMBH</legalName>
        
        
					
        
        <shortName>AVL</shortName>
        
        
					
        
        <address>
          
          
						
          
          <street>HANS-LIST-PLATZ 1</street>
          
          
						
          
          <city>GRAZ</city>
          
          
						
          
          <postalCode>8020</postalCode>
          
          
						
          
          <country>AT</country>
          
          
						
          
          <url>www.avl.com</url>
          
          
					
        
        </address>
        
        
					
        
        <departmentName>Advanced Simulation Technologies</departmentName>
        
        
					
        
        <relations>
          
          
						
          
          <categories>
            
            
							
            
            <category classification="organizationActivityType" type="relatedOrganizationActivityType">
              
              
								
              
              <availableLanguages readOnly="true">en</availableLanguages>
              
              
								
              
              <code>/PRC</code>
              
              
								
              
              <title>Private for-profit entities (excluding Higher or Secondary Education Establishments)</title>
              
              
								
							
            
            </category>
            
            
						
          
          </categories>
          
          
						
          
          <regions>
            
            
							
            
            <region type="relatedRegion">
              
              
								
							
									
              
              <name>Austria</name>
              
              
									
              
              <nutsCode>AT</nutsCode>
              
              
									
              
              <euCode>AT</euCode>
              
              
									
              
              <isoCode>AT</isoCode>
              
              
									
              
              <rcn>175540776</rcn>
              
              
								
            
            </region>
            
            
						
          
          </regions>
          
          
					
        
        </relations>
        
        
				
      
      </organization>
      
      
			
      
      <organization ecContribution="58887.5" order="10" terminated="false" type="participant">
        
        
				
			
					
        
        <availableLanguages readOnly="true">en</availableLanguages>
        
        
					
        
        <rcn>1906723</rcn>
        
        
					
        
        <id>999427958</id>
        
        
					
        
        <vatNumber>LU11314425</vatNumber>
        
        
					
        
        <legalName>DELPHI AUTOMOTIVE SYSTEMS LUXEMBOURG SA</legalName>
        
        
					
        
        <shortName>DELPHI</shortName>
        
        
					
        
        <address>
          
          
						
          
          <street>AVENUE DE LUXEMBOURG</street>
          
          
						
          
          <city>BASCHARAGE</city>
          
          
						
          
          <postalCode>4940</postalCode>
          
          
						
          
          <country>LU</country>
          
          
					
        
        </address>
        
        
					
        
        <relations>
          
          
						
          
          <categories>
            
            
							
            
            <category classification="organizationActivityType" type="relatedOrganizationActivityType">
              
              
								
              
              <availableLanguages readOnly="true">en</availableLanguages>
              
              
								
              
              <code>/PRC</code>
              
              
								
              
              <title>Private for-profit entities (excluding Higher or Secondary Education Establishments)</title>
              
              
								
							
            
            </category>
            
            
						
          
          </categories>
          
          
						
          
          <regions>
            
            
							
            
            <region type="relatedRegion">
              
              
								
							
									
              
              <name>Luxembourg</name>
              
              
									
              
              <nutsCode>LU</nutsCode>
              
              
									
              
              <euCode>LU</euCode>
              
              
									
              
              <isoCode>LU</isoCode>
              
              
									
              
              <rcn>360352296</rcn>
              
              
								
            
            </region>
            
            
						
          
          </regions>
          
          
					
        
        </relations>
        
        
				
      
      </organization>
      
      
			
      
      <organization ecContribution="248000" order="16" terminated="false" type="participant">
        
        
				
			
					
        
        <availableLanguages readOnly="true">en</availableLanguages>
        
        
					
        
        <rcn>1905898</rcn>
        
        
					
        
        <id>999864846</id>
        
        
					
        
        <vatNumber>ESQ4618002B</vatNumber>
        
        
					
        
        <legalName>UNIVERSITAT POLITECNICA DE VALENCIA</legalName>
        
        
					
        
        <shortName>UPV</shortName>
        
        
					
        
        <address>
          
          
						
          
          <street>CAMINO DE VERA SN EDIFICIO 3A</street>
          
          
						
          
          <city>VALENCIA</city>
          
          
						
          
          <postalCode>46022</postalCode>
          
          
						
          
          <country>ES</country>
          
          
						
          
          <postBox>N/A</postBox>
          
          
						
          
          <url>www.upv.es</url>
          
          
					
        
        </address>
        
        
					
        
        <departmentName>Department of Hydraulic Engineering and Environment</departmentName>
        
        
					
        
        <relations>
          
          
						
          
          <categories>
            
            
							
            
            <category classification="organizationActivityType" type="relatedOrganizationActivityType">
              
              
								
              
              <availableLanguages readOnly="true">en</availableLanguages>
              
              
								
              
              <code>/HES</code>
              
              
								
              
              <title>Higher or Secondary Education Establishments</title>
              
              
								
							
            
            </category>
            
            
						
          
          </categories>
          
          
						
          
          <regions>
            
            
							
            
            <region type="relatedRegion">
              
              
								
							
									
              
              <name>Spain</name>
              
              
									
              
              <nutsCode>ES</nutsCode>
              
              
									
              
              <euCode>ES</euCode>
              
              
									
              
              <isoCode>ES</isoCode>
              
              
									
              
              <rcn>242387496</rcn>
              
              
								
            
            </region>
            
            
						
          
          </regions>
          
          
					
        
        </relations>
        
        
				
      
      </organization>
      
      
			
      
      <organization ecContribution="1301814.65" order="12" terminated="false" type="participant">
        
        
				
			
					
        
        <availableLanguages readOnly="true">en</availableLanguages>
        
        
					
        
        <rcn>1905901</rcn>
        
        
					
        
        <id>999993371</id>
        
        
					
        
        <vatNumber>FR46775729155</vatNumber>
        
        
					
        
        <legalName>IFP Energies nouvelles</legalName>
        
        
					
        
        <shortName>IFPEN</shortName>
        
        
					
        
        <address>
          
          
						
          
          <street>AVENUE DE BOIS PREAU 1 &amp; 4</street>
          
          
						
          
          <city>RUEIL MALMAISON</city>
          
          
						
          
          <postalCode>92500</postalCode>
          
          
						
          
          <country>FR</country>
          
          
						
          
          <url>www.ifpenergiesnouvelles.com</url>
          
          
					
        
        </address>
        
        
					
        
        <departmentName>Business Law and Contracts Division</departmentName>
        
        
					
        
        <relations>
          
          
						
          
          <categories>
            
            
							
            
            <category classification="organizationActivityType" type="relatedOrganizationActivityType">
              
              
								
              
              <availableLanguages readOnly="true">en</availableLanguages>
              
              
								
              
              <code>/REC</code>
              
              
								
              
              <title>Research Organisations</title>
              
              
								
							
            
            </category>
            
            
						
          
          </categories>
          
          
						
          
          <regions>
            
            
							
            
            <region type="relatedRegion">
              
              
								
							
									
              
              <name>France</name>
              
              
									
              
              <nutsCode>FR</nutsCode>
              
              
									
              
              <euCode>FR</euCode>
              
              
									
              
              <isoCode>FR</isoCode>
              
              
									
              
              <rcn>258902568</rcn>
              
              
								
            
            </region>
            
            
						
          
          </regions>
          
          
					
        
        </relations>
        
        
				
      
      </organization>
      
      
			
      
      <organization ecContribution="59931.2" order="9" terminated="false" type="participant">
        
        
				
			
					
        
        <availableLanguages readOnly="true">en</availableLanguages>
        
        
					
        
        <rcn>1930549</rcn>
        
        
					
        
        <id>995885809</id>
        
        
					
        
        <vatNumber>FR23348703299</vatNumber>
        
        
					
        
        <legalName>AVL LLM SAS</legalName>
        
        
					
        
        <shortName>LMM</shortName>
        
        
					
        
        <address>
          
          
						
          
          <street>5-9 RUE BENOIT FRACHON</street>
          
          
						
          
          <city>PALAISEAU</city>
          
          
						
          
          <postalCode>91120</postalCode>
          
          
						
          
          <country>FR</country>
          
          
						
          
          <url>www.le-moteur-moderne.fr</url>
          
          
					
        
        </address>
        
        
					
        
        <relations>
          
          
						
          
          <categories>
            
            
							
            
            <category classification="organizationActivityType" type="relatedOrganizationActivityType">
              
              
								
              
              <availableLanguages readOnly="true">en</availableLanguages>
              
              
								
              
              <code>/PRC</code>
              
              
								
              
              <title>Private for-profit entities (excluding Higher or Secondary Education Establishments)</title>
              
              
								
							
            
            </category>
            
            
						
          
          </categories>
          
          
						
          
          <regions>
            
            
							
            
            <region type="relatedRegion">
              
              
								
							
									
              
              <name>France</name>
              
              
									
              
              <nutsCode>FR</nutsCode>
              
              
									
              
              <euCode>FR</euCode>
              
              
									
              
              <isoCode>FR</isoCode>
              
              
									
              
              <rcn>258902568</rcn>
              
              
								
            
            </region>
            
            
						
          
          </regions>
          
          
					
        
        </relations>
        
        
				
      
      </organization>
      
      
			
      
      <organization ecContribution="134820.88" order="6" terminated="false" type="participant">
        
        
				
			
					
        
        <availableLanguages readOnly="true">en</availableLanguages>
        
        
					
        
        <rcn>1906543</rcn>
        
        
					
        
        <id>999947102</id>
        
        
					
        
        <vatNumber>GB232624193</vatNumber>
        
        
					
        
        <legalName>JOHNSON MATTHEY PLC</legalName>
        
        
					
        
        <shortName>JM</shortName>
        
        
					
        
        <address>
          
          
						
          
          <street>FARRINGDON STREET 25 5TH FLOOR</street>
          
          
						
          
          <city>LONDON</city>
          
          
						
          
          <postalCode>EC4A4AB</postalCode>
          
          
						
          
          <country>UK</country>
          
          
						
          
          <postBox>000</postBox>
          
          
						
          
          <url>www.matthey.com</url>
          
          
					
        
        </address>
        
        
					
        
        <relations>
          
          
						
          
          <categories>
            
            
							
            
            <category classification="organizationActivityType" type="relatedOrganizationActivityType">
              
              
								
              
              <availableLanguages readOnly="true">en</availableLanguages>
              
              
								
              
              <code>/PRC</code>
              
              
								
              
              <title>Private for-profit entities (excluding Higher or Secondary Education Establishments)</title>
              
              
								
							
            
            </category>
            
            
						
          
          </categories>
          
          
						
          
          <regions>
            
            
							
            
            <region type="relatedRegion">
              
              
								
							
									
              
              <name>United Kingdom</name>
              
              
									
              
              <nutsCode>UK</nutsCode>
              
              
									
              
              <euCode>UK</euCode>
              
              
									
              
              <isoCode>GB</isoCode>
              
              
									
              
              <rcn>508725800</rcn>
              
              
								
            
            </region>
            
            
						
          
          </regions>
          
          
					
        
        </relations>
        
        
				
      
      </organization>
      
      
			
      
      <organization ecContribution="403472.5" order="14" terminated="false" type="participant">
        
        
				
			
					
        
        <availableLanguages readOnly="true">en</availableLanguages>
        
        
					
        
        <rcn>1905553</rcn>
        
        
					
        
        <id>999980373</id>
        
        
					
        
        <vatNumber>SE556479559801</vatNumber>
        
        
					
        
        <legalName>CHALMERS TEKNISKA HOEGSKOLA AB</legalName>
        
        
					
        
        <shortName>CHALMERS</shortName>
        
        
					
        
        <address>
          
          
						
          
          <street>-</street>
          
          
						
          
          <city>GOETEBORG</city>
          
          
						
          
          <postalCode>41296</postalCode>
          
          
						
          
          <country>SE</country>
          
          
						
          
          <postBox>N/A</postBox>
          
          
						
          
          <url>www.chalmers.se</url>
          
          
					
        
        </address>
        
        
					
        
        <departmentName>SAFER - Vehicle and Traffic Safety Centre at Chalmers</departmentName>
        
        
					
        
        <relations>
          
          
						
          
          <categories>
            
            
							
            
            <category classification="organizationActivityType" type="relatedOrganizationActivityType">
              
              
								
              
              <availableLanguages readOnly="true">en</availableLanguages>
              
              
								
              
              <code>/HES</code>
              
              
								
              
              <title>Higher or Secondary Education Establishments</title>
              
              
								
							
            
            </category>
            
            
						
          
          </categories>
          
          
						
          
          <regions>
            
            
							
            
            <region type="relatedRegion">
              
              
								
							
									
              
              <name>Sweden</name>
              
              
									
              
              <nutsCode>SE</nutsCode>
              
              
									
              
              <euCode>SE</euCode>
              
              
									
              
              <isoCode>SE</isoCode>
              
              
									
              
              <rcn>473598504</rcn>
              
              
								
            
            </region>
            
            
						
          
          </regions>
          
          
					
        
        </relations>
        
        
				
      
      </organization>
      
      
			
      
      <programme type="relatedProgramme">
        
        
				
			
					
        
        <availableLanguages readOnly="true">de,en,es,fr,it,pl</availableLanguages>
        
        
					
        
        <rcn>664357</rcn>
        
        
					
        
        <code>H2020-EU.3.4.</code>
        
        
					
        
        <frameworkProgramme>H2020</frameworkProgramme>
        
        
					
        
        <pga>H2020-EU.3.4.</pga>
        
        
					
        
        <title>SOCIETAL CHALLENGES - Smart, Green And Integrated Transport</title>
        
        
					
        
        <shortTitle>Transport</shortTitle>
        
        
					
        
        <parent>
          
          
						
          
          <programme>
            
            
							
            
            <rcn>664235</rcn>
            
            
							
            
            <code>H2020-EU.3.</code>
            
            
							
            
            <parent>
              
              
								
              
              <programme>
                
                
									
                
                <rcn>664087</rcn>
                
                
									
                
                <code>H2020-EC</code>
                
                
									
                
                <parent>
                  
                  
										
                  
                  <programme>
                    
                    
											
                    
                    <rcn>664086</rcn>
                    
                    
											
                    
                    <code>H2020</code>
                    
                    
										
                  
                  </programme>
                  
                  
									
                
                </parent>
                
                
								
              
              </programme>
              
              
							
            
            </parent>
            
            
						
          
          </programme>
          
          
					
        
        </parent>
        
        
				
      
      </programme>
      
      
			
      
      <programme type="relatedSubProgramme">
        
        
				
			
					
        
        <availableLanguages readOnly="true">en</availableLanguages>
        
        
					
        
        <rcn>664895</rcn>
        
        
					
        
        <code>MG-3.1-2014</code>
        
        
					
        
        <frameworkProgramme>H2020-Topics</frameworkProgramme>
        
        
					
        
        <title>MG-3.1-2014: Technologies for low emission powertrains</title>
        
        
					
        
        <parent>
          
          
						
          
          <programme>
            
            
							
            
            <rcn>20200</rcn>
            
            
							
            
            <code>H2020-Topics</code>
            
            
						
          
          </programme>
          
          
					
        
        </parent>
        
        
				
      
      </programme>
      
      
			
      
      <result type="relatedResult">
        
        
				
			
					
        
        <availableLanguages readOnly="true">en</availableLanguages>
        
        
					
        
        <rcn>198057</rcn>
        
        
					
        
        <title>Periodic Reporting for period 1 - REWARD (REal World Advanced Technologies foR Diesel Engines)</title>
        
        
					
        
        <teaser>The overall objective of the REWARD project is to develop the knowhow, intellectual property rights and technical capabilities to adequately and cost-effectively produce cleaner, highly efficient Diesel powertrains and aftertreatment technologies for future cleaner passenger...</teaser>
        
        
					
        
        <description>periodic</description>
        
        
					
        
        <contentUpdateDate>2017-05-16 15:10:44</contentUpdateDate>
        
        
					
        
        <relations>
          
          
						
          
          <categories>
            
            
							
            
            <category classification="collection" type="belongsTo">
              
              
								
              
              <availableLanguages readOnly="true">de,en,es,fr,it,pl</availableLanguages>
              
              
								
              
              <code>/pubsum</code>
              
              
								
              
              <title>Report Summary</title>
              
              
								
							
            
            </category>
            
            
							
            
            <category classification="resultCategory" type="relatedResultCategory">
              
              
								
              
              <availableLanguages readOnly="true">en</availableLanguages>
              
              
								
              
              <code>/report</code>
              
              
								
              
              <title>Report summary</title>
              
              
								
							
            
            </category>
            
            
							
            
            <category classification="source" type="isProvidedBy">
              
              
								
              
              <availableLanguages readOnly="true">de,en,es,fr,it,pl</availableLanguages>
              
              
								
              
              <code>/corda</code>
              
              
								
              
              <title>CORDA</title>
              
              
								
							
            
            </category>
            
            
						
          
          </categories>
          
          
						
          
          <associations>
            
            
							
            
            <webItem source="corda" type="relatedResultAttachment">
              
              
								
							
									
              
              <language>en</language>
              
              
									
              
              <availableLanguages readOnly="true">en,any</availableLanguages>
              
              
									
              
              <uri>/docs/results/h2020/636/636380_PS/uniresearch-reward-logo.jpg</uri>
              
              
									
              
              <mimetype readOnly="true">image/jpeg</mimetype>
              
              
									
              
              <size readOnly="true">0</size>
              
              
								
            
            </webItem>
            
            
							
            
            <webLink source="corda" type="relatedWebsite">
              
              
								
							
									
              
              <language>en</language>
              
              
									
              
              <availableLanguages readOnly="true">en</availableLanguages>
              
              
									
              
              <url>http://www.project-reward.eu</url>
              
              
									
              
              <content>Homepage - Reward | Reward Home Project Introduction Approach Vision &amp; Objectives Facts and Figures Links Partner locations Partners News/Events Downloads SubscribeLogin Home Project Introduction Approach Vision &amp; Objectives Facts and Figures Links Partner locations Partners News/Events Downloads Renault demonstrator Based on Renault Kadjar with 1.6 DCI engine Roller Finger Follower Volvo demonstrator Based on the all new Volvo XC60 The REWARD Team REWARD A broad and well positioned consortium will work together in the REWARD project to develop advanced diesel engines that are able to respond to the demands of the future. The REWARD consortium is taking on the challenge of developing diesel powertrains and aftertreatment technologies for the next generation of cleaner passenger cars and light commercial vehicles. As the fuel economy of Diesel engines is substantially higher than for gasoline engines, REWARD plays into this enormous improvement potential to stimulate the development and use of Diesel engines in all vehicle classes. Within the upcoming emission legislations, engine exhaust pollutants and the fuel consumption respectively CO2 emissions will become more stringent worldwide. It is the aim of the REWARD project to limit both exhaust pollutants, as well as improve the car’s fuel efficiency. Reaching this challenging objective will be demonstrated under real driving conditions. Latest news REWARD Final Event REWARD &amp; dieper project Final Event at TRA2018 in Vienna on 18/4/2018! The first REWARD newsletter Vision and Objectives The overall objective of the REWARD project is to develop the knowhow, intellectual property rights and technical capabilities to adequately and cost-effectively produce cleaner, highly efficient Diesel powertrains and aftertreatment technologies for future cleaner class A, B, C, D and E passenger cars and light commercial vehicles (LCVs) up to 3,500 kg that “go beyond Euro 6 limits under Real Driving conditions” (EU6 RDE). All technologies: friction and wear reduction measures, exhaust gas treatment concepts, fuel-efficient 2-stroke and 4-stroke Diesel engine concepts will be advanced to TRL 6 or TRL 7 and integrated in two demonstration vehicles. Read more... Partner locations Events related to REWARD SIA Powertrain // Rouen 2018 16/05/2018 - 17/05/2018 Rouen Thiesel 2018 10/09/2018 - 15/09/2018 Valencia all events Facts &amp; Figures REal World Advanced Technologies foR Diesel Engines Acronym: REWARD Duration: 36 months Start date: 1 May 2015 Total budget: 12.5 M€ EC Funding: 10 M€ The consortium consists of 16 partners from 10 different European countries. Partners about Herwig OfnerAVL "Focusing on the basic principles of fuel-air mixing, combustion, catalytic exhaust aftertreatment, control and enhanced tribology, REWARD’s holistic approach supports a comprehensive advancement of Diesel engines...." Read more... Pascal TribottéRenault "Diesel engines will keep an important market share in Europe for the next 10-20 years, and should keep a 10-15% advantage in CO2 emissions compared to Gasoline engines. REWARD is an opportunity for Renault and its partners to develop the most competitive solutions for..." Read more... Tobias StalforsVolvo Cars "Within the REWARD project, Volvo Cars focuses on the challenge of utilizing a 2.0 l Diesel engine (&gt; 100kW/l, i.e. heavy downsizing) for class D/E vehicles to achieve 5% more fuel efficiency at this power level, and prove compliance with post Euro 6 emission limits..." Read more... Andrea GeriniCRF "The REWARD project is the perfect platform where car manufacturers, suppliers, research centres and universities meet together to develop future technologies for Diesel engines targeting post Euro 6 emissions and supporting the EU challenge in reducing the carbon footprint from the transportation sector..." Read more... Bianca Maria VagliecoCNR "In the REWARD project, IM-CNR contributes with optical and numerical analysis of the injection/combustion behavior in an optical SC CI engine and fuel sensitivity analysis of the performance and emissions of a multi-cylinder engine..." Read more...  Chris MorganJohnson Matthey “The REWARD programme aligns with our aims to develop optimised, robust and cost-effective aftertreatment technologies that perform to the best standards in the real world environment. We are proud to work with our consortium partners to further the development of..." Read more...  Simon EdwardsRicardo “For future passenger cars and light commercial vehicles, cost effectively improving the cleanliness and efficiency of their Diesel engines beyond the Euro 6 limits, as is the target of the REWARD project, will provide a significant contribution to achieving Europe’s commitments to...” Read more...  Nazlim BagcivanSchaeffler "REal World Advanced Technologies foR Diesel Engines (REWARD) are measures to generate more efficient and cleaner mobility for passenger cars on a medium term perspective. Schaeffler as a globally acting automotive supplier continues with the project REWARD its aspiration to..." Read more...  Christophe GarsiDelphi "The Advanced Injection &amp; Combustion team is happy to continue their cooperation with their historical partners from the POWERFuL program by supporting the REWARD WP4 in order to advance diesel engine technology..." Read more...  Carolien MazalUniresearch "The REWARD project will be a success for Uniresearch, if the partners are able to concentrate on their challenging project tasks, knowing that the project management is in capable hands..." Read more... Gaetano de PaolaIFPEN "From research to industry, placing innovation at the very core of our action..." Read more...  Louise OlssonChalmers "Chalmers University of Technology is part of the REWARD project for conducting research relating to catalysis for cleaning emissions from fuels. The focus is on catalytic systems for engines that use air excess during combustion..." Read more...  Pavel BrynchCTU "With our knowledge, experience and enthusiasm we would like to achieve the challenging targets of the REWARD project..." Read more...  Ricardo NovellaUPVLC "During the last 10 years the research institute CMT - Motores Térmicos from UPVLC has collaborated in 8 EC funded projects, more than 50 projects with National public funding, more than 200 private contracts on internal combustion engines with more than 20 European companies and..." Read more... prevnext Project interactions REWARD is prepared to link to other projects that focus on developing spark ignition non-hybrid engines and/or studies of health and environmental effects of micro and nano particles emissions. Project info Introduction Approach Facts and Figures Downloads Disclaimer / Copyright Project interactions Links News/Events Subscribe Partners Contact details Project coordinator - AVL Dr Herwig Ofner www.avl.com Project Manager - Uniresearch Mrs Kathrin Braun www.uniresearch.com Information This project has received funding from the European Union’s Horizon 2020 research and innovation programme under Grant Agreement no. 636380. © Copyright 2018 Reward Uniresearch - YSD for graphic and webdesign</content>
              
              
								
            
            </webLink>
            
            
						
          
          </associations>
          
          
					
        
        </relations>
        
        
				
      
      </result>
      
      
		
    
    </associations>
    
    
		
    
    <categories>
      
      
			
      
      <category classification="projectFundingSchemeCategory" type="relatedProjectFundingSchemeCategory">
        
        
				
        
        <availableLanguages readOnly="true">en</availableLanguages>
        
        
				
        
        <code>/IA</code>
        
        
				
        
        <title>Innovation action</title>
        
        
				
			
      
      </category>
      
      
		
    
    </categories>
    
    
	
  
  </relations>
  
  
	


</project>

