<?xml version="1.0" encoding="UTF-8"?>
<project xmlns="http://cordis.europa.eu">
  
  
	
	
  
  <language>en</language>
  
  
	
  
  <availableLanguages readOnly="true">en</availableLanguages>
  
  
	
  
  <rcn>193415</rcn>
  
  
	
  
  <reference>636727</reference>
  
  
	
  
  <acronym>SAMT</acronym>
  
  
	
  
  <teaser>Sustainability assessment methods are needed to support sustainable technology development and to evaluate the impacts of existing solutions, products and technologies. While there are aspects and indicators that are common to all process industries, sector specific tools are...</teaser>
  
  
	
  
  <objective>Sustainability assessment methods are needed to support sustainable technology development and to evaluate the impacts of existing solutions, products and technologies. While there are aspects and indicators that are common to all process industries, sector specific tools are required to address the sector specific features in a fair and transparent way. 
At the moment, several tools, assessment methods and indicators exist, but they differ in their goal and scope and are intended for different kind of use within companies, by consumers or by authorities to support policy planning and evaluation. Additionally, different tools are focused for different levels of assessment: product, company, industry or society. Thus the problem is not so much the existence of proper tools but rather the lack of understanding and knowledge on how they should be applied and in which context. Furthermore, suitable tools for analysing resource and energy efficiency within the process industries and across the different sectors should be recognized.
The aim of the SAMT project is to review and make recommendations about the most potential sustainability assessment methods for evaluating energy and resource efficiency in the process industry. 
The analysis will focus on the applicability of different methods in industrial settings, the ability of the methods to support decision-making towards sustainable solutions and the suitability of the tools for cross-sectoral analysis. 
SAMT will evaluate tools that cover either environmental, economic and social aspects, or a combination of these, and apply principles of life cycle thinking. The project will consider demands and make recommendations related to sectorial and cross-sectorial assessment in a wide spectrum of process industries: cement, metal, oil, water, waste and chemical industry. To maximize the impact of the project the work will be supported by active dissemination activities including an implementation strategy as an outcome.</objective>
  
  
	
  
  <title>Sustainability assessment methods and tools to support decision-making in the process industries</title>
  
  
	
  
  <totalCost>514804.38</totalCost>
  
  
	
  
  <ecMaxContribution>498554</ecMaxContribution>
  
  
	
  
  <startDate>2015-01-01</startDate>
  
  
	
  
  <endDate>2016-12-31</endDate>
  
  
	
  
  <contract>
    
    
		
    
    <duration>24</duration>
    
    
	
  
  </contract>
  
  
	
  
  <status>SIGNED</status>
  
  
	
  
  <sourceUpdateDate>2017-08-16 17:52:26</sourceUpdateDate>
  
  
	
  
  <contentCreationDate readOnly="true">2015-05-05 16:15:58</contentCreationDate>
  
  
	
  
  <contentUpdateDate>2017-07-12 17:41:34</contentUpdateDate>
  
  
	
  
  <lastUpdateDate readOnly="true">2017-08-16 17:55:19</lastUpdateDate>
  
  
	
  
  <relations>
    
    
		
    
    <associations>
      
      
			
      
      <call type="relatedCall">
        
        
				
			
					
        
        <rcn>676</rcn>
        
        
					
        
        <title>H2020-SPIRE-2014</title>
        
        
					
        
        <identifier>H2020-SPIRE-2014</identifier>
        
        
				
      
      </call>
      
      
			
      
      <organization ecContribution="12500" order="10" terminated="false" type="participant">
        
        
				
			
					
        
        <availableLanguages readOnly="true">en</availableLanguages>
        
        
					
        
        <rcn>2090865</rcn>
        
        
					
        
        <id>984232326</id>
        
        
					
        
        <vatNumber>ESG78216819</vatNumber>
        
        
					
        
        <legalName>ASOCIACION ESPANOLA DE NORMALIZACION</legalName>
        
        
					
        
        <shortName>AENOR</shortName>
        
        
					
        
        <address>
          
          
						
          
          <street>CALLE GENOVA 6</street>
          
          
						
          
          <city>MADRID</city>
          
          
						
          
          <postalCode>28004</postalCode>
          
          
						
          
          <country>ES</country>
          
          
						
          
          <postBox>000</postBox>
          
          
						
          
          <url>www.aenor.es</url>
          
          
					
        
        </address>
        
        
					
        
        <relations>
          
          
						
          
          <categories>
            
            
							
            
            <category classification="organizationActivityType" type="relatedOrganizationActivityType">
              
              
								
              
              <availableLanguages readOnly="true">en</availableLanguages>
              
              
								
              
              <code>/OTH</code>
              
              
								
              
              <title>Other</title>
              
              
								
							
            
            </category>
            
            
						
          
          </categories>
          
          
						
          
          <regions>
            
            
							
            
            <region type="relatedRegion">
              
              
								
							
									
              
              <name>Spain</name>
              
              
									
              
              <nutsCode>ES</nutsCode>
              
              
									
              
              <euCode>ES</euCode>
              
              
									
              
              <isoCode>ES</isoCode>
              
              
									
              
              <rcn>242387496</rcn>
              
              
								
            
            </region>
            
            
						
          
          </regions>
          
          
					
        
        </relations>
        
        
				
      
      </organization>
      
      
			
      
      <organization ecContribution="191875" order="1" terminated="false" type="coordinator">
        
        
				
			
					
        
        <availableLanguages readOnly="true">en</availableLanguages>
        
        
					
        
        <rcn>2104951</rcn>
        
        
					
        
        <id>932760440</id>
        
        
					
        
        <vatNumber>FI26473754</vatNumber>
        
        
					
        
        <legalName>Teknologian tutkimuskeskus VTT Oy</legalName>
        
        
					
        
        <shortName>VTT</shortName>
        
        
					
        
        <address>
          
          
						
          
          <street>VUORIMIEHENTIE 3</street>
          
          
						
          
          <city>Espoo</city>
          
          
						
          
          <postalCode>02150</postalCode>
          
          
						
          
          <country>FI</country>
          
          
						
          
          <postBox>1000</postBox>
          
          
						
          
          <url>www.vtt.fi</url>
          
          
					
        
        </address>
        
        
					
        
        <departmentName>Corporate Services</departmentName>
        
        
					
        
        <relations>
          
          
						
          
          <categories>
            
            
							
            
            <category classification="organizationActivityType" type="relatedOrganizationActivityType">
              
              
								
              
              <availableLanguages readOnly="true">en</availableLanguages>
              
              
								
              
              <code>/REC</code>
              
              
								
              
              <title>Research Organisations</title>
              
              
								
							
            
            </category>
            
            
						
          
          </categories>
          
          
						
          
          <regions>
            
            
							
            
            <region type="relatedRegion">
              
              
								
							
									
              
              <name>Finland</name>
              
              
									
              
              <nutsCode>FI</nutsCode>
              
              
									
              
              <euCode>FI</euCode>
              
              
									
              
              <isoCode>FI</isoCode>
              
              
									
              
              <rcn>256543272</rcn>
              
              
								
            
            </region>
            
            
						
          
          </regions>
          
          
					
        
        </relations>
        
        
				
      
      </organization>
      
      
			
      
      <organization ecContribution="106875" order="2" terminated="false" type="participant">
        
        
				
			
					
        
        <availableLanguages readOnly="true">en</availableLanguages>
        
        
					
        
        <rcn>1905767</rcn>
        
        
					
        
        <id>999604110</id>
        
        
					
        
        <vatNumber>ESG48975767</vatNumber>
        
        
					
        
        <legalName>FUNDACION TECNALIA RESEARCH &amp; INNOVATION</legalName>
        
        
					
        
        <shortName>TECNALIA</shortName>
        
        
					
        
        <address>
          
          
						
          
          <street>PARQUE CIENTIFICO Y TECNOLOGICO DE GIPUZKOA PASEO MIKELETEGI 2</street>
          
          
						
          
          <city>DONOSTIA SAN SEBASTIAN</city>
          
          
						
          
          <postalCode>20009</postalCode>
          
          
						
          
          <country>ES</country>
          
          
						
          
          <postBox>000</postBox>
          
          
						
          
          <url>www.tecnalia.com</url>
          
          
					
        
        </address>
        
        
					
        
        <departmentName>Energy and Environment Division</departmentName>
        
        
					
        
        <relations>
          
          
						
          
          <categories>
            
            
							
            
            <category classification="organizationActivityType" type="relatedOrganizationActivityType">
              
              
								
              
              <availableLanguages readOnly="true">en</availableLanguages>
              
              
								
              
              <code>/REC</code>
              
              
								
              
              <title>Research Organisations</title>
              
              
								
							
            
            </category>
            
            
						
          
          </categories>
          
          
						
          
          <regions>
            
            
							
            
            <region type="relatedRegion">
              
              
								
							
									
              
              <name>Spain</name>
              
              
									
              
              <nutsCode>ES</nutsCode>
              
              
									
              
              <euCode>ES</euCode>
              
              
									
              
              <isoCode>ES</isoCode>
              
              
									
              
              <rcn>242387496</rcn>
              
              
								
            
            </region>
            
            
						
          
          </regions>
          
          
					
        
        </relations>
        
        
				
      
      </organization>
      
      
			
      
      <organization ecContribution="0" order="7" terminated="true" type="participant">
        
        
				
			
					
        
        <availableLanguages readOnly="true">en</availableLanguages>
        
        
					
        
        <rcn>1906535</rcn>
        
        
					
        
        <id>999539896</id>
        
        
					
        
        <vatNumber>DE813385825</vatNumber>
        
        
					
        
        <legalName>BAYER TECHNOLOGY SERVICES GMBH</legalName>
        
        
					
        
        <shortName>BAYER TECHNOLOGY SERVICES GMBH</shortName>
        
        
					
        
        <address>
          
          
						
          
          <street>Kaiser-Wilhelm-Allee</street>
          
          
						
          
          <city>LEVERKUSEN</city>
          
          
						
          
          <postalCode>51368</postalCode>
          
          
						
          
          <country>DE</country>
          
          
						
          
          <url>www.bayertechnology.com</url>
          
          
					
        
        </address>
        
        
					
        
        <departmentName>TD-MSP-PF</departmentName>
        
        
					
        
        <relations>
          
          
						
          
          <categories>
            
            
							
            
            <category classification="organizationActivityType" type="relatedOrganizationActivityType">
              
              
								
              
              <availableLanguages readOnly="true">en</availableLanguages>
              
              
								
              
              <code>/PRC</code>
              
              
								
              
              <title>Private for-profit entities (excluding Higher or Secondary Education Establishments)</title>
              
              
								
							
            
            </category>
            
            
						
          
          </categories>
          
          
						
          
          <regions>
            
            
							
            
            <region type="relatedRegion">
              
              
								
							
									
              
              <name>Germany</name>
              
              
									
              
              <nutsCode>DE</nutsCode>
              
              
									
              
              <euCode>DE</euCode>
              
              
									
              
              <isoCode>DE</isoCode>
              
              
									
              
              <rcn>221940264</rcn>
              
              
								
            
            </region>
            
            
						
          
          </regions>
          
          
					
        
        </relations>
        
        
				
      
      </organization>
      
      
			
      
      <organization ecContribution="11875" order="6" terminated="false" type="participant">
        
        
				
			
					
        
        <availableLanguages readOnly="true">en</availableLanguages>
        
        
					
        
        <rcn>2089878</rcn>
        
        
					
        
        <id>996493902</id>
        
        
					
        
        <vatNumber>FI18523029</vatNumber>
        
        
					
        
        <legalName>NESTE OYJ</legalName>
        
        
					
        
        <shortName>Neste</shortName>
        
        
					
        
        <address>
          
          
						
          
          <street>KEILARANTA 21</street>
          
          
						
          
          <city>ESPOO</city>
          
          
						
          
          <postalCode>02150</postalCode>
          
          
						
          
          <country>FI</country>
          
          
						
          
          <postBox>000</postBox>
          
          
						
          
          <url>www.neste.com</url>
          
          
					
        
        </address>
        
        
					
        
        <relations>
          
          
						
          
          <categories>
            
            
							
            
            <category classification="organizationActivityType" type="relatedOrganizationActivityType">
              
              
								
              
              <availableLanguages readOnly="true">en</availableLanguages>
              
              
								
              
              <code>/PRC</code>
              
              
								
              
              <title>Private for-profit entities (excluding Higher or Secondary Education Establishments)</title>
              
              
								
							
            
            </category>
            
            
						
          
          </categories>
          
          
						
          
          <regions>
            
            
							
            
            <region type="relatedRegion">
              
              
								
							
									
              
              <name>Finland</name>
              
              
									
              
              <nutsCode>FI</nutsCode>
              
              
									
              
              <euCode>FI</euCode>
              
              
									
              
              <isoCode>FI</isoCode>
              
              
									
              
              <rcn>256543272</rcn>
              
              
								
            
            </region>
            
            
						
          
          </regions>
          
          
					
        
        </relations>
        
        
				
      
      </organization>
      
      
			
      
      <organization ecContribution="23359" order="5" terminated="false" type="participant">
        
        
				
			
					
        
        <availableLanguages readOnly="true">en</availableLanguages>
        
        
					
        
        <rcn>2129672</rcn>
        
        
					
        
        <id>998159683</id>
        
        
					
        
        <vatNumber>FR76410118608</vatNumber>
        
        
					
        
        <legalName>SUEZ GROUPE</legalName>
        
        
					
        
        <shortName>SUEZ</shortName>
        
        
					
        
        <address>
          
          
						
          
          <street>16 PLACE DE L'IRIS TOUR CB21</street>
          
          
						
          
          <city>PARIS LA DEFENSE CEDEX</city>
          
          
						
          
          <postalCode>92040</postalCode>
          
          
						
          
          <country>FR</country>
          
          
						
          
          <url>www.suez-environnement.com</url>
          
          
					
        
        </address>
        
        
					
        
        <departmentName>CIRSEE</departmentName>
        
        
					
        
        <relations>
          
          
						
          
          <categories>
            
            
							
            
            <category classification="organizationActivityType" type="relatedOrganizationActivityType">
              
              
								
              
              <availableLanguages readOnly="true">en</availableLanguages>
              
              
								
              
              <code>/PRC</code>
              
              
								
              
              <title>Private for-profit entities (excluding Higher or Secondary Education Establishments)</title>
              
              
								
							
            
            </category>
            
            
						
          
          </categories>
          
          
						
          
          <regions>
            
            
							
            
            <region type="relatedRegion">
              
              
								
							
									
              
              <name>France</name>
              
              
									
              
              <nutsCode>FR</nutsCode>
              
              
									
              
              <euCode>FR</euCode>
              
              
									
              
              <isoCode>FR</isoCode>
              
              
									
              
              <rcn>258902568</rcn>
              
              
								
            
            </region>
            
            
						
          
          </regions>
          
          
					
        
        </relations>
        
        
				
      
      </organization>
      
      
			
      
      <organization ecContribution="0" order="4" terminated="false" type="participant">
        
        
				
			
					
        
        <availableLanguages readOnly="true">en</availableLanguages>
        
        
					
        
        <rcn>1922309</rcn>
        
        
					
        
        <id>986048457</id>
        
        
					
        
        <vatNumber>CHE116313304</vatNumber>
        
        
					
        
        <legalName>CEMEX RESEARCH GROUP AG</legalName>
        
        
					
        
        <shortName>CEMEX</shortName>
        
        
					
        
        <address>
          
          
						
          
          <street>ROMERSTRASSE 13</street>
          
          
						
          
          <city>BRUGG BEI BIEL</city>
          
          
						
          
          <postalCode>2555</postalCode>
          
          
						
          
          <country>CH</country>
          
          
						
          
          <postBox>000</postBox>
          
          
						
          
          <url>www.cemex.com</url>
          
          
					
        
        </address>
        
        
					
        
        <relations>
          
          
						
          
          <categories>
            
            
							
            
            <category classification="organizationActivityType" type="relatedOrganizationActivityType">
              
              
								
              
              <availableLanguages readOnly="true">en</availableLanguages>
              
              
								
              
              <code>/PRC</code>
              
              
								
              
              <title>Private for-profit entities (excluding Higher or Secondary Education Establishments)</title>
              
              
								
							
            
            </category>
            
            
						
          
          </categories>
          
          
						
          
          <regions>
            
            
							
            
            <region type="relatedRegion">
              
              
								
							
									
              
              <name>Switzerland</name>
              
              
									
              
              <nutsCode>CH</nutsCode>
              
              
									
              
              <euCode>CH</euCode>
              
              
									
              
              <isoCode>CH</isoCode>
              
              
									
              
              <rcn>205949480</rcn>
              
              
								
            
            </region>
            
            
						
          
          </regions>
          
          
					
        
        </relations>
        
        
				
      
      </organization>
      
      
			
      
      <organization ecContribution="33225" order="8" terminated="false" type="participant">
        
        
				
			
					
        
        <availableLanguages readOnly="true">en</availableLanguages>
        
        
					
        
        <rcn>1908197</rcn>
        
        
					
        
        <id>999829926</id>
        
        
					
        
        <vatNumber>DE149145247</vatNumber>
        
        
					
        
        <legalName>BASF SE</legalName>
        
        
					
        
        <shortName>BASF SE</shortName>
        
        
					
        
        <address>
          
          
						
          
          <street>CARL BOSCH STRASSE 38</street>
          
          
						
          
          <city>LUDWIGSHAFEN AM RHEIN</city>
          
          
						
          
          <postalCode>67056</postalCode>
          
          
						
          
          <country>DE</country>
          
          
						
          
          <postBox>000</postBox>
          
          
						
          
          <url>www.basf.com</url>
          
          
					
        
        </address>
        
        
					
        
        <departmentName>GOH/B R&amp;D Cooperations</departmentName>
        
        
					
        
        <relations>
          
          
						
          
          <categories>
            
            
							
            
            <category classification="organizationActivityType" type="relatedOrganizationActivityType">
              
              
								
              
              <availableLanguages readOnly="true">en</availableLanguages>
              
              
								
              
              <code>/PRC</code>
              
              
								
              
              <title>Private for-profit entities (excluding Higher or Secondary Education Establishments)</title>
              
              
								
							
            
            </category>
            
            
						
          
          </categories>
          
          
						
          
          <regions>
            
            
							
            
            <region type="relatedRegion">
              
              
								
							
									
              
              <name>Germany</name>
              
              
									
              
              <nutsCode>DE</nutsCode>
              
              
									
              
              <euCode>DE</euCode>
              
              
									
              
              <isoCode>DE</isoCode>
              
              
									
              
              <rcn>221940264</rcn>
              
              
								
            
            </region>
            
            
						
          
          </regions>
          
          
					
        
        </relations>
        
        
				
      
      </organization>
      
      
			
      
      <organization ecContribution="68395" order="3" terminated="false" type="participant">
        
        
				
			
					
        
        <availableLanguages readOnly="true">en</availableLanguages>
        
        
					
        
        <rcn>1907249</rcn>
        
        
					
        
        <id>999929642</id>
        
        
					
        
        <vatNumber>DE121091633</vatNumber>
        
        
					
        
        <legalName>WUPPERTAL INSTITUT FUR KLIMA, UMWELT, ENERGIE GMBH</legalName>
        
        
					
        
        <shortName>WIKUE</shortName>
        
        
					
        
        <address>
          
          
						
          
          <street>DOPPERSBERG 19</street>
          
          
						
          
          <city>WUPPERTAL</city>
          
          
						
          
          <postalCode>42103</postalCode>
          
          
						
          
          <country>DE</country>
          
          
						
          
          <url>www.wupperinst.org</url>
          
          
					
        
        </address>
        
        
					
        
        <relations>
          
          
						
          
          <categories>
            
            
							
            
            <category classification="organizationActivityType" type="relatedOrganizationActivityType">
              
              
								
              
              <availableLanguages readOnly="true">en</availableLanguages>
              
              
								
              
              <code>/REC</code>
              
              
								
              
              <title>Research Organisations</title>
              
              
								
							
            
            </category>
            
            
						
          
          </categories>
          
          
						
          
          <regions>
            
            
							
            
            <region type="relatedRegion">
              
              
								
							
									
              
              <name>Germany</name>
              
              
									
              
              <nutsCode>DE</nutsCode>
              
              
									
              
              <euCode>DE</euCode>
              
              
									
              
              <isoCode>DE</isoCode>
              
              
									
              
              <rcn>221940264</rcn>
              
              
								
            
            </region>
            
            
						
          
          </regions>
          
          
					
        
        </relations>
        
        
				
      
      </organization>
      
      
			
      
      <organization ecContribution="34200" order="7" terminated="false" type="participant">
        
        
				
			
					
        
        <availableLanguages readOnly="true">en</availableLanguages>
        
        
					
        
        <rcn>2617564</rcn>
        
        
					
        
        <id>918419281</id>
        
        
					
        
        <vatNumber>DE123659859</vatNumber>
        
        
					
        
        <legalName>Bayer AG</legalName>
        
        
					
        
        <shortName>Bayer</shortName>
        
        
					
        
        <address>
          
          
						
          
          <street>Muellerstr.</street>
          
          
						
          
          <city>Berlin</city>
          
          
						
          
          <postalCode>D-13353</postalCode>
          
          
						
          
          <country>DE</country>
          
          
						
          
          <postBox>N/A</postBox>
          
          
						
          
          <url>http://pharma.bayer.com</url>
          
          
					
        
        </address>
        
        
					
        
        <relations>
          
          
						
          
          <categories>
            
            
							
            
            <category classification="organizationActivityType" type="relatedOrganizationActivityType">
              
              
								
              
              <availableLanguages readOnly="true">en</availableLanguages>
              
              
								
              
              <code>/PRC</code>
              
              
								
              
              <title>Private for-profit entities (excluding Higher or Secondary Education Establishments)</title>
              
              
								
							
            
            </category>
            
            
						
          
          </categories>
          
          
						
          
          <regions>
            
            
							
            
            <region type="relatedRegion">
              
              
								
							
									
              
              <name>Germany</name>
              
              
									
              
              <nutsCode>DE</nutsCode>
              
              
									
              
              <euCode>DE</euCode>
              
              
									
              
              <isoCode>DE</isoCode>
              
              
									
              
              <rcn>221940264</rcn>
              
              
								
            
            </region>
            
            
						
          
          </regions>
          
          
					
        
        </relations>
        
        
				
      
      </organization>
      
      
			
      
      <organization ecContribution="16250" order="9" terminated="false" type="participant">
        
        
				
			
					
        
        <availableLanguages readOnly="true">en</availableLanguages>
        
        
					
        
        <rcn>2398064</rcn>
        
        
					
        
        <id>937314202</id>
        
        
					
        
        <legalName>NORSK HYDRO ASA</legalName>
        
        
					
        
        <shortName>Norsk Hydro ASA</shortName>
        
        
					
        
        <address>
          
          
						
          
          <street>Drammensveien 260</street>
          
          
						
          
          <city>Oslo</city>
          
          
						
          
          <postalCode>0283</postalCode>
          
          
						
          
          <country>NO</country>
          
          
					
        
        </address>
        
        
					
        
        <relations>
          
          
						
          
          <categories>
            
            
							
            
            <category classification="organizationActivityType" type="relatedOrganizationActivityType">
              
              
								
              
              <availableLanguages readOnly="true">en</availableLanguages>
              
              
								
              
              <code>/PRC</code>
              
              
								
              
              <title>Private for-profit entities (excluding Higher or Secondary Education Establishments)</title>
              
              
								
							
            
            </category>
            
            
						
          
          </categories>
          
          
						
          
          <regions>
            
            
							
            
            <region type="relatedRegion">
              
              
								
							
									
              
              <name>Norway</name>
              
              
									
              
              <nutsCode>NO</nutsCode>
              
              
									
              
              <euCode>NO</euCode>
              
              
									
              
              <isoCode>NO</isoCode>
              
              
									
              
              <rcn>392333864</rcn>
              
              
								
            
            </region>
            
            
						
          
          </regions>
          
          
					
        
        </relations>
        
        
				
      
      </organization>
      
      
			
      
      <organization ecContribution="0" order="1" terminated="true" type="coordinator">
        
        
				
			
					
        
        <availableLanguages readOnly="true">en</availableLanguages>
        
        
					
        
        <rcn>1905756</rcn>
        
        
					
        
        <id>999901706</id>
        
        
					
        
        <vatNumber>FI02446794</vatNumber>
        
        
					
        
        <legalName>TEKNOLOGIAN TUTKIMUSKESKUS VTT</legalName>
        
        
					
        
        <shortName>VTT</shortName>
        
        
					
        
        <address>
          
          
						
          
          <street>TEKNIIKANTIE 4 A</street>
          
          
						
          
          <city>ESPOO</city>
          
          
						
          
          <postalCode>02044 VTT</postalCode>
          
          
						
          
          <country>FI</country>
          
          
						
          
          <postBox>1000</postBox>
          
          
						
          
          <url>www.vtt.fi</url>
          
          
					
        
        </address>
        
        
					
        
        <departmentName>Corporate Services</departmentName>
        
        
					
        
        <relations>
          
          
						
          
          <categories>
            
            
							
            
            <category classification="organizationActivityType" type="relatedOrganizationActivityType">
              
              
								
              
              <availableLanguages readOnly="true">en</availableLanguages>
              
              
								
              
              <code>/REC</code>
              
              
								
              
              <title>Research Organisations</title>
              
              
								
							
            
            </category>
            
            
						
          
          </categories>
          
          
						
          
          <regions>
            
            
							
            
            <region type="relatedRegion">
              
              
								
							
									
              
              <name>Finland</name>
              
              
									
              
              <nutsCode>FI</nutsCode>
              
              
									
              
              <euCode>FI</euCode>
              
              
									
              
              <isoCode>FI</isoCode>
              
              
									
              
              <rcn>256543272</rcn>
              
              
								
            
            </region>
            
            
						
          
          </regions>
          
          
					
        
        </relations>
        
        
				
      
      </organization>
      
      
			
      
      <programme type="relatedProgramme">
        
        
				
			
					
        
        <availableLanguages readOnly="true">de,en,es,fr,it,pl</availableLanguages>
        
        
					
        
        <rcn>664203</rcn>
        
        
					
        
        <code>H2020-EU.2.1.5.3.</code>
        
        
					
        
        <frameworkProgramme>H2020</frameworkProgramme>
        
        
					
        
        <pga>H2020-EU.2.1.5.3.</pga>
        
        
					
        
        <title>Sustainable, resource-efficient and low-carbon technologies in energy-intensive process industries</title>
        
        
					
        
        <shortTitle>Sustainable, resource-efficient and low-carbon technologies in energy-intensive process industries</shortTitle>
        
        
					
        
        <parent>
          
          
						
          
          <programme>
            
            
							
            
            <rcn>664197</rcn>
            
            
							
            
            <code>H2020-EU.2.1.5.</code>
            
            
							
            
            <parent>
              
              
								
              
              <programme>
                
                
									
                
                <rcn>664145</rcn>
                
                
									
                
                <code>H2020-EU.2.1.</code>
                
                
									
                
                <parent>
                  
                  
										
                  
                  <programme>
                    
                    
											
                    
                    <rcn>664143</rcn>
                    
                    
											
                    
                    <code>H2020-EU.2.</code>
                    
                    
											
                    
                    <parent>
                      
                      
												
                      
                      <programme>
                        
                        
													
                        
                        <rcn>664087</rcn>
                        
                        
													
                        
                        <code>H2020-EC</code>
                        
                        
													
                        
                        <parent>
                          
                          
														
                          
                          <programme>
                            
                            
															
                            
                            <rcn>664086</rcn>
                            
                            
															
                            
                            <code>H2020</code>
                            
                            
														
                          
                          </programme>
                          
                          
													
                        
                        </parent>
                        
                        
												
                      
                      </programme>
                      
                      
											
                    
                    </parent>
                    
                    
										
                  
                  </programme>
                  
                  
									
                
                </parent>
                
                
								
              
              </programme>
              
              
							
            
            </parent>
            
            
						
          
          </programme>
          
          
					
        
        </parent>
        
        
				
      
      </programme>
      
      
			
      
      <programme type="relatedSubProgramme">
        
        
				
			
					
        
        <availableLanguages readOnly="true">en</availableLanguages>
        
        
					
        
        <rcn>665065</rcn>
        
        
					
        
        <code>SPIRE-04-2014</code>
        
        
					
        
        <frameworkProgramme>H2020-Topics</frameworkProgramme>
        
        
					
        
        <title>Methodologies, tools and indicators for cross-sectorial sustainability assessment of energy and resource efficient solutions in the process industry</title>
        
        
					
        
        <parent>
          
          
						
          
          <programme>
            
            
							
            
            <rcn>20200</rcn>
            
            
							
            
            <code>H2020-Topics</code>
            
            
						
          
          </programme>
          
          
					
        
        </parent>
        
        
				
      
      </programme>
      
      
			
      
      <result type="relatedResult">
        
        
				
			
					
        
        <availableLanguages readOnly="true">en</availableLanguages>
        
        
					
        
        <rcn>192871</rcn>
        
        
					
        
        <title>Periodic Reporting for period 2 - SAMT (Sustainability assessment methods and tools to support decision-making in the process industries)</title>
        
        
					
        
        <teaser>Sustainability assessment methods are needed to support sustainable technology development and to evaluate the impacts of existing solutions, products and technologies. While there are aspects and indicators that are common to all process industries, sector specific tools are...</teaser>
        
        
					
        
        <description>periodic</description>
        
        
					
        
        <contentUpdateDate>2016-12-15 14:22:06</contentUpdateDate>
        
        
					
        
        <relations>
          
          
						
          
          <categories>
            
            
							
            
            <category classification="collection" type="belongsTo">
              
              
								
              
              <availableLanguages readOnly="true">de,en,es,fr,it,pl</availableLanguages>
              
              
								
              
              <code>/pubsum</code>
              
              
								
              
              <title>Report Summary</title>
              
              
								
							
            
            </category>
            
            
							
            
            <category classification="resultCategory" type="relatedResultCategory">
              
              
								
              
              <availableLanguages readOnly="true">en</availableLanguages>
              
              
								
              
              <code>/report</code>
              
              
								
              
              <title>Report summary</title>
              
              
								
							
            
            </category>
            
            
							
            
            <category classification="source" type="isProvidedBy">
              
              
								
              
              <availableLanguages readOnly="true">de,en,es,fr,it,pl</availableLanguages>
              
              
								
              
              <code>/corda</code>
              
              
								
              
              <title>CORDA</title>
              
              
								
							
            
            </category>
            
            
						
          
          </categories>
          
          
						
          
          <associations>
            
            
							
            
            <webItem source="corda" type="relatedResultAttachment">
              
              
								
							
									
              
              <language>en</language>
              
              
									
              
              <availableLanguages readOnly="true">en,any</availableLanguages>
              
              
									
              
              <uri>/docs/results/h2020/636/636727_PS/figure-interactive-diagram.jpg</uri>
              
              
									
              
              <alternativeText>Overview: which tools implement which methods. Interactive visualisations available at samt website</alternativeText>
              
              
									
              
              <mimetype readOnly="true">image/jpeg</mimetype>
              
              
									
              
              <size readOnly="true">0</size>
              
              
								
            
            </webItem>
            
            
							
            
            <webLink source="corda" type="relatedWebsite">
              
              
								
							
									
              
              <language>en</language>
              
              
									
              
              <availableLanguages readOnly="true">en</availableLanguages>
              
              
									
              
              <url>http://www.spire2030.eu/samt</url>
              
              
									
              
              <content>301 Moved Permanently Moved Permanently The document has moved here.</content>
              
              
								
            
            </webLink>
            
            
						
          
          </associations>
          
          
					
        
        </relations>
        
        
				
      
      </result>
      
      
		
    
    </associations>
    
    
		
    
    <categories>
      
      
			
      
      <category classification="projectFundingSchemeCategory" type="relatedProjectFundingSchemeCategory">
        
        
				
        
        <availableLanguages readOnly="true">en</availableLanguages>
        
        
				
        
        <code>/CSA</code>
        
        
				
        
        <title>Coordination and support action</title>
        
        
				
			
      
      </category>
      
      
		
    
    </categories>
    
    
	
  
  </relations>
  
  
	


</project>

