<?xml version="1.0" encoding="UTF-8"?>
<project xmlns="http://cordis.europa.eu">
  
  
	
	
  
  <language>en</language>
  
  
	
  
  <availableLanguages readOnly="true">en</availableLanguages>
  
  
	
  
  <rcn>193221</rcn>
  
  
	
  
  <reference>633363</reference>
  
  
	
  
  <acronym>RiNG-14-15</acronym>
  
  
	
  
  <teaser>"The Researchers' Night 2014/2015 in Bosnia and Herzegovina – RiNG-14-15, will unite research communities from Republika Srpska and Federation of BiH, jointly promote scientific careers and enhance public recognition of researchers' work with the message "Researchers are...</teaser>
  
  
	
  
  <objective>"The Researchers' Night 2014/2015 in Bosnia and Herzegovina – RiNG-14-15, will unite research communities from Republika Srpska and Federation of BiH, jointly promote scientific careers and enhance public recognition of researchers' work with the message "Researchers are amongst us" by engaging interactive communication with the public at large in whole BiH.
RiNG 2014 will direct edutainment activities under slogan "Sign for Science", creating campaign with focus on "traffic signs" and developing real life roadmap on how to find science, how to investigate, and how to reach the innovations. The implementation of Night activities is based on idea to create sort of "science traffic school" in open area, creating traffic sign and traffic controllers that would direct participants to specific areas.
RiNG 2015: "Chain Reaction" and celebration of 10th anniversary of EU Researchers' Nights. Promotion campaign will largely rely on European dimension and will be coordinated with other Researchers' Nights in EU and Western Balkan region.
Specific activities will be organized in several cities in BiH, thus becoming "national" research promotion event in this country:
- Edutainment parks with hands-on experiments, directly engaging general public into communication with researchers;
- High school competitions for the best science projects;
- Science coffee and talks to scientists, labelled as "RiNG ME";
- Various competitions, games and quizzes, especially directed to younger audience;
- "Stand Up Science" lectures, presentations;
- Large EU area: EU corners with policy and gender issues advisory, as well exhibition of EU-funded projects in BiH;
- Thematic activities at supporting universities, research centres and museums;
- Science Movie Night and Science Party.
RiNG-14-15 quantitative targets per year are:
- Number of people to be reached through awareness raising campaign in BiH: 300.000;
- Expected number of direct attendees to organized events in whole BiH: 15.000."</objective>
  
  
	
  
  <title>European Researchers' Night in Bosnia and Herzegovina 2014-2015</title>
  
  
	
  
  <totalCost>173000</totalCost>
  
  
	
  
  <ecMaxContribution>150000</ecMaxContribution>
  
  
	
  
  <startDate>2014-06-01</startDate>
  
  
	
  
  <endDate>2015-11-30</endDate>
  
  
	
  
  <contract>
    
    
		
    
    <duration>18</duration>
    
    
	
  
  </contract>
  
  
	
  
  <status>SIGNED</status>
  
  
	
  
  <sourceUpdateDate>2016-03-08 10:33:29</sourceUpdateDate>
  
  
	
  
  <contentCreationDate readOnly="true">2015-05-05 15:59:20</contentCreationDate>
  
  
	
  
  <contentUpdateDate>2016-02-11 10:43:03</contentUpdateDate>
  
  
	
  
  <lastUpdateDate readOnly="true">2016-03-08 10:33:29</lastUpdateDate>
  
  
	
  
  <relations>
    
    
		
    
    <associations>
      
      
			
      
      <call type="relatedCall">
        
        
				
			
					
        
        <rcn>186</rcn>
        
        
					
        
        <title>H2020-MSCA-NIGHT-2014</title>
        
        
					
        
        <identifier>H2020-MSCA-NIGHT-2014</identifier>
        
        
				
      
      </call>
      
      
			
      
      <organization ecContribution="80500" order="1" terminated="false" type="coordinator">
        
        
				
			
					
        
        <availableLanguages readOnly="true">en</availableLanguages>
        
        
					
        
        <rcn>2192897</rcn>
        
        
					
        
        <id>959218257</id>
        
        
					
        
        <legalName>TIDEA DOO BANJA LUKA</legalName>
        
        
					
        
        <shortName>TIDEA</shortName>
        
        
					
        
        <address>
          
          
						
          
          <street>ULICA SOLUNSKA 79</street>
          
          
						
          
          <city>BANJA LUKA</city>
          
          
						
          
          <postalCode>78000</postalCode>
          
          
						
          
          <country>BA</country>
          
          
						
          
          <url>www.tidea.eu</url>
          
          
					
        
        </address>
        
        
					
        
        <relations>
          
          
						
          
          <categories>
            
            
							
            
            <category classification="organizationActivityType" type="relatedOrganizationActivityType">
              
              
								
              
              <availableLanguages readOnly="true">en</availableLanguages>
              
              
								
              
              <code>/PRC</code>
              
              
								
              
              <title>Private for-profit entities (excluding Higher or Secondary Education Establishments)</title>
              
              
								
							
            
            </category>
            
            
						
          
          </categories>
          
          
						
          
          <regions>
            
            
							
            
            <region type="relatedRegion">
              
              
								
							
									
              
              <name>Bosnia and Herzegovina</name>
              
              
									
              
              <nutsCode>BA</nutsCode>
              
              
									
              
              <euCode>BA</euCode>
              
              
									
              
              <isoCode>BA</isoCode>
              
              
									
              
              <rcn>187337256</rcn>
              
              
								
            
            </region>
            
            
						
          
          </regions>
          
          
					
        
        </relations>
        
        
				
      
      </organization>
      
      
			
      
      <organization ecContribution="26000" order="3" terminated="false" type="participant">
        
        
				
			
					
        
        <availableLanguages readOnly="true">en</availableLanguages>
        
        
					
        
        <rcn>2210766</rcn>
        
        
					
        
        <id>973820443</id>
        
        
					
        
        <legalName>OXFAM ITALIA ONLUS</legalName>
        
        
					
        
        <shortName>OXFAM ITALIA</shortName>
        
        
					
        
        <address>
          
          
						
          
          <street>VIA CONCINO CONCINI</street>
          
          
						
          
          <city>AREZZO</city>
          
          
						
          
          <postalCode>52100</postalCode>
          
          
						
          
          <country>IT</country>
          
          
						
          
          <url>www.oxfamitalia.org</url>
          
          
					
        
        </address>
        
        
					
        
        <departmentName>Advocacy and Campaigns Department</departmentName>
        
        
					
        
        <relations>
          
          
						
          
          <categories>
            
            
							
            
            <category classification="organizationActivityType" type="relatedOrganizationActivityType">
              
              
								
              
              <availableLanguages readOnly="true">en</availableLanguages>
              
              
								
              
              <code>/OTH</code>
              
              
								
              
              <title>Other</title>
              
              
								
							
            
            </category>
            
            
						
          
          </categories>
          
          
						
          
          <regions>
            
            
							
            
            <region type="relatedRegion">
              
              
								
							
									
              
              <name>Italy</name>
              
              
									
              
              <nutsCode>IT</nutsCode>
              
              
									
              
              <euCode>IT</euCode>
              
              
									
              
              <isoCode>IT</isoCode>
              
              
									
              
              <rcn>309758504</rcn>
              
              
								
            
            </region>
            
            
						
          
          </regions>
          
          
					
        
        </relations>
        
        
				
      
      </organization>
      
      
			
      
      <organization ecContribution="43500" order="2" terminated="false" type="participant">
        
        
				
			
					
        
        <availableLanguages readOnly="true">en</availableLanguages>
        
        
					
        
        <rcn>2210767</rcn>
        
        
					
        
        <id>952544463</id>
        
        
					
        
        <legalName>PRIVREDNO DRUSTVO INSTITUT ZA HIDROTEHNIKU DD SARAJEVO</legalName>
        
        
					
        
        <shortName>HEIS</shortName>
        
        
					
        
        <address>
          
          
						
          
          <street>STJEPANA TOMICA 1</street>
          
          
						
          
          <city>SARAJEVO</city>
          
          
						
          
          <postalCode>71000</postalCode>
          
          
						
          
          <country>BA</country>
          
          
						
          
          <url>www.heis.com.ba</url>
          
          
					
        
        </address>
        
        
					
        
        <relations>
          
          
						
          
          <categories>
            
            
							
            
            <category classification="organizationActivityType" type="relatedOrganizationActivityType">
              
              
								
              
              <availableLanguages readOnly="true">en</availableLanguages>
              
              
								
              
              <code>/PRC</code>
              
              
								
              
              <title>Private for-profit entities (excluding Higher or Secondary Education Establishments)</title>
              
              
								
							
            
            </category>
            
            
						
          
          </categories>
          
          
						
          
          <regions>
            
            
							
            
            <region type="relatedRegion">
              
              
								
							
									
              
              <name>Bosnia and Herzegovina</name>
              
              
									
              
              <nutsCode>BA</nutsCode>
              
              
									
              
              <euCode>BA</euCode>
              
              
									
              
              <isoCode>BA</isoCode>
              
              
									
              
              <rcn>187337256</rcn>
              
              
								
            
            </region>
            
            
						
          
          </regions>
          
          
					
        
        </relations>
        
        
				
      
      </organization>
      
      
			
      
      <programme type="relatedSubProgramme">
        
        
				
			
					
        
        <availableLanguages readOnly="true">en</availableLanguages>
        
        
					
        
        <rcn>664549</rcn>
        
        
					
        
        <code>MSCA-NIGHT-2014</code>
        
        
					
        
        <frameworkProgramme>H2020-Topics</frameworkProgramme>
        
        
					
        
        <title>European Researchers' Night (NIGHT)</title>
        
        
					
        
        <parent>
          
          
						
          
          <programme>
            
            
							
            
            <rcn>20200</rcn>
            
            
							
            
            <code>H2020-Topics</code>
            
            
						
          
          </programme>
          
          
					
        
        </parent>
        
        
				
      
      </programme>
      
      
			
      
      <programme type="relatedProgramme">
        
        
				
			
					
        
        <availableLanguages readOnly="true">de,en,es,fr,it,pl</availableLanguages>
        
        
					
        
        <rcn>664119</rcn>
        
        
					
        
        <code>H2020-EU.1.3.5.</code>
        
        
					
        
        <frameworkProgramme>H2020</frameworkProgramme>
        
        
					
        
        <pga>H2020-EU.1.3.5.</pga>
        
        
					
        
        <title>Specific support and policy actions</title>
        
        
					
        
        <shortTitle>MSCA Specific support</shortTitle>
        
        
					
        
        <parent>
          
          
						
          
          <programme>
            
            
							
            
            <rcn>664109</rcn>
            
            
							
            
            <code>H2020-EU.1.3.</code>
            
            
							
            
            <parent>
              
              
								
              
              <programme>
                
                
									
                
                <rcn>664091</rcn>
                
                
									
                
                <code>H2020-EU.1.</code>
                
                
									
                
                <parent>
                  
                  
										
                  
                  <programme>
                    
                    
											
                    
                    <rcn>664087</rcn>
                    
                    
											
                    
                    <code>H2020-EC</code>
                    
                    
											
                    
                    <parent>
                      
                      
												
                      
                      <programme>
                        
                        
													
                        
                        <rcn>664086</rcn>
                        
                        
													
                        
                        <code>H2020</code>
                        
                        
												
                      
                      </programme>
                      
                      
											
                    
                    </parent>
                    
                    
										
                  
                  </programme>
                  
                  
									
                
                </parent>
                
                
								
              
              </programme>
              
              
							
            
            </parent>
            
            
						
          
          </programme>
          
          
					
        
        </parent>
        
        
				
      
      </programme>
      
      
			
      
      <result type="relatedResult">
        
        
				
			
					
        
        <availableLanguages readOnly="true">en</availableLanguages>
        
        
					
        
        <rcn>186288</rcn>
        
        
					
        
        <title>Periodic Reporting for period 2 - RiNG-14-15 (European Researchers' Night in Bosnia and Herzegovina 2014-2015)</title>
        
        
					
        
        <teaser>"The European Researchers' Night 2014/2015 in Bosnia and Herzegovina, RiNG-14-15, gathered research communities from Republika Srpska and Federation of BiH, jointly promoting scientific careers and enhancing public recognition of researchers' work with the message...</teaser>
        
        
					
        
        <description>periodic</description>
        
        
					
        
        <contentUpdateDate>2016-07-08 15:59:03</contentUpdateDate>
        
        
					
        
        <relations>
          
          
						
          
          <categories>
            
            
							
            
            <category classification="collection" type="belongsTo">
              
              
								
              
              <availableLanguages readOnly="true">de,en,es,fr,it,pl</availableLanguages>
              
              
								
              
              <code>/pubsum</code>
              
              
								
              
              <title>Report Summary</title>
              
              
								
							
            
            </category>
            
            
							
            
            <category classification="resultCategory" type="relatedResultCategory">
              
              
								
              
              <availableLanguages readOnly="true">en</availableLanguages>
              
              
								
              
              <code>/report</code>
              
              
								
              
              <title>Report summary</title>
              
              
								
							
            
            </category>
            
            
							
            
            <category classification="source" type="isProvidedBy">
              
              
								
              
              <availableLanguages readOnly="true">de,en,es,fr,it,pl</availableLanguages>
              
              
								
              
              <code>/corda</code>
              
              
								
              
              <title>CORDA</title>
              
              
								
							
            
            </category>
            
            
						
          
          </categories>
          
          
						
          
          <associations>
            
            
							
            
            <webItem source="corda" type="relatedResultAttachment">
              
              
								
							
									
              
              <language>en</language>
              
              
									
              
              <availableLanguages readOnly="true">en,any</availableLanguages>
              
              
									
              
              <uri>/docs/results/h2020/633/633363_PS/logo1.png</uri>
              
              
									
              
              <alternativeText>RiNG-15 logo (colour)</alternativeText>
              
              
									
              
              <mimetype readOnly="true">image/png</mimetype>
              
              
									
              
              <size readOnly="true">0</size>
              
              
								
            
            </webItem>
            
            
							
            
            <webItem source="corda" type="relatedResultAttachment">
              
              
								
							
									
              
              <language>en</language>
              
              
									
              
              <availableLanguages readOnly="true">en,any</availableLanguages>
              
              
									
              
              <uri>/docs/results/h2020/633/633363_PS/logo-landscape-color.png</uri>
              
              
									
              
              <alternativeText>RiNG-14 logo (colour)</alternativeText>
              
              
									
              
              <mimetype readOnly="true">image/png</mimetype>
              
              
									
              
              <size readOnly="true">0</size>
              
              
								
            
            </webItem>
            
            
							
            
            <webLink source="corda" type="relatedWebsite">
              
              
								
							
									
              
              <language>en</language>
              
              
									
              
              <availableLanguages readOnly="true">en</availableLanguages>
              
              
									
              
              <url>http://nocistrazivaca.ba/ and</url>
              
              
									
              
              <content>Description :Error reading from URL [http://nocistrazivaca.ba/ and] Message :Server returned HTTP response code: 400 for URL: http://nocistrazivaca.ba/ and</content>
              
              
								
            
            </webLink>
            
            
						
          
          </associations>
          
          
					
        
        </relations>
        
        
				
      
      </result>
      
      
		
    
    </associations>
    
    
		
    
    <categories>
      
      
			
      
      <category classification="projectFundingSchemeCategory" type="relatedProjectFundingSchemeCategory">
        
        
				
        
        <availableLanguages readOnly="true">en</availableLanguages>
        
        
				
        
        <code>/CSA</code>
        
        
				
        
        <title>Coordination and support action</title>
        
        
				
			
      
      </category>
      
      
		
    
    </categories>
    
    
	
  
  </relations>
  
  
	


</project>

