<?xml version="1.0" encoding="UTF-8"?>
<project xmlns="http://cordis.europa.eu">
  
  
	
	
  
  <language>en</language>
  
  
	
  
  <availableLanguages readOnly="true">en</availableLanguages>
  
  
	
  
  <rcn>193268</rcn>
  
  
	
  
  <reference>634013</reference>
  
  
	
  
  <acronym>PHOCNOSIS</acronym>
  
  
	
  
  <teaser>The PHOCNOSIS project aims at the development and the preclinical validation of a nanotechnology-based handheld point-of-care testing (POCT) analysis device for its application in the early diagnosis of cardiovascular diseases (CVD). The diagnosis will be carried out by means...</teaser>
  
  
	
  
  <objective>The PHOCNOSIS project aims at the development and the preclinical validation of a nanotechnology-based handheld point-of-care testing (POCT) analysis device for its application in the early diagnosis of cardiovascular diseases (CVD). The diagnosis will be carried out by means of the fast (&lt;10 minutes), ultra-sensitive (&lt;1 ng/L) and label-free detection of multiple cardiac biomarkers, using a small volume of whole blood (&lt;100 μL). This POCT analysis device will significantly help in the implementation of mass screening programs, with the consequent impact on clinical management, reducing also costs of treatments, and increasing survival rates.
The PHOCNOSIS analysis device will be based on two state-of-the-art technological elements in order to obtain a compact and highly sensitive final device. First, an integrated micro-/nanofluidic system will be used for biomarkers separation, purification and concentration, targeting an effective concentration increase by a factor greater than 1000x for the targeted biomarkers. Then, the concentrated biomarkers will be detected using a novel nanophotonic-based sensing technique, envisaging a final combined detection limit below 1 ng/L. This novel sensing technique allows us to obtain systems which are low-cost, compact and with a lower complexity, thus making them suitable for the development of portable devices for POCT. The PHOCNOSIS project will target the deployment of disposable biochips with an envisaged cost below €3 to be used in a handheld analysis device with an envisaged cost below €3000.
Special attention will be paid within the PHOCNOSIS project to explore the potential deployment and commercialisation of the analysis device, by means of the involvement of relevant academic and industrial partners, as well as end users.</objective>
  
  
	
  
  <title>Advanced nanophotonic point-of-care analysis device for fast and early diagnosis of cardiovascular diseases</title>
  
  
	
  
  <totalCost>4146163.75</totalCost>
  
  
	
  
  <ecMaxContribution>3593962</ecMaxContribution>
  
  
	
  
  <startDate>2015-09-01</startDate>
  
  
	
  
  <endDate>2018-08-31</endDate>
  
  
	
  
  <contract>
    
    
		
    
    <duration>36</duration>
    
    
	
  
  </contract>
  
  
	
  
  <status>SIGNED</status>
  
  
	
  
  <sourceUpdateDate>2017-10-16 11:47:28</sourceUpdateDate>
  
  
	
  
  <contentCreationDate readOnly="true">2015-05-05 16:03:24</contentCreationDate>
  
  
	
  
  <contentUpdateDate>2017-08-04 08:18:20</contentUpdateDate>
  
  
	
  
  <lastUpdateDate readOnly="true">2017-11-14 18:45:10</lastUpdateDate>
  
  
	
  
  <relations>
    
    
		
    
    <associations>
      
      
			
      
      <call type="relatedCall">
        
        
				
			
					
        
        <rcn>783</rcn>
        
        
					
        
        <title>H2020-PHC-2014-two-stage</title>
        
        
					
        
        <identifier>H2020-PHC-2014-two-stage</identifier>
        
        
				
      
      </call>
      
      
			
      
      <organization ecContribution="257650" order="6" terminated="false" type="participant">
        
        
				
			
					
        
        <availableLanguages readOnly="true">en</availableLanguages>
        
        
					
        
        <rcn>1917368</rcn>
        
        
					
        
        <id>999611676</id>
        
        
					
        
        <vatNumber>ATU64462824</vatNumber>
        
        
					
        
        <legalName>EV GROUP E. THALLNER GMBH</legalName>
        
        
					
        
        <shortName>EVG</shortName>
        
        
					
        
        <address>
          
          
						
          
          <street>DI ERICH THALLNER STRASSE 1</street>
          
          
						
          
          <city>ST FLORIAN AM INN</city>
          
          
						
          
          <postalCode>4782</postalCode>
          
          
						
          
          <country>AT</country>
          
          
						
          
          <url>www.evgroup.com</url>
          
          
					
        
        </address>
        
        
					
        
        <departmentName>Product Management</departmentName>
        
        
					
        
        <relations>
          
          
						
          
          <categories>
            
            
							
            
            <category classification="organizationActivityType" type="relatedOrganizationActivityType">
              
              
								
              
              <availableLanguages readOnly="true">en</availableLanguages>
              
              
								
              
              <code>/PRC</code>
              
              
								
              
              <title>Private for-profit entities (excluding Higher or Secondary Education Establishments)</title>
              
              
								
							
            
            </category>
            
            
						
          
          </categories>
          
          
						
          
          <regions>
            
            
							
            
            <region type="relatedRegion">
              
              
								
							
									
              
              <name>Austria</name>
              
              
									
              
              <nutsCode>AT</nutsCode>
              
              
									
              
              <euCode>AT</euCode>
              
              
									
              
              <isoCode>AT</isoCode>
              
              
									
              
              <rcn>175540776</rcn>
              
              
								
            
            </region>
            
            
						
          
          </regions>
          
          
					
        
        </relations>
        
        
				
      
      </organization>
      
      
			
      
      <organization ecContribution="409050" order="2" terminated="false" type="participant">
        
        
				
			
					
        
        <availableLanguages readOnly="true">en</availableLanguages>
        
        
					
        
        <rcn>1905912</rcn>
        
        
					
        
        <id>999984059</id>
        
        
					
        
        <vatNumber>DE129515865</vatNumber>
        
        
					
        
        <legalName>FRAUNHOFER GESELLSCHAFT ZUR FOERDERUNG DER ANGEWANDTEN FORSCHUNG E.V.</legalName>
        
        
					
        
        <shortName>Fraunhofer</shortName>
        
        
					
        
        <address>
          
          
						
          
          <street>HANSASTRASSE 27C</street>
          
          
						
          
          <city>MUNCHEN</city>
          
          
						
          
          <postalCode>80686</postalCode>
          
          
						
          
          <country>DE</country>
          
          
						
          
          <postBox>000</postBox>
          
          
						
          
          <url>www.fraunhofer.de</url>
          
          
					
        
        </address>
        
        
					
        
        <departmentName>Integrated Project Management</departmentName>
        
        
					
        
        <relations>
          
          
						
          
          <categories>
            
            
							
            
            <category classification="organizationActivityType" type="relatedOrganizationActivityType">
              
              
								
              
              <availableLanguages readOnly="true">en</availableLanguages>
              
              
								
              
              <code>/REC</code>
              
              
								
              
              <title>Research Organisations</title>
              
              
								
							
            
            </category>
            
            
						
          
          </categories>
          
          
						
          
          <regions>
            
            
							
            
            <region type="relatedRegion">
              
              
								
							
									
              
              <name>Germany</name>
              
              
									
              
              <nutsCode>DE</nutsCode>
              
              
									
              
              <euCode>DE</euCode>
              
              
									
              
              <isoCode>DE</isoCode>
              
              
									
              
              <rcn>221940264</rcn>
              
              
								
            
            </region>
            
            
						
          
          </regions>
          
          
					
        
        </relations>
        
        
				
      
      </organization>
      
      
			
      
      <organization ecContribution="423731" order="3" terminated="false" type="participant">
        
        
				
			
					
        
        <availableLanguages readOnly="true">en</availableLanguages>
        
        
					
        
        <rcn>1908335</rcn>
        
        
					
        
        <id>999900833</id>
        
        
					
        
        <vatNumber>NL002946725B01</vatNumber>
        
        
					
        
        <legalName>UNIVERSITEIT TWENTE</legalName>
        
        
					
        
        <shortName>UTWENTE</shortName>
        
        
					
        
        <address>
          
          
						
          
          <street>DRIENERLOLAAN 5</street>
          
          
						
          
          <city>ENSCHEDE</city>
          
          
						
          
          <postalCode>7522</postalCode>
          
          
						
          
          <country>NL</country>
          
          
						
          
          <postBox>000</postBox>
          
          
						
          
          <url>www.utwente.nl</url>
          
          
					
        
        </address>
        
        
					
        
        <departmentName>Faculty of EEMCS</departmentName>
        
        
					
        
        <relations>
          
          
						
          
          <categories>
            
            
							
            
            <category classification="organizationActivityType" type="relatedOrganizationActivityType">
              
              
								
              
              <availableLanguages readOnly="true">en</availableLanguages>
              
              
								
              
              <code>/HES</code>
              
              
								
              
              <title>Higher or Secondary Education Establishments</title>
              
              
								
							
            
            </category>
            
            
						
          
          </categories>
          
          
						
          
          <regions>
            
            
							
            
            <region type="relatedRegion">
              
              
								
							
									
              
              <name>Netherlands</name>
              
              
									
              
              <nutsCode>NL</nutsCode>
              
              
									
              
              <euCode>NL</euCode>
              
              
									
              
              <isoCode>NL</isoCode>
              
              
									
              
              <rcn>391547432</rcn>
              
              
								
            
            </region>
            
            
						
          
          </regions>
          
          
					
        
        </relations>
        
        
				
      
      </organization>
      
      
			
      
      <organization ecContribution="227000" order="7" terminated="false" type="participant">
        
        
				
			
					
        
        <availableLanguages readOnly="true">en</availableLanguages>
        
        
					
        
        <rcn>2392196</rcn>
        
        
					
        
        <id>937561067</id>
        
        
					
        
        <vatNumber>ESB98508039</vatNumber>
        
        
					
        
        <legalName>BIONOS BIOTECH SL</legalName>
        
        
					
        
        <shortName>BIONOS</shortName>
        
        
					
        
        <address>
          
          
						
          
          <street>BULEV SUR S/N - BIOPOLO LA FE EDIFICIO TORRE A HO</street>
          
          
						
          
          <city>VALENCIA</city>
          
          
						
          
          <postalCode>46029</postalCode>
          
          
						
          
          <country>ES</country>
          
          
					
        
        </address>
        
        
					
        
        <relations>
          
          
						
          
          <categories>
            
            
							
            
            <category classification="organizationActivityType" type="relatedOrganizationActivityType">
              
              
								
              
              <availableLanguages readOnly="true">en</availableLanguages>
              
              
								
              
              <code>/PRC</code>
              
              
								
              
              <title>Private for-profit entities (excluding Higher or Secondary Education Establishments)</title>
              
              
								
							
            
            </category>
            
            
						
          
          </categories>
          
          
						
          
          <regions>
            
            
							
            
            <region type="relatedRegion">
              
              
								
							
									
              
              <name>Spain</name>
              
              
									
              
              <nutsCode>ES</nutsCode>
              
              
									
              
              <euCode>ES</euCode>
              
              
									
              
              <isoCode>ES</isoCode>
              
              
									
              
              <rcn>242387496</rcn>
              
              
								
            
            </region>
            
            
						
          
          </regions>
          
          
					
        
        </relations>
        
        
				
      
      </organization>
      
      
			
      
      <organization ecContribution="0" order="8" terminated="false" type="participant">
        
        
				
			
					
        
        <availableLanguages readOnly="true">en</availableLanguages>
        
        
					
        
        <rcn>2392197</rcn>
        
        
					
        
        <id>996363146</id>
        
        
					
        
        <vatNumber>CHE105266600MWST</vatNumber>
        
        
					
        
        <legalName>ART OF TECHNOLOGY AG</legalName>
        
        
					
        
        <shortName>AoT</shortName>
        
        
					
        
        <address>
          
          
						
          
          <street>TECHNOPARKSTRASSE 1</street>
          
          
						
          
          <city>ZURICH</city>
          
          
						
          
          <postalCode>8005</postalCode>
          
          
						
          
          <country>CH</country>
          
          
					
        
        </address>
        
        
					
        
        <relations>
          
          
						
          
          <categories>
            
            
							
            
            <category classification="organizationActivityType" type="relatedOrganizationActivityType">
              
              
								
              
              <availableLanguages readOnly="true">en</availableLanguages>
              
              
								
              
              <code>/PRC</code>
              
              
								
              
              <title>Private for-profit entities (excluding Higher or Secondary Education Establishments)</title>
              
              
								
							
            
            </category>
            
            
						
          
          </categories>
          
          
						
          
          <regions>
            
            
							
            
            <region type="relatedRegion">
              
              
								
							
									
              
              <name>Switzerland</name>
              
              
									
              
              <nutsCode>CH</nutsCode>
              
              
									
              
              <euCode>CH</euCode>
              
              
									
              
              <isoCode>CH</isoCode>
              
              
									
              
              <rcn>205949480</rcn>
              
              
								
            
            </region>
            
            
						
          
          </regions>
          
          
					
        
        </relations>
        
        
				
      
      </organization>
      
      
			
      
      <organization ecContribution="336537.5" order="5" terminated="false" type="participant">
        
        
				
			
					
        
        <availableLanguages readOnly="true">en</availableLanguages>
        
        
					
        
        <rcn>2392194</rcn>
        
        
					
        
        <id>951196357</id>
        
        
					
        
        <vatNumber>DE180701218</vatNumber>
        
        
					
        
        <legalName>CDA GMBH</legalName>
        
        
					
        
        <shortName>CDA</shortName>
        
        
					
        
        <address>
          
          
						
          
          <street>AM MITTELRAIN 11</street>
          
          
						
          
          <city>SUHL OT ALBRECHTS</city>
          
          
						
          
          <postalCode>98529</postalCode>
          
          
						
          
          <country>DE</country>
          
          
					
        
        </address>
        
        
					
        
        <relations>
          
          
						
          
          <categories>
            
            
							
            
            <category classification="organizationActivityType" type="relatedOrganizationActivityType">
              
              
								
              
              <availableLanguages readOnly="true">en</availableLanguages>
              
              
								
              
              <code>/PRC</code>
              
              
								
              
              <title>Private for-profit entities (excluding Higher or Secondary Education Establishments)</title>
              
              
								
							
            
            </category>
            
            
						
          
          </categories>
          
          
						
          
          <regions>
            
            
							
            
            <region type="relatedRegion">
              
              
								
							
									
              
              <name>Germany</name>
              
              
									
              
              <nutsCode>DE</nutsCode>
              
              
									
              
              <euCode>DE</euCode>
              
              
									
              
              <isoCode>DE</isoCode>
              
              
									
              
              <rcn>221940264</rcn>
              
              
								
            
            </region>
            
            
						
          
          </regions>
          
          
					
        
        </relations>
        
        
				
      
      </organization>
      
      
			
      
      <organization ecContribution="131515.56" order="11" terminated="false" type="participant">
        
        
				
			
					
        
        <availableLanguages readOnly="true">en</availableLanguages>
        
        
					
        
        <rcn>3062512</rcn>
        
        
					
        
        <id>924139177</id>
        
        
					
        
        <vatNumber>ESB98755465</vatNumber>
        
        
					
        
        <legalName>DB VENTURE BUILDER SL</legalName>
        
        
					
        
        <shortName>DB</shortName>
        
        
					
        
        <address>
          
          
						
          
          <street>CALLE ANTONIO SUAREZ 27 1 1</street>
          
          
						
          
          <city>VALENCIA</city>
          
          
						
          
          <postalCode>46021</postalCode>
          
          
						
          
          <country>ES</country>
          
          
					
        
        </address>
        
        
					
        
        <relations>
          
          
						
          
          <categories>
            
            
							
            
            <category classification="organizationActivityType" type="relatedOrganizationActivityType">
              
              
								
              
              <availableLanguages readOnly="true">en</availableLanguages>
              
              
								
              
              <code>/PRC</code>
              
              
								
              
              <title>Private for-profit entities (excluding Higher or Secondary Education Establishments)</title>
              
              
								
							
            
            </category>
            
            
						
          
          </categories>
          
          
						
          
          <regions>
            
            
							
            
            <region type="relatedRegion">
              
              
								
							
									
              
              <name>Spain</name>
              
              
									
              
              <nutsCode>ES</nutsCode>
              
              
									
              
              <euCode>ES</euCode>
              
              
									
              
              <isoCode>ES</isoCode>
              
              
									
              
              <rcn>242387496</rcn>
              
              
								
            
            </region>
            
            
						
          
          </regions>
          
          
					
        
        </relations>
        
        
				
      
      </organization>
      
      
			
      
      <organization ecContribution="315937.5" order="9" terminated="false" type="participant">
        
        
				
			
					
        
        <availableLanguages readOnly="true">en</availableLanguages>
        
        
					
        
        <rcn>1907389</rcn>
        
        
					
        
        <id>999873479</id>
        
        
					
        
        <vatNumber>GB562044464</vatNumber>
        
        
					
        
        <legalName>ST GEORGE'S HOSPITAL MEDICAL SCHOOL</legalName>
        
        
					
        
        <shortName>SGUL</shortName>
        
        
					
        
        <address>
          
          
						
          
          <street>Cranmer Terrace</street>
          
          
						
          
          <city>LONDON</city>
          
          
						
          
          <postalCode>SW17 0RE</postalCode>
          
          
						
          
          <country>UK</country>
          
          
						
          
          <postBox>N/A</postBox>
          
          
						
          
          <url>http://www.sgul.ac.uk/</url>
          
          
					
        
        </address>
        
        
					
        
        <relations>
          
          
						
          
          <categories>
            
            
							
            
            <category classification="organizationActivityType" type="relatedOrganizationActivityType">
              
              
								
              
              <availableLanguages readOnly="true">en</availableLanguages>
              
              
								
              
              <code>/HES</code>
              
              
								
              
              <title>Higher or Secondary Education Establishments</title>
              
              
								
							
            
            </category>
            
            
						
          
          </categories>
          
          
						
          
          <regions>
            
            
							
            
            <region type="relatedRegion">
              
              
								
							
									
              
              <name>United Kingdom</name>
              
              
									
              
              <nutsCode>UK</nutsCode>
              
              
									
              
              <euCode>UK</euCode>
              
              
									
              
              <isoCode>GB</isoCode>
              
              
									
              
              <rcn>508725800</rcn>
              
              
								
            
            </region>
            
            
						
          
          </regions>
          
          
					
        
        </relations>
        
        
				
      
      </organization>
      
      
			
      
      <organization ecContribution="1097891" order="1" terminated="false" type="coordinator">
        
        
				
			
					
        
        <availableLanguages readOnly="true">en</availableLanguages>
        
        
					
        
        <rcn>1905898</rcn>
        
        
					
        
        <id>999864846</id>
        
        
					
        
        <vatNumber>ESQ4618002B</vatNumber>
        
        
					
        
        <legalName>UNIVERSITAT POLITECNICA DE VALENCIA</legalName>
        
        
					
        
        <shortName>UPV</shortName>
        
        
					
        
        <address>
          
          
						
          
          <street>CAMINO DE VERA SN EDIFICIO 3A</street>
          
          
						
          
          <city>VALENCIA</city>
          
          
						
          
          <postalCode>46022</postalCode>
          
          
						
          
          <country>ES</country>
          
          
						
          
          <postBox>N/A</postBox>
          
          
						
          
          <url>www.upv.es</url>
          
          
					
        
        </address>
        
        
					
        
        <departmentName>Department of Hydraulic Engineering and Environment</departmentName>
        
        
					
        
        <relations>
          
          
						
          
          <categories>
            
            
							
            
            <category classification="organizationActivityType" type="relatedOrganizationActivityType">
              
              
								
              
              <availableLanguages readOnly="true">en</availableLanguages>
              
              
								
              
              <code>/HES</code>
              
              
								
              
              <title>Higher or Secondary Education Establishments</title>
              
              
								
							
            
            </category>
            
            
						
          
          </categories>
          
          
						
          
          <regions>
            
            
							
            
            <region type="relatedRegion">
              
              
								
							
									
              
              <name>Spain</name>
              
              
									
              
              <nutsCode>ES</nutsCode>
              
              
									
              
              <euCode>ES</euCode>
              
              
									
              
              <isoCode>ES</isoCode>
              
              
									
              
              <rcn>242387496</rcn>
              
              
								
            
            </region>
            
            
						
          
          </regions>
          
          
					
        
        </relations>
        
        
				
      
      </organization>
      
      
			
      
      <organization ecContribution="344915" order="4" terminated="false" type="participant">
        
        
				
			
					
        
        <availableLanguages readOnly="true">en</availableLanguages>
        
        
					
        
        <rcn>1907239</rcn>
        
        
					
        
        <id>999904034</id>
        
        
					
        
        <vatNumber>DK29102384</vatNumber>
        
        
					
        
        <legalName>AALBORG UNIVERSITET</legalName>
        
        
					
        
        <shortName>AAU</shortName>
        
        
					
        
        <address>
          
          
						
          
          <street>FREDRIK BAJERS VEJ 5</street>
          
          
						
          
          <city>AALBORG</city>
          
          
						
          
          <postalCode>9220</postalCode>
          
          
						
          
          <country>DK</country>
          
          
						
          
          <postBox>159</postBox>
          
          
						
          
          <url>www.aau.dk</url>
          
          
					
        
        </address>
        
        
					
        
        <departmentName>Dept. of Mechanical and Production Engineering</departmentName>
        
        
					
        
        <relations>
          
          
						
          
          <categories>
            
            
							
            
            <category classification="organizationActivityType" type="relatedOrganizationActivityType">
              
              
								
              
              <availableLanguages readOnly="true">en</availableLanguages>
              
              
								
              
              <code>/HES</code>
              
              
								
              
              <title>Higher or Secondary Education Establishments</title>
              
              
								
							
            
            </category>
            
            
						
          
          </categories>
          
          
						
          
          <regions>
            
            
							
            
            <region type="relatedRegion">
              
              
								
							
									
              
              <name>Denmark</name>
              
              
									
              
              <nutsCode>DK</nutsCode>
              
              
									
              
              <euCode>DK</euCode>
              
              
									
              
              <isoCode>DK</isoCode>
              
              
									
              
              <rcn>223513128</rcn>
              
              
								
            
            </region>
            
            
						
          
          </regions>
          
          
					
        
        </relations>
        
        
				
      
      </organization>
      
      
			
      
      <organization ecContribution="49734.44" order="10" terminated="true" type="participant">
        
        
				
			
					
        
        <availableLanguages readOnly="true">en</availableLanguages>
        
        
					
        
        <rcn>2392199</rcn>
        
        
					
        
        <id>952809467</id>
        
        
					
        
        <vatNumber>ESB98455603</vatNumber>
        
        
					
        
        <legalName>GENERA BIOTECH SL</legalName>
        
        
					
        
        <shortName>GB</shortName>
        
        
					
        
        <address>
          
          
						
          
          <street>C/ CATEDRATICO AGUSTIN ESCARDINO 9</street>
          
          
						
          
          <city>PATERNA VALENCIA</city>
          
          
						
          
          <postalCode>46980</postalCode>
          
          
						
          
          <country>ES</country>
          
          
					
        
        </address>
        
        
					
        
        <relations>
          
          
						
          
          <categories>
            
            
							
            
            <category classification="organizationActivityType" type="relatedOrganizationActivityType">
              
              
								
              
              <availableLanguages readOnly="true">en</availableLanguages>
              
              
								
              
              <code>/PRC</code>
              
              
								
              
              <title>Private for-profit entities (excluding Higher or Secondary Education Establishments)</title>
              
              
								
							
            
            </category>
            
            
						
          
          </categories>
          
          
						
          
          <regions>
            
            
							
            
            <region type="relatedRegion">
              
              
								
							
									
              
              <name>Spain</name>
              
              
									
              
              <nutsCode>ES</nutsCode>
              
              
									
              
              <euCode>ES</euCode>
              
              
									
              
              <isoCode>ES</isoCode>
              
              
									
              
              <rcn>242387496</rcn>
              
              
								
            
            </region>
            
            
						
          
          </regions>
          
          
					
        
        </relations>
        
        
				
      
      </organization>
      
      
			
      
      <programme type="relatedProgramme">
        
        
				
			
					
        
        <availableLanguages readOnly="true">de,en,es,fr,it,pl</availableLanguages>
        
        
					
        
        <rcn>664237</rcn>
        
        
					
        
        <code>H2020-EU.3.1.</code>
        
        
					
        
        <frameworkProgramme>H2020</frameworkProgramme>
        
        
					
        
        <pga>H2020-EU.3.1.</pga>
        
        
					
        
        <title>SOCIETAL CHALLENGES - Health, demographic change and well-being</title>
        
        
					
        
        <shortTitle>Health</shortTitle>
        
        
					
        
        <parent>
          
          
						
          
          <programme>
            
            
							
            
            <rcn>664235</rcn>
            
            
							
            
            <code>H2020-EU.3.</code>
            
            
							
            
            <parent>
              
              
								
              
              <programme>
                
                
									
                
                <rcn>664087</rcn>
                
                
									
                
                <code>H2020-EC</code>
                
                
									
                
                <parent>
                  
                  
										
                  
                  <programme>
                    
                    
											
                    
                    <rcn>664086</rcn>
                    
                    
											
                    
                    <code>H2020</code>
                    
                    
										
                  
                  </programme>
                  
                  
									
                
                </parent>
                
                
								
              
              </programme>
              
              
							
            
            </parent>
            
            
						
          
          </programme>
          
          
					
        
        </parent>
        
        
				
      
      </programme>
      
      
			
      
      <programme type="relatedSubProgramme">
        
        
				
			
					
        
        <availableLanguages readOnly="true">en</availableLanguages>
        
        
					
        
        <rcn>665179</rcn>
        
        
					
        
        <code>PHC-10-2014</code>
        
        
					
        
        <frameworkProgramme>H2020-Topics</frameworkProgramme>
        
        
					
        
        <title>Development of new diagnostic tools and technologies: in vitro devices, assays and platforms</title>
        
        
					
        
        <parent>
          
          
						
          
          <programme>
            
            
							
            
            <rcn>20200</rcn>
            
            
							
            
            <code>H2020-Topics</code>
            
            
						
          
          </programme>
          
          
					
        
        </parent>
        
        
				
      
      </programme>
      
      
			
      
      <result type="relatedResult">
        
        
				
			
					
        
        <availableLanguages readOnly="true">en</availableLanguages>
        
        
					
        
        <rcn>201043</rcn>
        
        
					
        
        <title>Periodic Reporting for period 1 - PHOCNOSIS (Advanced nanophotonic point-of-care analysis device for fast and early diagnosis of cardiovascular diseases)</title>
        
        
					
        
        <teaser>There is an ever-increasing demand for novel and more efficient point-of-care testing (POCT) devices for the early diagnosis of diseases, with a special interest in cardiovascular diseases (CVD). The most recent statistics from the European Heart Network (EHN) and the European...</teaser>
        
        
					
        
        <description>periodic</description>
        
        
					
        
        <contentUpdateDate>2017-07-28 11:23:34</contentUpdateDate>
        
        
					
        
        <relations>
          
          
						
          
          <categories>
            
            
							
            
            <category classification="collection" type="belongsTo">
              
              
								
              
              <availableLanguages readOnly="true">de,en,es,fr,it,pl</availableLanguages>
              
              
								
              
              <code>/pubsum</code>
              
              
								
              
              <title>Report Summary</title>
              
              
								
							
            
            </category>
            
            
							
            
            <category classification="resultCategory" type="relatedResultCategory">
              
              
								
              
              <availableLanguages readOnly="true">en</availableLanguages>
              
              
								
              
              <code>/report</code>
              
              
								
              
              <title>Report summary</title>
              
              
								
							
            
            </category>
            
            
							
            
            <category classification="source" type="isProvidedBy">
              
              
								
              
              <availableLanguages readOnly="true">de,en,es,fr,it,pl</availableLanguages>
              
              
								
              
              <code>/corda</code>
              
              
								
              
              <title>CORDA</title>
              
              
								
							
            
            </category>
            
            
						
          
          </categories>
          
          
						
          
          <associations>
            
            
							
            
            <webItem source="corda" type="relatedResultAttachment">
              
              
								
							
									
              
              <language>en</language>
              
              
									
              
              <availableLanguages readOnly="true">en,any</availableLanguages>
              
              
									
              
              <uri>/docs/results/h2020/634/634013_PS/phocnosis-logo-lami-for-report.png</uri>
              
              
									
              
              <alternativeText>Immobilised bioreceptors using light-assisted technology</alternativeText>
              
              
									
              
              <mimetype readOnly="true">image/png</mimetype>
              
              
									
              
              <size readOnly="true">0</size>
              
              
								
            
            </webItem>
            
            
							
            
            <webLink source="corda" type="relatedWebsite">
              
              
								
							
									
              
              <language>en</language>
              
              
									
              
              <availableLanguages readOnly="true">en</availableLanguages>
              
              
									
              
              <url>https://phocnosis.eu/</url>
              
              
									
              
              <content>PHOCNOSIS-Advanced nanophotonic point-of-care analysis device for fast and early diagnosis of cardiovascular diseases Toggle navigation The project Consortium Resources News Contact Cardiovascular diseases (CVD) are the leading cause of death in the EU accounting for 1.9 million deaths each year (40% of all deaths in the EU) with an estimated associated cost of almost €196 billion per year. Despite these numbers, CVD can be successfully treated when detected early and managed according to best practices. PHOCNOSIS The objective of PHOCNOSIS is the development of a nanotechnology-based analysis device for the implementation of early CVD diagnosis programs, what is a key factor for reducing the mortality rates. The Project The PHOCNOSIS project aims at the development and the preclinical validation of a nanotechnology-based handheld point-of-care testing (POCT) analysis device for its application in the early diagnosis of cardiovascular diseases (CVD). The diagnosis will be carried out by means of the fast (&lt;10 minutes), ultra-sensitive (&lt;1 ng/L) and label-free detection of multiple cardiac biomarkers, using a small volume of whole blood (&lt;100 μL). This POCT analysis device will significantly help in the implementation of mass screening programs, with the consequent impact on clinical management, reducing also costs of treatments, and increasing survival rates. The PHOCNOSIS analysis device will be based on two state-of-the-art technological elements in order to obtain a compact and highly sensitive final device. First, an integrated micro-/nanofluidic system will be used for biomarkers separation, purification and concentration, targeting an effective concentration increase by a factor greater than 1000x for the targeted biomarkers. Then, the concentrated biomarkers will be detected using a novel nanophotonic-based sensing technique, envisaging a final combined detection limit below 1 ng/L. This novel sensing technique allows us to obtain systems which are low-cost, compact and with a lower complexity, thus making them suitable for the development of portable devices for POCT. The PHOCNOSIS project will target the deployment of disposable biochips with an envisaged cost below €3 to be used in a handheld analysis device with an envisaged cost below €3000. Special attention will be paid within the PHOCNOSIS project to explore the potential deployment and commercialisation of the analysis device, by means of the involvement of relevant academic and industrial partners, as well as end users. Funded by the Horizon 2020 This project is funded by the Horizon 2020 Framework Programme of the European Union Acronym: PHOCNOSIS Title: Advanced nanophotonic point-of-care analysis device for fast and early diagnosis of cardiovascular diseases Period: 01/09/2015 to 31/08/2018 Reference: H2020-PHC-634013 Consortium Universitat Politècnica de València SPAIN Fraunhofer Institut-IZM GERMANY Universiteit Twente THE NETHERLANDS Aalborg University DENMARK CDA GmbH GERMANY EV Group E. Thallner GmbH AUSTRIA Bionos Biotech SPAIN Art of Technology AG SWITZERLAND St George's - University of London UNITED KINGDOM Genera Biotech SPAIN Contact Us Dr. Jaime García Rupérez Universitat Politècnica de València Nanophotonics Technology Center Building 8F, 2nd floor T. +34 96 387 70 00 (Ext. 88116) Private Area Reviewers Area PHOCNOSIS Advanced nanophotonic point-of-care analysis device for fast and early diagnosis of cardiovascular diseases 01/09/2015 to 31/08/2018 H2020-PHC-634013 PHOCNOSIS Consortium</content>
              
              
								
            
            </webLink>
            
            
						
          
          </associations>
          
          
					
        
        </relations>
        
        
				
      
      </result>
      
      
		
    
    </associations>
    
    
		
    
    <categories>
      
      
			
      
      <category classification="projectFundingSchemeCategory" type="relatedProjectFundingSchemeCategory">
        
        
				
        
        <availableLanguages readOnly="true">en</availableLanguages>
        
        
				
        
        <code>/RIA</code>
        
        
				
        
        <title>Research and Innovation action</title>
        
        
				
			
      
      </category>
      
      
		
    
    </categories>
    
    
	
  
  </relations>
  
  
	


</project>

