<?xml version="1.0" encoding="UTF-8"?>
<project xmlns="http://cordis.europa.eu">
  
  
	
	
  
  <language>en</language>
  
  
	
  
  <availableLanguages readOnly="true">en</availableLanguages>
  
  
	
  
  <rcn>193602</rcn>
  
  
	
  
  <reference>638809</reference>
  
  
	
  
  <acronym>AIDA</acronym>
  
  
	
  
  <teaser>"Understanding the dawn of the first galaxies and how their light permeated the early Universe is at the very frontier of modern astrophysical cosmology. Generous resources, including ambitions observational programs, are being devoted to studying these epochs of Cosmic Dawn...</teaser>
  
  
	
  
  <objective>"Understanding the dawn of the first galaxies and how their light permeated the early Universe is at the very frontier of modern astrophysical cosmology. Generous resources, including ambitions observational programs, are being devoted to studying these epochs of Cosmic Dawn (CD) and Reionization (EoR).  In order to interpret these observations, we propose to build on our widely-used, semi-numeric simulation tool, 21cmFAST, and apply it to observations.  Using sub-grid, semi-analytic models, we will incorporate additional physical processes governing the evolution of sources and sinks of ionizing photons. The resulting state-of-the-art simulations will be well poised to interpret topical observations of quasar spectra and the cosmic 21cm signal.  They would be both physically-motivated and fast, allowing us to rapidly explore astrophysical parameter space.  We will statistically quantify the resulting degeneracies and constraints, providing a robust answer to the question, "What can we learn from EoR/CD observations?" As an end goal, these investigations will help us understand when the first generations of galaxies formed, how they drove the EoR, and what are the associated large-scale observational signatures."</objective>
  
  
	
  
  <title>An Illumination of the Dark Ages: modeling reionization and interpreting observations</title>
  
  
	
  
  <totalCost>1468750</totalCost>
  
  
	
  
  <ecMaxContribution>1468750</ecMaxContribution>
  
  
	
  
  <startDate>2015-05-01</startDate>
  
  
	
  
  <endDate>2020-04-30</endDate>
  
  
	
  
  <contract>
    
    
		
    
    <duration>60</duration>
    
    
	
  
  </contract>
  
  
	
  
  <status>SIGNED</status>
  
  
	
  
  <sourceUpdateDate>2016-12-01 11:52:23</sourceUpdateDate>
  
  
	
  
  <contentCreationDate readOnly="true">2015-05-05 16:31:57</contentCreationDate>
  
  
	
  
  <contentUpdateDate>2016-11-24 20:38:11</contentUpdateDate>
  
  
	
  
  <lastUpdateDate readOnly="true">2016-12-01 11:52:23</lastUpdateDate>
  
  
	
  
  <relations>
    
    
		
    
    <associations>
      
      
			
      
      <call type="relatedCall">
        
        
				
			
					
        
        <rcn>408</rcn>
        
        
					
        
        <title>ERC-2014-STG</title>
        
        
					
        
        <identifier>ERC-2014-STG</identifier>
        
        
				
      
      </call>
      
      
			
      
      <organization ecContribution="1468750" order="1" terminated="false" type="hostInstitution">
        
        
				
			
					
        
        <availableLanguages readOnly="true">en</availableLanguages>
        
        
					
        
        <rcn>1905932</rcn>
        
        
					
        
        <id>999886962</id>
        
        
					
        
        <vatNumber>IT00420000507</vatNumber>
        
        
					
        
        <legalName>SCUOLA NORMALE SUPERIORE</legalName>
        
        
					
        
        <shortName>IT-SNS</shortName>
        
        
					
        
        <address>
          
          
						
          
          <street>PIAZZA DEI CAVALIERI 7</street>
          
          
						
          
          <city>PISA</city>
          
          
						
          
          <postalCode>56126</postalCode>
          
          
						
          
          <country>IT</country>
          
          
						
          
          <postBox>000</postBox>
          
          
						
          
          <url>www.sns.it</url>
          
          
					
        
        </address>
        
        
					
        
        <departmentName>Research Office</departmentName>
        
        
					
        
        <relations>
          
          
						
          
          <categories>
            
            
							
            
            <category classification="organizationActivityType" type="relatedOrganizationActivityType">
              
              
								
              
              <availableLanguages readOnly="true">en</availableLanguages>
              
              
								
              
              <code>/HES</code>
              
              
								
              
              <title>Higher or Secondary Education Establishments</title>
              
              
								
							
            
            </category>
            
            
						
          
          </categories>
          
          
						
          
          <regions>
            
            
							
            
            <region type="relatedRegion">
              
              
								
							
									
              
              <name>Italy</name>
              
              
									
              
              <nutsCode>IT</nutsCode>
              
              
									
              
              <euCode>IT</euCode>
              
              
									
              
              <isoCode>IT</isoCode>
              
              
									
              
              <rcn>309758504</rcn>
              
              
								
            
            </region>
            
            
						
          
          </regions>
          
          
					
        
        </relations>
        
        
				
      
      </organization>
      
      
			
      
      <programme type="relatedSubProgramme">
        
        
				
			
					
        
        <availableLanguages readOnly="true">en</availableLanguages>
        
        
					
        
        <rcn>664783</rcn>
        
        
					
        
        <code>ERC-StG-2014</code>
        
        
					
        
        <frameworkProgramme>H2020-Topics</frameworkProgramme>
        
        
					
        
        <title>ERC Starting Grant</title>
        
        
					
        
        <parent>
          
          
						
          
          <programme>
            
            
							
            
            <rcn>20200</rcn>
            
            
							
            
            <code>H2020-Topics</code>
            
            
						
          
          </programme>
          
          
					
        
        </parent>
        
        
				
      
      </programme>
      
      
			
      
      <programme type="relatedProgramme">
        
        
				
			
					
        
        <availableLanguages readOnly="true">de,en,es,fr,it,pl</availableLanguages>
        
        
					
        
        <rcn>664099</rcn>
        
        
					
        
        <code>H2020-EU.1.1.</code>
        
        
					
        
        <frameworkProgramme>H2020</frameworkProgramme>
        
        
					
        
        <pga>H2020-EU.1.1.</pga>
        
        
					
        
        <title>EXCELLENT SCIENCE - European Research Council (ERC)</title>
        
        
					
        
        <shortTitle>European Research Council (ERC)</shortTitle>
        
        
					
        
        <parent>
          
          
						
          
          <programme>
            
            
							
            
            <rcn>664091</rcn>
            
            
							
            
            <code>H2020-EU.1.</code>
            
            
							
            
            <parent>
              
              
								
              
              <programme>
                
                
									
                
                <rcn>664087</rcn>
                
                
									
                
                <code>H2020-EC</code>
                
                
									
                
                <parent>
                  
                  
										
                  
                  <programme>
                    
                    
											
                    
                    <rcn>664086</rcn>
                    
                    
											
                    
                    <code>H2020</code>
                    
                    
										
                  
                  </programme>
                  
                  
									
                
                </parent>
                
                
								
              
              </programme>
              
              
							
            
            </parent>
            
            
						
          
          </programme>
          
          
					
        
        </parent>
        
        
				
      
      </programme>
      
      
			
      
      <result type="relatedResult">
        
        
				
			
					
        
        <availableLanguages readOnly="true">en</availableLanguages>
        
        
					
        
        <rcn>194976</rcn>
        
        
					
        
        <title>Periodic Reporting for period 1 - AIDA (An Illumination of the Dark Ages: modeling reionization and interpreting observations)</title>
        
        
					
        
        <teaser>The goal of AIDA is to investigate the birth of the very first stars and galaxies in our Universe, occurring over 13 billion years ago.  These galaxies are too faint to be seen directly, even with the most advanced telescopes.  Yet their light heated and ionized virtually...</teaser>
        
        
					
        
        <description>periodic</description>
        
        
					
        
        <contentUpdateDate>2017-02-17 17:53:35</contentUpdateDate>
        
        
					
        
        <relations>
          
          
						
          
          <categories>
            
            
							
            
            <category classification="collection" type="belongsTo">
              
              
								
              
              <availableLanguages readOnly="true">de,en,es,fr,it,pl</availableLanguages>
              
              
								
              
              <code>/pubsum</code>
              
              
								
              
              <title>Report Summary</title>
              
              
								
							
            
            </category>
            
            
							
            
            <category classification="resultCategory" type="relatedResultCategory">
              
              
								
              
              <availableLanguages readOnly="true">en</availableLanguages>
              
              
								
              
              <code>/report</code>
              
              
								
              
              <title>Report summary</title>
              
              
								
							
            
            </category>
            
            
							
            
            <category classification="source" type="isProvidedBy">
              
              
								
              
              <availableLanguages readOnly="true">de,en,es,fr,it,pl</availableLanguages>
              
              
								
              
              <code>/corda</code>
              
              
								
              
              <title>CORDA</title>
              
              
								
							
            
            </category>
            
            
						
          
          </categories>
          
          
						
          
          <associations>
            
            
							
            
            <webItem type="relatedResultAttachment">
              
              
								
							
									
              
              <language>en</language>
              
              
									
              
              <availableLanguages readOnly="true">en,any</availableLanguages>
              
              
									
              
              <uri>/docs/results/h2020/638/638809_PS/frame-268.jpg</uri>
              
              
									
              
              <alternativeText>Slice through a cosmological simulation of the 21cm radio signal.</alternativeText>
              
              
									
              
              <mimetype readOnly="true">image/jpeg</mimetype>
              
              
									
              
              <size readOnly="true">0</size>
              
              
								
            
            </webItem>
            
            
						
          
          </associations>
          
          
					
        
        </relations>
        
        
				
      
      </result>
      
      
		
    
    </associations>
    
    
		
    
    <categories>
      
      
			
      
      <category classification="projectFundingSchemeCategory" type="relatedProjectFundingSchemeCategory">
        
        
				
        
        <availableLanguages readOnly="true">en</availableLanguages>
        
        
				
        
        <code>/ERC-STG</code>
        
        
				
        
        <title>Starting Grant</title>
        
        
				
			
      
      </category>
      
      
		
    
    </categories>
    
    
	
  
  </relations>
  
  
	


</project>

