<?xml version="1.0" encoding="UTF-8"?>
<project xmlns="http://cordis.europa.eu">
  
  
	
	
  
  <language>en</language>
  
  
	
  
  <availableLanguages readOnly="true">en</availableLanguages>
  
  
	
  
  <rcn>193504</rcn>
  
  
	
  
  <reference>637530</reference>
  
  
	
  
  <acronym>REPROWORM</acronym>
  
  
	
  
  <teaser>Regenerating tissues by reprogramming cells has the potential to become a therapeutic approach for replacing lost tissues in patients suffering from injury or degenerative diseases such as Alzheimer’s or Muscular Dystrophy. Strategies to generate required tissues using...</teaser>
  
  
	
  
  <objective>Regenerating tissues by reprogramming cells has the potential to become a therapeutic approach for replacing lost tissues in patients suffering from injury or degenerative diseases such as Alzheimer’s or Muscular Dystrophy. Strategies to generate required tissues using embryonic stem cells or induced pluripotent stem cells (iPSCs) are associated with either ethical or medical safety issues. An alternative strategy is to directly reprogram cells to the required tissue type by forced expression of cell fate-inducing transcription factors (TFs). Direct reprogramming (DR) has the potential to circumvent unsafe proliferative pluripotent cell stages and it allows in vivo procedures. However to date, DR is successful in only a few cell types and it is not well understood why most cells are refractory to DR. Recently, we provided evidence that inhibitory mechanisms play an important role in restricting cell fate conversion. We identified factors inhibiting direct conversion of germ cells into specific neurons or muscle cells. Additionally, preliminary studies in our group revealed other factors that inhibit ectopic cell fate induction in somatic cells. 
The objective of this proposal is to further understand mechanisms that restrict DR. We aim to identify and characterize factors involved in safeguarding differentiated cells and thereby counteract induction of ectopic fates in different cells. We use C. elegans as an in vivo model and apply large-scale forward and reverse genetic screenings with high-throughput. Next generation sequencing, tissue-specific biochemistry (ChIP-seq, SILAC) and 4D imaging will be used to elucidate the molecular function of identified DR-regulating factors. Finally, we will test the ability to convert cells in aged animals and assess the effects of ageing on the ability to induce ectopic cell fates. Our research has the potential to facilitate the generation of specific tissues from different cellular contexts for future biomedical approaches.</objective>
  
  
	
  
  <title>Safeguarding Cell Identities:  Mechanisms Counteracting Cell Fate Reprogramming</title>
  
  
	
  
  <totalCost>1457938</totalCost>
  
  
	
  
  <ecMaxContribution>1457938</ecMaxContribution>
  
  
	
  
  <startDate>2015-03-01</startDate>
  
  
	
  
  <endDate>2020-02-29</endDate>
  
  
	
  
  <contract>
    
    
		
    
    <duration>60</duration>
    
    
	
  
  </contract>
  
  
	
  
  <status>SIGNED</status>
  
  
	
  
  <sourceUpdateDate>2017-08-16 18:12:12</sourceUpdateDate>
  
  
	
  
  <contentCreationDate readOnly="true">2015-05-05 16:23:37</contentCreationDate>
  
  
	
  
  <contentUpdateDate>2017-07-28 09:20:28</contentUpdateDate>
  
  
	
  
  <lastUpdateDate readOnly="true">2017-08-16 18:15:05</lastUpdateDate>
  
  
	
  
  <relations>
    
    
		
    
    <associations>
      
      
			
      
      <call type="relatedCall">
        
        
				
			
					
        
        <rcn>408</rcn>
        
        
					
        
        <title>ERC-2014-STG</title>
        
        
					
        
        <identifier>ERC-2014-STG</identifier>
        
        
				
      
      </call>
      
      
			
      
      <organization ecContribution="1457938" order="1" terminated="false" type="hostInstitution">
        
        
				
			
					
        
        <availableLanguages readOnly="true">en</availableLanguages>
        
        
					
        
        <rcn>1906214</rcn>
        
        
					
        
        <id>999990461</id>
        
        
					
        
        <vatNumber>DE811261930</vatNumber>
        
        
					
        
        <legalName>MAX-DELBRUCK-CENTRUM FUR MOLEKULAREMEDIZIN</legalName>
        
        
					
        
        <shortName>MDC</shortName>
        
        
					
        
        <address>
          
          
						
          
          <street>ROBERT ROSSLE STRASSE 10</street>
          
          
						
          
          <city>BERLIN</city>
          
          
						
          
          <postalCode>13125</postalCode>
          
          
						
          
          <country>DE</country>
          
          
						
          
          <url>www.mdc-berlin.de</url>
          
          
					
        
        </address>
        
        
					
        
        <departmentName>Scientific Directorate</departmentName>
        
        
					
        
        <relations>
          
          
						
          
          <categories>
            
            
							
            
            <category classification="organizationActivityType" type="relatedOrganizationActivityType">
              
              
								
              
              <availableLanguages readOnly="true">en</availableLanguages>
              
              
								
              
              <code>/REC</code>
              
              
								
              
              <title>Research Organisations</title>
              
              
								
							
            
            </category>
            
            
						
          
          </categories>
          
          
						
          
          <regions>
            
            
							
            
            <region type="relatedRegion">
              
              
								
							
									
              
              <name>Germany</name>
              
              
									
              
              <nutsCode>DE</nutsCode>
              
              
									
              
              <euCode>DE</euCode>
              
              
									
              
              <isoCode>DE</isoCode>
              
              
									
              
              <rcn>221940264</rcn>
              
              
								
            
            </region>
            
            
						
          
          </regions>
          
          
					
        
        </relations>
        
        
				
      
      </organization>
      
      
			
      
      <programme type="relatedSubProgramme">
        
        
				
			
					
        
        <availableLanguages readOnly="true">en</availableLanguages>
        
        
					
        
        <rcn>664783</rcn>
        
        
					
        
        <code>ERC-StG-2014</code>
        
        
					
        
        <frameworkProgramme>H2020-Topics</frameworkProgramme>
        
        
					
        
        <title>ERC Starting Grant</title>
        
        
					
        
        <parent>
          
          
						
          
          <programme>
            
            
							
            
            <rcn>20200</rcn>
            
            
							
            
            <code>H2020-Topics</code>
            
            
						
          
          </programme>
          
          
					
        
        </parent>
        
        
				
      
      </programme>
      
      
			
      
      <programme type="relatedProgramme">
        
        
				
			
					
        
        <availableLanguages readOnly="true">de,en,es,fr,it,pl</availableLanguages>
        
        
					
        
        <rcn>664099</rcn>
        
        
					
        
        <code>H2020-EU.1.1.</code>
        
        
					
        
        <frameworkProgramme>H2020</frameworkProgramme>
        
        
					
        
        <pga>H2020-EU.1.1.</pga>
        
        
					
        
        <title>EXCELLENT SCIENCE - European Research Council (ERC)</title>
        
        
					
        
        <shortTitle>European Research Council (ERC)</shortTitle>
        
        
					
        
        <parent>
          
          
						
          
          <programme>
            
            
							
            
            <rcn>664091</rcn>
            
            
							
            
            <code>H2020-EU.1.</code>
            
            
							
            
            <parent>
              
              
								
              
              <programme>
                
                
									
                
                <rcn>664087</rcn>
                
                
									
                
                <code>H2020-EC</code>
                
                
									
                
                <parent>
                  
                  
										
                  
                  <programme>
                    
                    
											
                    
                    <rcn>664086</rcn>
                    
                    
											
                    
                    <code>H2020</code>
                    
                    
										
                  
                  </programme>
                  
                  
									
                
                </parent>
                
                
								
              
              </programme>
              
              
							
            
            </parent>
            
            
						
          
          </programme>
          
          
					
        
        </parent>
        
        
				
      
      </programme>
      
      
		
    
    </associations>
    
    
		
    
    <categories>
      
      
			
      
      <category classification="projectFundingSchemeCategory" type="relatedProjectFundingSchemeCategory">
        
        
				
        
        <availableLanguages readOnly="true">en</availableLanguages>
        
        
				
        
        <code>/ERC-STG</code>
        
        
				
        
        <title>Starting Grant</title>
        
        
				
			
      
      </category>
      
      
		
    
    </categories>
    
    
	
  
  </relations>
  
  
	


</project>

