<?xml version="1.0" encoding="UTF-8"?>
<project xmlns="http://cordis.europa.eu">
  
  
	
	
  
  <language>en</language>
  
  
	
  
  <availableLanguages readOnly="true">en</availableLanguages>
  
  
	
  
  <rcn>193517</rcn>
  
  
	
  
  <reference>637675</reference>
  
  
	
  
  <acronym>SYBORG</acronym>
  
  
	
  
  <teaser>"Carbon dioxide (CO2) is a potent greenhouse gas whose presence in the atmosphere is a critical factor for global warming. At the same time atmospheric CO2 is a cheap and readily available carbon source that can in principle be used for the synthesis of biomass/biofuels and...</teaser>
  
  
	
  
  <objective>Carbon dioxide (CO2) is a potent greenhouse gas whose presence in the atmosphere is a critical factor for global warming. At the same time atmospheric CO2 is a cheap and readily available carbon source that can in principle be used for the synthesis of biomass/biofuels and value-added products. However, as synthetic chemistry lacks suitable catalysts to functionalize the CO2-molecule, there is an increasing need to exploit the CO2-fixing mechanisms offered by Nature for applications at the interface of chemistry and biology. This proposal is centered on reductive carboxylation, a completely novel principle of enzymatic CO2-fixation that we discovered only recently and that is one of the most efficient CO2-fixation reactions described in biology so far. First, we will focus on understanding the novel principle of reductive carboxylation, by studying its catalysis at molecular scale and single step resolution. This will allow us to derive the first detailed catalytic framework for highly efficient CO2-fixation and enable us to engineer novel carboxylation reactions and products. Second, we will establish a new in vitro platform for the assembly and optimization of artificial ("synthetic") CO2-fixation pathways that are based on reductive carboxylation and that have been calculated to be kinetically and bioenergetically favored compared with naturally existing CO2-fixation pathways. This platform closes a long-standing gap between the theory and practice of synthetic pathway design, and will be used to develop the first functional in vitro module for CO2-fixation, a "synthetic organelle". Finally, we will realize synthetic CO2-fixation in selected biological model systems. To that end, we will implement the optimized in vitro pathways in isolated chloroplasts, as well as alpha-proteobacterial hosts to create novel CO2-fixing organelles and organisms, breaking new grounds in understanding and engineering biological systems for efficient CO2-fixation.</objective>
  
  
	
  
  <title>combining SYnthetic Biology and chemistry to create novel CO2-fixing enzymes, ORGanelles and ORGanisms</title>
  
  
	
  
  <totalCost>1746038</totalCost>
  
  
	
  
  <ecMaxContribution>1746038</ecMaxContribution>
  
  
	
  
  <startDate>2015-05-01</startDate>
  
  
	
  
  <endDate>2020-04-30</endDate>
  
  
	
  
  <contract>
    
    
		
    
    <duration>60</duration>
    
    
	
  
  </contract>
  
  
	
  
  <status>SIGNED</status>
  
  
	
  
  <sourceUpdateDate>2017-08-16 18:16:30</sourceUpdateDate>
  
  
	
  
  <contentCreationDate readOnly="true">2015-05-05 16:24:42</contentCreationDate>
  
  
	
  
  <contentUpdateDate>2017-07-14 11:15:49</contentUpdateDate>
  
  
	
  
  <lastUpdateDate readOnly="true">2017-08-16 18:16:32</lastUpdateDate>
  
  
	
  
  <relations>
    
    
		
    
    <associations>
      
      
			
      
      <call type="relatedCall">
        
        
				
			
					
        
        <rcn>408</rcn>
        
        
					
        
        <title>ERC-2014-STG</title>
        
        
					
        
        <identifier>ERC-2014-STG</identifier>
        
        
				
      
      </call>
      
      
			
      
      <organization ecContribution="1746038" order="1" terminated="false" type="hostInstitution">
        
        
				
			
					
        
        <availableLanguages readOnly="true">en</availableLanguages>
        
        
					
        
        <rcn>1905552</rcn>
        
        
					
        
        <id>999990267</id>
        
        
					
        
        <vatNumber>DE129517720</vatNumber>
        
        
					
        
        <legalName>MAX-PLANCK-GESELLSCHAFT ZUR FORDERUNG DER WISSENSCHAFTEN EV</legalName>
        
        
					
        
        <shortName>MPG</shortName>
        
        
					
        
        <address>
          
          
						
          
          <street>HOFGARTENSTRASSE 8</street>
          
          
						
          
          <city>MUENCHEN</city>
          
          
						
          
          <postalCode>80539</postalCode>
          
          
						
          
          <country>DE</country>
          
          
						
          
          <postBox>000</postBox>
          
          
						
          
          <url>www.mpg.de</url>
          
          
					
        
        </address>
        
        
					
        
        <departmentName>Max Planck Institute for Psycholinguistics</departmentName>
        
        
					
        
        <relations>
          
          
						
          
          <categories>
            
            
							
            
            <category classification="organizationActivityType" type="relatedOrganizationActivityType">
              
              
								
              
              <availableLanguages readOnly="true">en</availableLanguages>
              
              
								
              
              <code>/REC</code>
              
              
								
              
              <title>Research Organisations</title>
              
              
								
							
            
            </category>
            
            
						
          
          </categories>
          
          
						
          
          <regions>
            
            
							
            
            <region type="relatedRegion">
              
              
								
							
									
              
              <name>Germany</name>
              
              
									
              
              <nutsCode>DE</nutsCode>
              
              
									
              
              <euCode>DE</euCode>
              
              
									
              
              <isoCode>DE</isoCode>
              
              
									
              
              <rcn>221940264</rcn>
              
              
								
            
            </region>
            
            
						
          
          </regions>
          
          
					
        
        </relations>
        
        
				
      
      </organization>
      
      
			
      
      <programme type="relatedSubProgramme">
        
        
				
			
					
        
        <availableLanguages readOnly="true">en</availableLanguages>
        
        
					
        
        <rcn>664783</rcn>
        
        
					
        
        <code>ERC-StG-2014</code>
        
        
					
        
        <frameworkProgramme>H2020-Topics</frameworkProgramme>
        
        
					
        
        <title>ERC Starting Grant</title>
        
        
					
        
        <parent>
          
          
						
          
          <programme>
            
            
							
            
            <rcn>20200</rcn>
            
            
							
            
            <code>H2020-Topics</code>
            
            
						
          
          </programme>
          
          
					
        
        </parent>
        
        
				
      
      </programme>
      
      
			
      
      <programme type="relatedProgramme">
        
        
				
			
					
        
        <availableLanguages readOnly="true">de,en,es,fr,it,pl</availableLanguages>
        
        
					
        
        <rcn>664099</rcn>
        
        
					
        
        <code>H2020-EU.1.1.</code>
        
        
					
        
        <frameworkProgramme>H2020</frameworkProgramme>
        
        
					
        
        <pga>H2020-EU.1.1.</pga>
        
        
					
        
        <title>EXCELLENT SCIENCE - European Research Council (ERC)</title>
        
        
					
        
        <shortTitle>European Research Council (ERC)</shortTitle>
        
        
					
        
        <parent>
          
          
						
          
          <programme>
            
            
							
            
            <rcn>664091</rcn>
            
            
							
            
            <code>H2020-EU.1.</code>
            
            
							
            
            <parent>
              
              
								
              
              <programme>
                
                
									
                
                <rcn>664087</rcn>
                
                
									
                
                <code>H2020-EC</code>
                
                
									
                
                <parent>
                  
                  
										
                  
                  <programme>
                    
                    
											
                    
                    <rcn>664086</rcn>
                    
                    
											
                    
                    <code>H2020</code>
                    
                    
										
                  
                  </programme>
                  
                  
									
                
                </parent>
                
                
								
              
              </programme>
              
              
							
            
            </parent>
            
            
						
          
          </programme>
          
          
					
        
        </parent>
        
        
				
      
      </programme>
      
      
			
      
      <result type="relatedResult">
        
        
				
			
					
        
        <availableLanguages readOnly="true">en</availableLanguages>
        
        
					
        
        <rcn>196357</rcn>
        
        
					
        
        <title>Periodic Reporting for period 1 - SYBORG (combining SYnthetic Biology and chemistry to create novel CO2-fixing enzymes, ORGanelles and ORGanisms)</title>
        
        
					
        
        <teaser>"Atmospheric carbon dioxide (CO2) is a potent greenhouse gas, but also considered as an important carbon feedstock of the future. The sustainable capture and utilization of CO2 will be crucial to realize a green economy that is independent from petrochemical sources. Yet, in...</teaser>
        
        
					
        
        <description>periodic</description>
        
        
					
        
        <contentUpdateDate>2017-03-29 12:54:44</contentUpdateDate>
        
        
					
        
        <relations>
          
          
						
          
          <categories>
            
            
							
            
            <category classification="collection" type="belongsTo">
              
              
								
              
              <availableLanguages readOnly="true">de,en,es,fr,it,pl</availableLanguages>
              
              
								
              
              <code>/pubsum</code>
              
              
								
              
              <title>Report Summary</title>
              
              
								
							
            
            </category>
            
            
							
            
            <category classification="resultCategory" type="relatedResultCategory">
              
              
								
              
              <availableLanguages readOnly="true">en</availableLanguages>
              
              
								
              
              <code>/report</code>
              
              
								
              
              <title>Report summary</title>
              
              
								
							
            
            </category>
            
            
							
            
            <category classification="source" type="isProvidedBy">
              
              
								
              
              <availableLanguages readOnly="true">de,en,es,fr,it,pl</availableLanguages>
              
              
								
              
              <code>/corda</code>
              
              
								
              
              <title>CORDA</title>
              
              
								
							
            
            </category>
            
            
						
          
          </categories>
          
          
					
        
        </relations>
        
        
				
      
      </result>
      
      
		
    
    </associations>
    
    
		
    
    <categories>
      
      
			
      
      <category classification="projectFundingSchemeCategory" type="relatedProjectFundingSchemeCategory">
        
        
				
        
        <availableLanguages readOnly="true">en</availableLanguages>
        
        
				
        
        <code>/ERC-STG</code>
        
        
				
        
        <title>Starting Grant</title>
        
        
				
			
      
      </category>
      
      
		
    
    </categories>
    
    
	
  
  </relations>
  
  
	


</project>

