<?xml version="1.0" encoding="UTF-8"?>
<project xmlns="http://cordis.europa.eu">
  
  
	
	
  
  <language>en</language>
  
  
	
  
  <availableLanguages readOnly="true">en</availableLanguages>
  
  
	
  
  <rcn>193596</rcn>
  
  
	
  
  <reference>638730</reference>
  
  
	
  
  <acronym>CIRCUITASSEMBLY</acronym>
  
  
	
  
  <teaser>The key organizing principles that characterize neuronal systems include asymmetric, parallel, and topographic connectivity of the neural circuits. The main aim of my research is to elucidate the key principles underlying functional development of neural circuits by focusing...</teaser>
  
  
	
  
  <objective>The key organizing principles that characterize neuronal systems include asymmetric, parallel, and topographic connectivity of the neural circuits. The main aim of my research is to elucidate the key principles underlying functional development of neural circuits by focusing on those organizing principles. I choose mouse visual system as my model since it contains all of these principles and provides sophisticated genetic tools to label and manipulate individual circuit components. My research is based on the central hypothesis that the mechanisms of brain development cannot be fully understood without first identifying individual functional cell types in adults, and then understanding how the functions of these cell types become established, using cell-type-specific molecular and synaptic mechanisms in developing animals. Recently, I have identified several transgenic mouse lines in which specific cell types in a visual center, the superior colliculus, are labeled with Cre recombinase in both developing and adult animals. Here I will take advantage of these mouse lines to ask fundamental questions about the functional development of neural circuits. First, how are distinct sensory features processed by the parallel topographic neuronal pathways, and how do they contribute to behavior? Second, what are the molecular and synaptic mechanisms that underlie developmental circuit plasticity for forming parallel topographic neuronal maps in the brain? Third, what are the molecular mechanisms that set up spatially asymmetric circuit connectivity without the need for sensory experience?  I predict that my insights into the developmental mechanism of asymmetric, parallel, and topographic connectivity and circuit plasticity will be instructive when studying other brain circuits which contain similar organizing principles.</objective>
  
  
	
  
  <title>Development of functional organization of the visual circuits in mice</title>
  
  
	
  
  <totalCost>1500000</totalCost>
  
  
	
  
  <ecMaxContribution>1500000</ecMaxContribution>
  
  
	
  
  <startDate>2015-04-01</startDate>
  
  
	
  
  <endDate>2020-03-31</endDate>
  
  
	
  
  <contract>
    
    
		
    
    <duration>60</duration>
    
    
	
  
  </contract>
  
  
	
  
  <status>SIGNED</status>
  
  
	
  
  <sourceUpdateDate>2017-09-18 18:10:14</sourceUpdateDate>
  
  
	
  
  <contentCreationDate readOnly="true">2015-05-05 16:31:25</contentCreationDate>
  
  
	
  
  <contentUpdateDate>2016-01-20 09:56:56</contentUpdateDate>
  
  
	
  
  <lastUpdateDate readOnly="true">2017-11-13 15:25:55</lastUpdateDate>
  
  
	
  
  <relations>
    
    
		
    
    <associations>
      
      
			
      
      <call type="relatedCall">
        
        
				
			
					
        
        <rcn>408</rcn>
        
        
					
        
        <title>ERC-2014-STG</title>
        
        
					
        
        <identifier>ERC-2014-STG</identifier>
        
        
				
      
      </call>
      
      
			
      
      <organization ecContribution="1500000" order="1" terminated="false" type="coordinator">
        
        
				
			
					
        
        <availableLanguages readOnly="true">en</availableLanguages>
        
        
					
        
        <rcn>1905956</rcn>
        
        
					
        
        <id>999997736</id>
        
        
					
        
        <vatNumber>DK31119103</vatNumber>
        
        
					
        
        <legalName>AARHUS UNIVERSITET</legalName>
        
        
					
        
        <shortName>AU</shortName>
        
        
					
        
        <address>
          
          
						
          
          <street>NORDRE RINGGADE 1</street>
          
          
						
          
          <city>AARHUS C</city>
          
          
						
          
          <postalCode>8000</postalCode>
          
          
						
          
          <country>DK</country>
          
          
						
          
          <postBox>000</postBox>
          
          
						
          
          <url>www.au.dk</url>
          
          
					
        
        </address>
        
        
					
        
        <departmentName>AU Finance and Planning - ST Finance</departmentName>
        
        
					
        
        <departmentName>Foulum</departmentName>
        
        
					
        
        <relations>
          
          
						
          
          <categories>
            
            
							
            
            <category classification="organizationActivityType" type="relatedOrganizationActivityType">
              
              
								
              
              <availableLanguages readOnly="true">en</availableLanguages>
              
              
								
              
              <code>/HES</code>
              
              
								
              
              <title>Higher or Secondary Education Establishments</title>
              
              
								
							
            
            </category>
            
            
						
          
          </categories>
          
          
						
          
          <regions>
            
            
							
            
            <region type="relatedRegion">
              
              
								
							
									
              
              <name>Denmark</name>
              
              
									
              
              <nutsCode>DK</nutsCode>
              
              
									
              
              <euCode>DK</euCode>
              
              
									
              
              <isoCode>DK</isoCode>
              
              
									
              
              <rcn>223513128</rcn>
              
              
								
            
            </region>
            
            
						
          
          </regions>
          
          
					
        
        </relations>
        
        
				
      
      </organization>
      
      
			
      
      <programme type="relatedSubProgramme">
        
        
				
			
					
        
        <availableLanguages readOnly="true">en</availableLanguages>
        
        
					
        
        <rcn>664783</rcn>
        
        
					
        
        <code>ERC-StG-2014</code>
        
        
					
        
        <frameworkProgramme>H2020-Topics</frameworkProgramme>
        
        
					
        
        <title>ERC Starting Grant</title>
        
        
					
        
        <parent>
          
          
						
          
          <programme>
            
            
							
            
            <rcn>20200</rcn>
            
            
							
            
            <code>H2020-Topics</code>
            
            
						
          
          </programme>
          
          
					
        
        </parent>
        
        
				
      
      </programme>
      
      
			
      
      <programme type="relatedProgramme">
        
        
				
			
					
        
        <availableLanguages readOnly="true">de,en,es,fr,it,pl</availableLanguages>
        
        
					
        
        <rcn>664099</rcn>
        
        
					
        
        <code>H2020-EU.1.1.</code>
        
        
					
        
        <frameworkProgramme>H2020</frameworkProgramme>
        
        
					
        
        <pga>H2020-EU.1.1.</pga>
        
        
					
        
        <title>EXCELLENT SCIENCE - European Research Council (ERC)</title>
        
        
					
        
        <shortTitle>European Research Council (ERC)</shortTitle>
        
        
					
        
        <parent>
          
          
						
          
          <programme>
            
            
							
            
            <rcn>664091</rcn>
            
            
							
            
            <code>H2020-EU.1.</code>
            
            
							
            
            <parent>
              
              
								
              
              <programme>
                
                
									
                
                <rcn>664087</rcn>
                
                
									
                
                <code>H2020-EC</code>
                
                
									
                
                <parent>
                  
                  
										
                  
                  <programme>
                    
                    
											
                    
                    <rcn>664086</rcn>
                    
                    
											
                    
                    <code>H2020</code>
                    
                    
										
                  
                  </programme>
                  
                  
									
                
                </parent>
                
                
								
              
              </programme>
              
              
							
            
            </parent>
            
            
						
          
          </programme>
          
          
					
        
        </parent>
        
        
				
      
      </programme>
      
      
		
    
    </associations>
    
    
		
    
    <categories>
      
      
			
      
      <category classification="projectFundingSchemeCategory" type="relatedProjectFundingSchemeCategory">
        
        
				
        
        <availableLanguages readOnly="true">en</availableLanguages>
        
        
				
        
        <code>/ERC-STG</code>
        
        
				
        
        <title>Starting Grant</title>
        
        
				
			
      
      </category>
      
      
		
    
    </categories>
    
    
	
  
  </relations>
  
  
	


</project>

