<?xml version="1.0" encoding="UTF-8"?>
<project xmlns="http://cordis.europa.eu">
  
  
	
	
  
  <language>en</language>
  
  
	
  
  <availableLanguages readOnly="true">en</availableLanguages>
  
  
	
  
  <rcn>193423</rcn>
  
  
	
  
  <reference>636816</reference>
  
  
	
  
  <acronym>MEASURE</acronym>
  
  
	
  
  <teaser>The aim of the CSA MEASURE is to provide support and guidance, how to reach the H2020 SPIRE Public Private Partnership goals on reduction in fossil energy intensity, non-renewable, primary raw material intensity and greenhouse gas emissions in the most effective way. MEASURE...</teaser>
  
  
	
  
  <objective>The aim of the CSA MEASURE is to provide support and guidance, how to reach the H2020 SPIRE Public Private Partnership goals on reduction in fossil energy intensity, non-renewable, primary raw material intensity and greenhouse gas emissions in the most effective way. MEASURE will deliver a roadmap how to evaluate processes in a standardised, comparative way. Benefiting from the strong support of our cross-sectorial Advisory Board, the impact of the MEASURE roadmap shall outreach the H2020 SPIRE programme towards harmonised standards for sustainability assessment in the entire European process industry. MEASURE will bring together leading European process industries in chemistry, consumer goods, steel, automotive, non-ferrous metals, water and waste with well-known research centres, and academic experts with profound complementing expertise on sustainability assessment with regulators and standardisation bodies.
Lead users will be innovative companies of all sectors of European process industry and academic partners supporting their maintenance of leadership in enabling technologies and advanced materials &amp; processes as well as public authorities and standardisation bodies. 
The phases of work will include a detailed, cross-sectorial stakeholder analysis on the use of existing sustainability metrics and decision support tools for different goals, stages and data availabilities; an in-depth dialogue between the MEASURE core team and the Advisory Board during two organised workshops and as final outcome, a harmonised roadmap towards universally accepted and standardised tools for environmental, economic and social assessment in process industries over the whole value chain. Implementation will take place by open access publication of the roadmap as well as its widespread promotion in the existing network of the MEASURE partners including UNEP/SETAC, ISO, DIN, WBCSD, FAO, CEFIC, SusChem, PlasticsEurope, FEFANA, World Steel, RSC, GDCh, IChemE, DECHEMA, JRC ISPRA.</objective>
  
  
	
  
  <title>Metrics for Sustainability Assessment in European Process Industries</title>
  
  
	
  
  <totalCost>499875</totalCost>
  
  
	
  
  <ecMaxContribution>499875</ecMaxContribution>
  
  
	
  
  <startDate>2015-01-01</startDate>
  
  
	
  
  <endDate>2016-03-31</endDate>
  
  
	
  
  <contract>
    
    
		
    
    <duration>15</duration>
    
    
	
  
  </contract>
  
  
	
  
  <status>SIGNED</status>
  
  
	
  
  <sourceUpdateDate>2018-04-20 04:48:32</sourceUpdateDate>
  
  
	
  
  <contentCreationDate readOnly="true">2015-05-05 16:16:47</contentCreationDate>
  
  
	
  
  <contentUpdateDate>2017-07-28 09:20:28</contentUpdateDate>
  
  
	
  
  <lastUpdateDate readOnly="true">2018-05-03 11:45:43</lastUpdateDate>
  
  
	
  
  <relations>
    
    
		
    
    <associations>
      
      
			
      
      <call type="relatedCall">
        
        
				
			
					
        
        <rcn>676</rcn>
        
        
					
        
        <title>H2020-SPIRE-2014</title>
        
        
					
        
        <identifier>H2020-SPIRE-2014</identifier>
        
        
				
      
      </call>
      
      
			
      
      <organization ecContribution="73375" order="2" terminated="false" type="participant">
        
        
				
			
					
        
        <availableLanguages readOnly="true">en</availableLanguages>
        
        
					
        
        <rcn>1905558</rcn>
        
        
					
        
        <id>999977172</id>
        
        
					
        
        <vatNumber>GB823847609</vatNumber>
        
        
					
        
        <legalName>THE CHANCELLOR MASTERS AND SCHOLARS OF THE UNIVERSITY OF CAMBRIDGE</legalName>
        
        
					
        
        <shortName>UCAM</shortName>
        
        
					
        
        <address>
          
          
						
          
          <street>TRINITY LANE THE OLD SCHOOLS</street>
          
          
						
          
          <city>CAMBRIDGE</city>
          
          
						
          
          <postalCode>CB2 1TN</postalCode>
          
          
						
          
          <country>UK</country>
          
          
						
          
          <postBox>N/A</postBox>
          
          
						
          
          <url>www.cam.ac.uk</url>
          
          
					
        
        </address>
        
        
					
        
        <departmentName>Cambridge Research Office</departmentName>
        
        
					
        
        <relations>
          
          
						
          
          <categories>
            
            
							
            
            <category classification="organizationActivityType" type="relatedOrganizationActivityType">
              
              
								
              
              <availableLanguages readOnly="true">en</availableLanguages>
              
              
								
              
              <code>/HES</code>
              
              
								
              
              <title>Higher or Secondary Education Establishments</title>
              
              
								
							
            
            </category>
            
            
						
          
          </categories>
          
          
						
          
          <regions>
            
            
							
            
            <region type="relatedRegion">
              
              
								
							
									
              
              <name>United Kingdom</name>
              
              
									
              
              <nutsCode>UK</nutsCode>
              
              
									
              
              <euCode>UK</euCode>
              
              
									
              
              <isoCode>GB</isoCode>
              
              
									
              
              <rcn>508725800</rcn>
              
              
								
            
            </region>
            
            
						
          
          </regions>
          
          
					
        
        </relations>
        
        
				
      
      </organization>
      
      
			
      
      <organization ecContribution="60000" order="3" terminated="false" type="participant">
        
        
				
			
					
        
        <availableLanguages readOnly="true">en</availableLanguages>
        
        
					
        
        <rcn>1905551</rcn>
        
        
					
        
        <id>999903840</id>
        
        
					
        
        <vatNumber>GB849738956</vatNumber>
        
        
					
        
        <legalName>THE UNIVERSITY OF MANCHESTER</legalName>
        
        
					
        
        <shortName>UMAN</shortName>
        
        
					
        
        <address>
          
          
						
          
          <street>OXFORD ROAD</street>
          
          
						
          
          <city>MANCHESTER</city>
          
          
						
          
          <postalCode>M13 9PL</postalCode>
          
          
						
          
          <country>UK</country>
          
          
						
          
          <postBox>N/A</postBox>
          
          
						
          
          <url>www.manchester.ac.uk</url>
          
          
					
        
        </address>
        
        
					
        
        <departmentName>EU Funding and Development</departmentName>
        
        
					
        
        <relations>
          
          
						
          
          <categories>
            
            
							
            
            <category classification="organizationActivityType" type="relatedOrganizationActivityType">
              
              
								
              
              <availableLanguages readOnly="true">en</availableLanguages>
              
              
								
              
              <code>/HES</code>
              
              
								
              
              <title>Higher or Secondary Education Establishments</title>
              
              
								
							
            
            </category>
            
            
						
          
          </categories>
          
          
						
          
          <regions>
            
            
							
            
            <region type="relatedRegion">
              
              
								
							
									
              
              <name>United Kingdom</name>
              
              
									
              
              <nutsCode>UK</nutsCode>
              
              
									
              
              <euCode>UK</euCode>
              
              
									
              
              <isoCode>GB</isoCode>
              
              
									
              
              <rcn>508725800</rcn>
              
              
								
            
            </region>
            
            
						
          
          </regions>
          
          
					
        
        </relations>
        
        
				
      
      </organization>
      
      
			
      
      <organization ecContribution="73537.5" order="5" terminated="false" type="participant">
        
        
				
			
					
        
        <availableLanguages readOnly="true">en</availableLanguages>
        
        
					
        
        <rcn>1906194</rcn>
        
        
					
        
        <id>999986096</id>
        
        
					
        
        <vatNumber>BE0248015142</vatNumber>
        
        
					
        
        <legalName>UNIVERSITEIT GENT</legalName>
        
        
					
        
        <shortName>UGENT</shortName>
        
        
					
        
        <address>
          
          
						
          
          <street>SINT PIETERSNIEUWSTRAAT 25</street>
          
          
						
          
          <city>GENT</city>
          
          
						
          
          <postalCode>9000</postalCode>
          
          
						
          
          <country>BE</country>
          
          
						
          
          <postBox>000</postBox>
          
          
						
          
          <url>http://www.ugent.be</url>
          
          
					
        
        </address>
        
        
					
        
        <departmentName>D</departmentName>
        
        
					
        
        <relations>
          
          
						
          
          <categories>
            
            
							
            
            <category classification="organizationActivityType" type="relatedOrganizationActivityType">
              
              
								
              
              <availableLanguages readOnly="true">en</availableLanguages>
              
              
								
              
              <code>/HES</code>
              
              
								
              
              <title>Higher or Secondary Education Establishments</title>
              
              
								
							
            
            </category>
            
            
						
          
          </categories>
          
          
						
          
          <regions>
            
            
							
            
            <region type="relatedRegion">
              
              
								
							
									
              
              <name>Belgium</name>
              
              
									
              
              <nutsCode>BE</nutsCode>
              
              
									
              
              <euCode>BE</euCode>
              
              
									
              
              <isoCode>BE</isoCode>
              
              
									
              
              <rcn>188385832</rcn>
              
              
								
            
            </region>
            
            
						
          
          </regions>
          
          
					
        
        </relations>
        
        
				
      
      </organization>
      
      
			
      
      <organization ecContribution="34015.64" order="9" terminated="false" type="participant">
        
        
				
			
					
        
        <availableLanguages readOnly="true">en</availableLanguages>
        
        
					
        
        <rcn>2496987</rcn>
        
        
					
        
        <id>927701696</id>
        
        
					
        
        <vatNumber>DE274722502</vatNumber>
        
        
					
        
        <legalName>EVONIK CREAVIS GMBH</legalName>
        
        
					
        
        <shortName>ECr</shortName>
        
        
					
        
        <address>
          
          
						
          
          <street>RELLINGHAUSER STRASSE 1-11</street>
          
          
						
          
          <city>ESSEN</city>
          
          
						
          
          <postalCode>45128</postalCode>
          
          
						
          
          <country>DE</country>
          
          
						
          
          <url>www.evonik.com</url>
          
          
					
        
        </address>
        
        
					
        
        <relations>
          
          
						
          
          <categories>
            
            
							
            
            <category classification="organizationActivityType" type="relatedOrganizationActivityType">
              
              
								
              
              <availableLanguages readOnly="true">en</availableLanguages>
              
              
								
              
              <code>/PRC</code>
              
              
								
              
              <title>Private for-profit entities (excluding Higher or Secondary Education Establishments)</title>
              
              
								
							
            
            </category>
            
            
						
          
          </categories>
          
          
						
          
          <regions>
            
            
							
            
            <region type="relatedRegion">
              
              
								
							
									
              
              <name>Germany</name>
              
              
									
              
              <nutsCode>DE</nutsCode>
              
              
									
              
              <euCode>DE</euCode>
              
              
									
              
              <isoCode>DE</isoCode>
              
              
									
              
              <rcn>221940264</rcn>
              
              
								
            
            </region>
            
            
						
          
          </regions>
          
          
					
        
        </relations>
        
        
				
      
      </organization>
      
      
			
      
      <organization ecContribution="20984.36" order="6" terminated="true" type="participant">
        
        
				
			
					
        
        <availableLanguages readOnly="true">en</availableLanguages>
        
        
					
        
        <rcn>1907602</rcn>
        
        
					
        
        <id>962748475</id>
        
        
					
        
        <vatNumber>DE811160003</vatNumber>
        
        
					
        
        <legalName>EVONIK INDUSTRIES AG</legalName>
        
        
					
        
        <shortName>EvI</shortName>
        
        
					
        
        <address>
          
          
						
          
          <street>RELLINGHAUSER STRASSE  1-11</street>
          
          
						
          
          <city>ESSEN</city>
          
          
						
          
          <postalCode>45128</postalCode>
          
          
						
          
          <country>DE</country>
          
          
						
          
          <url>www.evonik.com</url>
          
          
					
        
        </address>
        
        
					
        
        <departmentName>CI-IPM-IA</departmentName>
        
        
					
        
        <relations>
          
          
						
          
          <categories>
            
            
							
            
            <category classification="organizationActivityType" type="relatedOrganizationActivityType">
              
              
								
              
              <availableLanguages readOnly="true">en</availableLanguages>
              
              
								
              
              <code>/PRC</code>
              
              
								
              
              <title>Private for-profit entities (excluding Higher or Secondary Education Establishments)</title>
              
              
								
							
            
            </category>
            
            
						
          
          </categories>
          
          
						
          
          <regions>
            
            
							
            
            <region type="relatedRegion">
              
              
								
							
									
              
              <name>Germany</name>
              
              
									
              
              <nutsCode>DE</nutsCode>
              
              
									
              
              <euCode>DE</euCode>
              
              
									
              
              <isoCode>DE</isoCode>
              
              
									
              
              <rcn>221940264</rcn>
              
              
								
            
            </region>
            
            
						
          
          </regions>
          
          
					
        
        </relations>
        
        
				
      
      </organization>
      
      
			
      
      <organization ecContribution="70000" order="4" terminated="false" type="participant">
        
        
				
			
					
        
        <availableLanguages readOnly="true">en</availableLanguages>
        
        
					
        
        <rcn>1905653</rcn>
        
        
					
        
        <id>999986678</id>
        
        
					
        
        <vatNumber>DE811231089</vatNumber>
        
        
					
        
        <legalName>TECHNISCHE UNIVERSITAET BERLIN</legalName>
        
        
					
        
        <shortName>TUB</shortName>
        
        
					
        
        <address>
          
          
						
          
          <street>STRASSE DES 17 JUNI 135</street>
          
          
						
          
          <city>BERLIN</city>
          
          
						
          
          <postalCode>10623</postalCode>
          
          
						
          
          <country>DE</country>
          
          
						
          
          <postBox>000</postBox>
          
          
						
          
          <url>www.tu-berlin.de</url>
          
          
					
        
        </address>
        
        
					
        
        <departmentName>Chancelor</departmentName>
        
        
					
        
        <departmentName>Dept. V Research (Kanzlerbuero</departmentName>
        
        
					
        
        <departmentName>Abt. V Forschung)</departmentName>
        
        
					
        
        <relations>
          
          
						
          
          <categories>
            
            
							
            
            <category classification="organizationActivityType" type="relatedOrganizationActivityType">
              
              
								
              
              <availableLanguages readOnly="true">en</availableLanguages>
              
              
								
              
              <code>/HES</code>
              
              
								
              
              <title>Higher or Secondary Education Establishments</title>
              
              
								
							
            
            </category>
            
            
						
          
          </categories>
          
          
						
          
          <regions>
            
            
							
            
            <region type="relatedRegion">
              
              
								
							
									
              
              <name>Germany</name>
              
              
									
              
              <nutsCode>DE</nutsCode>
              
              
									
              
              <euCode>DE</euCode>
              
              
									
              
              <isoCode>DE</isoCode>
              
              
									
              
              <rcn>221940264</rcn>
              
              
								
            
            </region>
            
            
						
          
          </regions>
          
          
					
        
        </relations>
        
        
				
      
      </organization>
      
      
			
      
      <organization ecContribution="99962.5" order="1" terminated="false" type="coordinator">
        
        
				
			
					
        
        <availableLanguages readOnly="true">en</availableLanguages>
        
        
					
        
        <rcn>1910253</rcn>
        
        
					
        
        <id>999868726</id>
        
        
					
        
        <vatNumber>DE150546536</vatNumber>
        
        
					
        
        <legalName>FRIEDRICH-SCHILLER-UNIVERSITAT JENA</legalName>
        
        
					
        
        <shortName>FSU JENA</shortName>
        
        
					
        
        <address>
          
          
						
          
          <street>FURSTENGRABEN 1</street>
          
          
						
          
          <city>JENA</city>
          
          
						
          
          <postalCode>07743</postalCode>
          
          
						
          
          <country>DE</country>
          
          
						
          
          <postBox>PF 07740</postBox>
          
          
						
          
          <url>www.uni-jena.de</url>
          
          
					
        
        </address>
        
        
					
        
        <relations>
          
          
						
          
          <categories>
            
            
							
            
            <category classification="organizationActivityType" type="relatedOrganizationActivityType">
              
              
								
              
              <availableLanguages readOnly="true">en</availableLanguages>
              
              
								
              
              <code>/HES</code>
              
              
								
              
              <title>Higher or Secondary Education Establishments</title>
              
              
								
							
            
            </category>
            
            
						
          
          </categories>
          
          
						
          
          <regions>
            
            
							
            
            <region type="relatedRegion">
              
              
								
							
									
              
              <name>Germany</name>
              
              
									
              
              <nutsCode>DE</nutsCode>
              
              
									
              
              <euCode>DE</euCode>
              
              
									
              
              <isoCode>DE</isoCode>
              
              
									
              
              <rcn>221940264</rcn>
              
              
								
            
            </region>
            
            
						
          
          </regions>
          
          
					
        
        </relations>
        
        
				
      
      </organization>
      
      
			
      
      <organization ecContribution="38000" order="7" terminated="false" type="participant">
        
        
				
			
					
        
        <availableLanguages readOnly="true">en</availableLanguages>
        
        
					
        
        <rcn>1913149</rcn>
        
        
					
        
        <id>966022322</id>
        
        
					
        
        <vatNumber>BE0437862552</vatNumber>
        
        
					
        
        <legalName>PROCTER &amp; GAMBLE SERVICES COMPANY NV</legalName>
        
        
					
        
        <shortName>PGBS</shortName>
        
        
					
        
        <address>
          
          
						
          
          <street>TEMSELAAN 100</street>
          
          
						
          
          <city>STROMBEEK BEVER</city>
          
          
						
          
          <postalCode>1853</postalCode>
          
          
						
          
          <country>BE</country>
          
          
						
          
          <url>www.pg.com</url>
          
          
					
        
        </address>
        
        
					
        
        <relations>
          
          
						
          
          <categories>
            
            
							
            
            <category classification="organizationActivityType" type="relatedOrganizationActivityType">
              
              
								
              
              <availableLanguages readOnly="true">en</availableLanguages>
              
              
								
              
              <code>/PRC</code>
              
              
								
              
              <title>Private for-profit entities (excluding Higher or Secondary Education Establishments)</title>
              
              
								
							
            
            </category>
            
            
						
          
          </categories>
          
          
						
          
          <regions>
            
            
							
            
            <region type="relatedRegion">
              
              
								
							
									
              
              <name>Belgium</name>
              
              
									
              
              <nutsCode>BE</nutsCode>
              
              
									
              
              <euCode>BE</euCode>
              
              
									
              
              <isoCode>BE</isoCode>
              
              
									
              
              <rcn>188385832</rcn>
              
              
								
            
            </region>
            
            
						
          
          </regions>
          
          
					
        
        </relations>
        
        
				
      
      </organization>
      
      
			
      
      <organization ecContribution="30000" order="8" terminated="false" type="participant">
        
        
				
			
					
        
        <availableLanguages readOnly="true">en</availableLanguages>
        
        
					
        
        <rcn>1910021</rcn>
        
        
					
        
        <id>999918584</id>
        
        
					
        
        <vatNumber>DE812178585</vatNumber>
        
        
					
        
        <legalName>THYSSENKRUPP STEEL EUROPE AG</legalName>
        
        
					
        
        <shortName>TKSE</shortName>
        
        
					
        
        <address>
          
          
						
          
          <street>KAISER WILHELM STRASSE  100</street>
          
          
						
          
          <city>DUISBURG</city>
          
          
						
          
          <postalCode>47166</postalCode>
          
          
						
          
          <country>DE</country>
          
          
						
          
          <url>www.thyssenkrupp-steel-europe.com</url>
          
          
					
        
        </address>
        
        
					
        
        <relations>
          
          
						
          
          <categories>
            
            
							
            
            <category classification="organizationActivityType" type="relatedOrganizationActivityType">
              
              
								
              
              <availableLanguages readOnly="true">en</availableLanguages>
              
              
								
              
              <code>/PRC</code>
              
              
								
              
              <title>Private for-profit entities (excluding Higher or Secondary Education Establishments)</title>
              
              
								
							
            
            </category>
            
            
						
          
          </categories>
          
          
						
          
          <regions>
            
            
							
            
            <region type="relatedRegion">
              
              
								
							
									
              
              <name>Germany</name>
              
              
									
              
              <nutsCode>DE</nutsCode>
              
              
									
              
              <euCode>DE</euCode>
              
              
									
              
              <isoCode>DE</isoCode>
              
              
									
              
              <rcn>221940264</rcn>
              
              
								
            
            </region>
            
            
						
          
          </regions>
          
          
					
        
        </relations>
        
        
				
      
      </organization>
      
      
			
      
      <programme type="relatedProgramme">
        
        
				
			
					
        
        <availableLanguages readOnly="true">de,en,es,fr,it,pl</availableLanguages>
        
        
					
        
        <rcn>664203</rcn>
        
        
					
        
        <code>H2020-EU.2.1.5.3.</code>
        
        
					
        
        <frameworkProgramme>H2020</frameworkProgramme>
        
        
					
        
        <pga>H2020-EU.2.1.5.3.</pga>
        
        
					
        
        <title>Sustainable, resource-efficient and low-carbon technologies in energy-intensive process industries</title>
        
        
					
        
        <shortTitle>Sustainable, resource-efficient and low-carbon technologies in energy-intensive process industries</shortTitle>
        
        
					
        
        <parent>
          
          
						
          
          <programme>
            
            
							
            
            <rcn>664197</rcn>
            
            
							
            
            <code>H2020-EU.2.1.5.</code>
            
            
							
            
            <parent>
              
              
								
              
              <programme>
                
                
									
                
                <rcn>664145</rcn>
                
                
									
                
                <code>H2020-EU.2.1.</code>
                
                
									
                
                <parent>
                  
                  
										
                  
                  <programme>
                    
                    
											
                    
                    <rcn>664143</rcn>
                    
                    
											
                    
                    <code>H2020-EU.2.</code>
                    
                    
											
                    
                    <parent>
                      
                      
												
                      
                      <programme>
                        
                        
													
                        
                        <rcn>664087</rcn>
                        
                        
													
                        
                        <code>H2020-EC</code>
                        
                        
													
                        
                        <parent>
                          
                          
														
                          
                          <programme>
                            
                            
															
                            
                            <rcn>664086</rcn>
                            
                            
															
                            
                            <code>H2020</code>
                            
                            
														
                          
                          </programme>
                          
                          
													
                        
                        </parent>
                        
                        
												
                      
                      </programme>
                      
                      
											
                    
                    </parent>
                    
                    
										
                  
                  </programme>
                  
                  
									
                
                </parent>
                
                
								
              
              </programme>
              
              
							
            
            </parent>
            
            
						
          
          </programme>
          
          
					
        
        </parent>
        
        
				
      
      </programme>
      
      
			
      
      <programme type="relatedSubProgramme">
        
        
				
			
					
        
        <availableLanguages readOnly="true">en</availableLanguages>
        
        
					
        
        <rcn>665065</rcn>
        
        
					
        
        <code>SPIRE-04-2014</code>
        
        
					
        
        <frameworkProgramme>H2020-Topics</frameworkProgramme>
        
        
					
        
        <title>Methodologies, tools and indicators for cross-sectorial sustainability assessment of energy and resource efficient solutions in the process industry</title>
        
        
					
        
        <parent>
          
          
						
          
          <programme>
            
            
							
            
            <rcn>20200</rcn>
            
            
							
            
            <code>H2020-Topics</code>
            
            
						
          
          </programme>
          
          
					
        
        </parent>
        
        
				
      
      </programme>
      
      
			
      
      <result source="corda" type="relatedResult">
        
        
				
			
					
        
        <availableLanguages readOnly="true">en</availableLanguages>
        
        
					
        
        <rcn>225214</rcn>
        
        
					
        
        <title>Teaching material</title>
        
        
					
        
        <description>Teaching material for standardised training course on sustainability analysis in process industry.</description>
        
        
					
        
        <contentUpdateDate>2018-04-12 12:11:30</contentUpdateDate>
        
        
					
        
        <relations>
          
          
						
          
          <categories>
            
            
							
            
            <category classification="collection" type="belongsTo">
              
              
								
              
              <availableLanguages readOnly="true">de,en,es,fr,it,pl</availableLanguages>
              
              
								
              
              <code>/deliverable</code>
              
              
								
              
              <title>Project deliverable</title>
              
              
								
							
            
            </category>
            
            
							
            
            <category classification="deliverableType" type="isDeliveredAs">
              
              
								
              
              <availableLanguages readOnly="true">de,en,es,fr,it,pl</availableLanguages>
              
              
								
              
              <code>/R</code>
              
              
								
              
              <title>Document, report</title>
              
              
								
							
            
            </category>
            
            
							
            
            <category classification="source" type="isProvidedBy">
              
              
								
              
              <availableLanguages readOnly="true">de,en,es,fr,it,pl</availableLanguages>
              
              
								
              
              <code>/corda</code>
              
              
								
              
              <title>CORDA</title>
              
              
								
							
            
            </category>
            
            
						
          
          </categories>
          
          
						
          
          <associations>
            
            
							
            
            <webLink source="corda" type="projectDeliverable">
              
              
								
							
									
              
              <language>en</language>
              
              
									
              
              <availableLanguages readOnly="true">en</availableLanguages>
              
              
									
              
              <url>https://www.ec.europa.eu/research/participants/documents/downloadPublic?documentIds=080166e5a7a64f7c&amp;appId=PPGMS</url>
              
              
									
              
              <content>Documents download module Documents download module Document download Dear user, the requested document Attachment_0 is being prepared for download. Once the download is completed you may close this window by clicking on the close button. Close © European Commission  2018  - Documents download module - Version 2.6.0 - Build 20180216-0915</content>
              
              
								
            
            </webLink>
            
            
						
          
          </associations>
          
          
					
        
        </relations>
        
        
				
      
      </result>
      
      
			
      
      <result source="corda" type="relatedResult">
        
        
				
			
					
        
        <availableLanguages readOnly="true">en</availableLanguages>
        
        
					
        
        <rcn>225217</rcn>
        
        
					
        
        <title>Roadmap for Sustainability Assessment in European Process Industries</title>
        
        
					
        
        <details>
          
          
						
          
          <authors>D. Kralisch, N. Minkov, A. Manent, E. Rother, L. Mohr, D. Schowanek, S.  Sfez, A. Lapkin, M. Jones, S. De Meester, W. De Soete, J. Dewulf, V. Bach, M. Finkbeiner, P. Weyell, P. Yaseneva, H. Jeswani, A.  Azapagic, G. Vanhoof</authors>
          
          
						
          
          <journalTitle />
          
          
						
          
          <journalNumber />
          
          
						
          
          <publisher>Friedrich-Schiller-University</publisher>
          
          
						
          
          <publishedYear>2016</publishedYear>
          
          
						
          
          <publishedPages />
          
          
					
        
        </details>
        
        
					
        
        <contentUpdateDate>2018-04-12 12:12:01</contentUpdateDate>
        
        
					
        
        <relations>
          
          
						
          
          <categories>
            
            
							
            
            <category classification="collection" type="belongsTo">
              
              
								
              
              <availableLanguages readOnly="true">de,en,es,fr,it,pl</availableLanguages>
              
              
								
              
              <code>/publication</code>
              
              
								
              
              <title>Project publication</title>
              
              
								
							
            
            </category>
            
            
							
            
            <category classification="projectPublication" type="isPublishedAs">
              
              
								
              
              <availableLanguages readOnly="true">de,en,es,fr,it,pl</availableLanguages>
              
              
								
              
              <code>/OTHER</code>
              
              
								
              
              <title>Other</title>
              
              
								
							
            
            </category>
            
            
							
            
            <category classification="source" type="isProvidedBy">
              
              
								
              
              <availableLanguages readOnly="true">de,en,es,fr,it,pl</availableLanguages>
              
              
								
              
              <code>/corda</code>
              
              
								
              
              <title>CORDA</title>
              
              
								
							
            
            </category>
            
            
						
          
          </categories>
          
          
					
        
        </relations>
        
        
				
      
      </result>
      
      
			
      
      <result type="relatedResult">
        
        
				
			
					
        
        <availableLanguages readOnly="true">en</availableLanguages>
        
        
					
        
        <rcn>190312</rcn>
        
        
					
        
        <title>Periodic Reporting for period 1 - MEASURE (Metrics for Sustainability Assessment in European Process Industries)</title>
        
        
					
        
        <teaser>Challenges in Today´s Sustainability Implementation in European Process IndustriesThe European process industry has to defend its technological leadership in faster changing markets and increasing competition. Thus, the factories of the future need to be highly energy and raw...</teaser>
        
        
					
        
        <description>periodic</description>
        
        
					
        
        <contentUpdateDate>2016-11-14 12:31:16</contentUpdateDate>
        
        
					
        
        <relations>
          
          
						
          
          <categories>
            
            
							
            
            <category classification="collection" type="belongsTo">
              
              
								
              
              <availableLanguages readOnly="true">de,en,es,fr,it,pl</availableLanguages>
              
              
								
              
              <code>/pubsum</code>
              
              
								
              
              <title>Report Summary</title>
              
              
								
							
            
            </category>
            
            
							
            
            <category classification="resultCategory" type="relatedResultCategory">
              
              
								
              
              <availableLanguages readOnly="true">en</availableLanguages>
              
              
								
              
              <code>/report</code>
              
              
								
              
              <title>Report summary</title>
              
              
								
							
            
            </category>
            
            
							
            
            <category classification="source" type="isProvidedBy">
              
              
								
              
              <availableLanguages readOnly="true">de,en,es,fr,it,pl</availableLanguages>
              
              
								
              
              <code>/corda</code>
              
              
								
              
              <title>CORDA</title>
              
              
								
							
            
            </category>
            
            
						
          
          </categories>
          
          
						
          
          <associations>
            
            
							
            
            <webItem source="corda" type="relatedResultAttachment">
              
              
								
							
									
              
              <language>en</language>
              
              
									
              
              <availableLanguages readOnly="true">en,any</availableLanguages>
              
              
									
              
              <uri>/docs/results/h2020/636/636816_PS/impression-from-1st-measure-workshop-s.jpg</uri>
              
              
									
              
              <alternativeText>Impression from the 1st MEASURE workshop</alternativeText>
              
              
									
              
              <mimetype readOnly="true">image/jpeg</mimetype>
              
              
									
              
              <size readOnly="true">0</size>
              
              
								
            
            </webItem>
            
            
							
            
            <webLink source="corda" type="relatedWebsite">
              
              
								
							
									
              
              <language>en</language>
              
              
									
              
              <availableLanguages readOnly="true">en</availableLanguages>
              
              
									
              
              <url>http://spire2030.eu/measure/</url>
              
              
									
              
              <content>301 Moved Permanently Moved Permanently The document has moved here.</content>
              
              
								
            
            </webLink>
            
            
						
          
          </associations>
          
          
					
        
        </relations>
        
        
				
      
      </result>
      
      
			
      
      <result source="corda" type="relatedResult">
        
        
				
			
					
        
        <availableLanguages readOnly="true">en</availableLanguages>
        
        
					
        
        <rcn>225224</rcn>
        
        
					
        
        <title>Towards sustainability in SPIRE innovation projects</title>
        
        
					
        
        <details>
          
          
						
          
          <authors>D. Kralisch, P. Weyell, S.  Sfez, M. Jones, A.  Azapagic, P. Yaseneva, A. Lapkin, W. De Soete, N. Minkov</authors>
          
          
						
          
          <journalTitle />
          
          
						
          
          <journalNumber />
          
          
						
          
          <publisher>Friedrich-Schiller-University Jena</publisher>
          
          
						
          
          <publishedYear>2016</publishedYear>
          
          
						
          
          <publishedPages />
          
          
					
        
        </details>
        
        
					
        
        <contentUpdateDate>2018-04-12 12:12:30</contentUpdateDate>
        
        
					
        
        <relations>
          
          
						
          
          <categories>
            
            
							
            
            <category classification="collection" type="belongsTo">
              
              
								
              
              <availableLanguages readOnly="true">de,en,es,fr,it,pl</availableLanguages>
              
              
								
              
              <code>/publication</code>
              
              
								
              
              <title>Project publication</title>
              
              
								
							
            
            </category>
            
            
							
            
            <category classification="projectPublication" type="isPublishedAs">
              
              
								
              
              <availableLanguages readOnly="true">de,en,es,fr,it,pl</availableLanguages>
              
              
								
              
              <code>/OTHER</code>
              
              
								
              
              <title>Other</title>
              
              
								
							
            
            </category>
            
            
							
            
            <category classification="source" type="isProvidedBy">
              
              
								
              
              <availableLanguages readOnly="true">de,en,es,fr,it,pl</availableLanguages>
              
              
								
              
              <code>/corda</code>
              
              
								
              
              <title>CORDA</title>
              
              
								
							
            
            </category>
            
            
						
          
          </categories>
          
          
					
        
        </relations>
        
        
				
      
      </result>
      
      
			
      
      <result source="corda" type="relatedResult">
        
        
				
			
					
        
        <availableLanguages readOnly="true">en</availableLanguages>
        
        
					
        
        <rcn>225223</rcn>
        
        
					
        
        <title>Sector report: waste</title>
        
        
					
        
        <details>
          
          
						
          
          <authors>S.  Sfez, S. De Meester, J. Dewulf, H. Jeswani, A.  Azapagic</authors>
          
          
						
          
          <journalTitle />
          
          
						
          
          <journalNumber />
          
          
						
          
          <publisher>Friedrich-Schiller-University Jena</publisher>
          
          
						
          
          <publishedYear>2016</publishedYear>
          
          
						
          
          <publishedPages />
          
          
					
        
        </details>
        
        
					
        
        <contentUpdateDate>2018-04-12 12:12:26</contentUpdateDate>
        
        
					
        
        <relations>
          
          
						
          
          <categories>
            
            
							
            
            <category classification="collection" type="belongsTo">
              
              
								
              
              <availableLanguages readOnly="true">de,en,es,fr,it,pl</availableLanguages>
              
              
								
              
              <code>/publication</code>
              
              
								
              
              <title>Project publication</title>
              
              
								
							
            
            </category>
            
            
							
            
            <category classification="projectPublication" type="isPublishedAs">
              
              
								
              
              <availableLanguages readOnly="true">de,en,es,fr,it,pl</availableLanguages>
              
              
								
              
              <code>/OTHER</code>
              
              
								
              
              <title>Other</title>
              
              
								
							
            
            </category>
            
            
							
            
            <category classification="source" type="isProvidedBy">
              
              
								
              
              <availableLanguages readOnly="true">de,en,es,fr,it,pl</availableLanguages>
              
              
								
              
              <code>/corda</code>
              
              
								
              
              <title>CORDA</title>
              
              
								
							
            
            </category>
            
            
						
          
          </categories>
          
          
					
        
        </relations>
        
        
				
      
      </result>
      
      
			
      
      <result source="corda" type="relatedResult">
        
        
				
			
					
        
        <availableLanguages readOnly="true">en</availableLanguages>
        
        
					
        
        <rcn>225220</rcn>
        
        
					
        
        <title>Current state in resource efficiency evaluation</title>
        
        
					
        
        <details>
          
          
						
          
          <authors>S. Sfez, J. Dewulf, S. De Meester, V. Bach, N. Minkov</authors>
          
          
						
          
          <journalTitle />
          
          
						
          
          <journalNumber />
          
          
						
          
          <publisher>Freidrich-Schiller-University Jena</publisher>
          
          
						
          
          <publishedYear>2016</publishedYear>
          
          
						
          
          <publishedPages />
          
          
					
        
        </details>
        
        
					
        
        <contentUpdateDate>2018-04-12 12:12:16</contentUpdateDate>
        
        
					
        
        <relations>
          
          
						
          
          <categories>
            
            
							
            
            <category classification="collection" type="belongsTo">
              
              
								
              
              <availableLanguages readOnly="true">de,en,es,fr,it,pl</availableLanguages>
              
              
								
              
              <code>/publication</code>
              
              
								
              
              <title>Project publication</title>
              
              
								
							
            
            </category>
            
            
							
            
            <category classification="projectPublication" type="isPublishedAs">
              
              
								
              
              <availableLanguages readOnly="true">de,en,es,fr,it,pl</availableLanguages>
              
              
								
              
              <code>/OTHER</code>
              
              
								
              
              <title>Other</title>
              
              
								
							
            
            </category>
            
            
							
            
            <category classification="source" type="isProvidedBy">
              
              
								
              
              <availableLanguages readOnly="true">de,en,es,fr,it,pl</availableLanguages>
              
              
								
              
              <code>/corda</code>
              
              
								
              
              <title>CORDA</title>
              
              
								
							
            
            </category>
            
            
						
          
          </categories>
          
          
					
        
        </relations>
        
        
				
      
      </result>
      
      
			
      
      <result source="corda" type="relatedResult">
        
        
				
			
					
        
        <availableLanguages readOnly="true">en</availableLanguages>
        
        
					
        
        <rcn>225221</rcn>
        
        
					
        
        <title>Sector report: chemistry and FMCGs</title>
        
        
					
        
        <details>
          
          
						
          
          <authors>A. Manent, E. Rother, D. Schowanek, G. Vanhoof, P. Weyell, D. Kralisch</authors>
          
          
						
          
          <journalTitle />
          
          
						
          
          <journalNumber />
          
          
						
          
          <publisher>Friedrich-Schiller-University Jena</publisher>
          
          
						
          
          <publishedYear>2016</publishedYear>
          
          
						
          
          <publishedPages />
          
          
					
        
        </details>
        
        
					
        
        <contentUpdateDate>2018-04-12 12:12:19</contentUpdateDate>
        
        
					
        
        <relations>
          
          
						
          
          <categories>
            
            
							
            
            <category classification="collection" type="belongsTo">
              
              
								
              
              <availableLanguages readOnly="true">de,en,es,fr,it,pl</availableLanguages>
              
              
								
              
              <code>/publication</code>
              
              
								
              
              <title>Project publication</title>
              
              
								
							
            
            </category>
            
            
							
            
            <category classification="projectPublication" type="isPublishedAs">
              
              
								
              
              <availableLanguages readOnly="true">de,en,es,fr,it,pl</availableLanguages>
              
              
								
              
              <code>/OTHER</code>
              
              
								
              
              <title>Other</title>
              
              
								
							
            
            </category>
            
            
							
            
            <category classification="source" type="isProvidedBy">
              
              
								
              
              <availableLanguages readOnly="true">de,en,es,fr,it,pl</availableLanguages>
              
              
								
              
              <code>/corda</code>
              
              
								
              
              <title>CORDA</title>
              
              
								
							
            
            </category>
            
            
						
          
          </categories>
          
          
					
        
        </relations>
        
        
				
      
      </result>
      
      
			
      
      <result source="corda" type="relatedResult">
        
        
				
			
					
        
        <availableLanguages readOnly="true">en</availableLanguages>
        
        
					
        
        <rcn>225213</rcn>
        
        
					
        
        <title>Newsletter</title>
        
        
					
        
        <description>Dissemination of MEASURE newsletter to the public.</description>
        
        
					
        
        <contentUpdateDate>2018-04-12 12:11:25</contentUpdateDate>
        
        
					
        
        <relations>
          
          
						
          
          <categories>
            
            
							
            
            <category classification="collection" type="belongsTo">
              
              
								
              
              <availableLanguages readOnly="true">de,en,es,fr,it,pl</availableLanguages>
              
              
								
              
              <code>/deliverable</code>
              
              
								
              
              <title>Project deliverable</title>
              
              
								
							
            
            </category>
            
            
							
            
            <category classification="deliverableType" type="isDeliveredAs">
              
              
								
              
              <availableLanguages readOnly="true">de,en,es,fr,it,pl</availableLanguages>
              
              
								
              
              <code>/DEC</code>
              
              
								
              
              <title>Websites, patent fillings, videos etc.</title>
              
              
								
							
            
            </category>
            
            
							
            
            <category classification="source" type="isProvidedBy">
              
              
								
              
              <availableLanguages readOnly="true">de,en,es,fr,it,pl</availableLanguages>
              
              
								
              
              <code>/corda</code>
              
              
								
              
              <title>CORDA</title>
              
              
								
							
            
            </category>
            
            
						
          
          </categories>
          
          
						
          
          <associations>
            
            
							
            
            <webLink source="corda" type="projectDeliverable">
              
              
								
							
									
              
              <language>en</language>
              
              
									
              
              <availableLanguages readOnly="true">en</availableLanguages>
              
              
									
              
              <url>https://www.ec.europa.eu/research/participants/documents/downloadPublic?documentIds=080166e5a43a4e54&amp;appId=PPGMS</url>
              
              
									
              
              <content>Documents download module Documents download module Document download Dear user, the requested document Attachment_0 is being prepared for download. Once the download is completed you may close this window by clicking on the close button. Close © European Commission  2018  - Documents download module - Version 2.6.0 - Build 20180216-0915</content>
              
              
								
            
            </webLink>
            
            
						
          
          </associations>
          
          
					
        
        </relations>
        
        
				
      
      </result>
      
      
			
      
      <result source="corda" type="relatedResult">
        
        
				
			
					
        
        <availableLanguages readOnly="true">en</availableLanguages>
        
        
					
        
        <rcn>225216</rcn>
        
        
					
        
        <title>Website</title>
        
        
					
        
        <description>Set-up of public MEASURE website.</description>
        
        
					
        
        <contentUpdateDate>2018-04-12 12:11:53</contentUpdateDate>
        
        
					
        
        <relations>
          
          
						
          
          <categories>
            
            
							
            
            <category classification="collection" type="belongsTo">
              
              
								
              
              <availableLanguages readOnly="true">de,en,es,fr,it,pl</availableLanguages>
              
              
								
              
              <code>/deliverable</code>
              
              
								
              
              <title>Project deliverable</title>
              
              
								
							
            
            </category>
            
            
							
            
            <category classification="deliverableType" type="isDeliveredAs">
              
              
								
              
              <availableLanguages readOnly="true">de,en,es,fr,it,pl</availableLanguages>
              
              
								
              
              <code>/DEC</code>
              
              
								
              
              <title>Websites, patent fillings, videos etc.</title>
              
              
								
							
            
            </category>
            
            
							
            
            <category classification="source" type="isProvidedBy">
              
              
								
              
              <availableLanguages readOnly="true">de,en,es,fr,it,pl</availableLanguages>
              
              
								
              
              <code>/corda</code>
              
              
								
              
              <title>CORDA</title>
              
              
								
							
            
            </category>
            
            
						
          
          </categories>
          
          
						
          
          <associations>
            
            
							
            
            <webLink source="corda" type="projectDeliverable">
              
              
								
							
									
              
              <language>en</language>
              
              
									
              
              <availableLanguages readOnly="true">en</availableLanguages>
              
              
									
              
              <url>https://www.ec.europa.eu/research/participants/documents/downloadPublic?documentIds=080166e5a0ffa737&amp;appId=PPGMS</url>
              
              
									
              
              <content>Documents download module Documents download module Document download Dear user, the requested document Attachment_0 is being prepared for download. Once the download is completed you may close this window by clicking on the close button. Close © European Commission  2018  - Documents download module - Version 2.6.0 - Build 20180216-0915</content>
              
              
								
            
            </webLink>
            
            
						
          
          </associations>
          
          
					
        
        </relations>
        
        
				
      
      </result>
      
      
			
      
      <result source="corda" type="relatedResult">
        
        
				
			
					
        
        <availableLanguages readOnly="true">en</availableLanguages>
        
        
					
        
        <rcn>225215</rcn>
        
        
					
        
        <title>Roadmap</title>
        
        
					
        
        <description>Roadmap regarding metrics and tools for environmental, economic and social assessment in process industries provided as open access document on the MEASURE website.</description>
        
        
					
        
        <contentUpdateDate>2018-04-12 12:11:42</contentUpdateDate>
        
        
					
        
        <relations>
          
          
						
          
          <categories>
            
            
							
            
            <category classification="collection" type="belongsTo">
              
              
								
              
              <availableLanguages readOnly="true">de,en,es,fr,it,pl</availableLanguages>
              
              
								
              
              <code>/deliverable</code>
              
              
								
              
              <title>Project deliverable</title>
              
              
								
							
            
            </category>
            
            
							
            
            <category classification="deliverableType" type="isDeliveredAs">
              
              
								
              
              <availableLanguages readOnly="true">de,en,es,fr,it,pl</availableLanguages>
              
              
								
              
              <code>/R</code>
              
              
								
              
              <title>Document, report</title>
              
              
								
							
            
            </category>
            
            
							
            
            <category classification="source" type="isProvidedBy">
              
              
								
              
              <availableLanguages readOnly="true">de,en,es,fr,it,pl</availableLanguages>
              
              
								
              
              <code>/corda</code>
              
              
								
              
              <title>CORDA</title>
              
              
								
							
            
            </category>
            
            
						
          
          </categories>
          
          
						
          
          <associations>
            
            
							
            
            <webLink source="corda" type="projectDeliverable">
              
              
								
							
									
              
              <language>en</language>
              
              
									
              
              <availableLanguages readOnly="true">en</availableLanguages>
              
              
									
              
              <url>https://www.ec.europa.eu/research/participants/documents/downloadPublic?documentIds=080166e5a801b5cb&amp;appId=PPGMS</url>
              
              
									
              
              <content>Documents download module Documents download module Document download Dear user, the requested document Attachment_0 is being prepared for download. Once the download is completed you may close this window by clicking on the close button. Close © European Commission  2018  - Documents download module - Version 2.6.0 - Build 20180216-0915</content>
              
              
								
            
            </webLink>
            
            
						
          
          </associations>
          
          
					
        
        </relations>
        
        
				
      
      </result>
      
      
			
      
      <result source="corda" type="relatedResult">
        
        
				
			
					
        
        <availableLanguages readOnly="true">en</availableLanguages>
        
        
					
        
        <rcn>225222</rcn>
        
        
					
        
        <title>Sector report: metal and automotive</title>
        
        
					
        
        <details>
          
          
						
          
          <authors>L. Mohr, N. Minkov, M. Finkbeiner</authors>
          
          
						
          
          <journalTitle />
          
          
						
          
          <journalNumber />
          
          
						
          
          <publisher>Friedrich-Schiller-University Jena</publisher>
          
          
						
          
          <publishedYear>2016</publishedYear>
          
          
						
          
          <publishedPages />
          
          
					
        
        </details>
        
        
					
        
        <contentUpdateDate>2018-04-12 12:12:22</contentUpdateDate>
        
        
					
        
        <relations>
          
          
						
          
          <categories>
            
            
							
            
            <category classification="collection" type="belongsTo">
              
              
								
              
              <availableLanguages readOnly="true">de,en,es,fr,it,pl</availableLanguages>
              
              
								
              
              <code>/publication</code>
              
              
								
              
              <title>Project publication</title>
              
              
								
							
            
            </category>
            
            
							
            
            <category classification="projectPublication" type="isPublishedAs">
              
              
								
              
              <availableLanguages readOnly="true">de,en,es,fr,it,pl</availableLanguages>
              
              
								
              
              <code>/OTHER</code>
              
              
								
              
              <title>Other</title>
              
              
								
							
            
            </category>
            
            
							
            
            <category classification="source" type="isProvidedBy">
              
              
								
              
              <availableLanguages readOnly="true">de,en,es,fr,it,pl</availableLanguages>
              
              
								
              
              <code>/corda</code>
              
              
								
              
              <title>CORDA</title>
              
              
								
							
            
            </category>
            
            
						
          
          </categories>
          
          
					
        
        </relations>
        
        
				
      
      </result>
      
      
			
      
      <result source="corda" type="relatedResult">
        
        
				
			
					
        
        <availableLanguages readOnly="true">en</availableLanguages>
        
        
					
        
        <rcn>225219</rcn>
        
        
					
        
        <title>Current state in LCSA</title>
        
        
					
        
        <details>
          
          
						
          
          <authors>N. Minkov, M. Finkbeiner, S. Sfez, J. Dewulf, A. Manent, E. Rother, P. Weyell, D. Kralisch, D. Schowanek, A. Lapkin, M. Jones, A. Azapagic</authors>
          
          
						
          
          <journalTitle />
          
          
						
          
          <journalNumber />
          
          
						
          
          <publisher>Friedrich-Schiller-University Jena</publisher>
          
          
						
          
          <publishedYear>2016</publishedYear>
          
          
						
          
          <publishedPages />
          
          
					
        
        </details>
        
        
					
        
        <contentUpdateDate>2018-04-12 12:12:13</contentUpdateDate>
        
        
					
        
        <relations>
          
          
						
          
          <categories>
            
            
							
            
            <category classification="collection" type="belongsTo">
              
              
								
              
              <availableLanguages readOnly="true">de,en,es,fr,it,pl</availableLanguages>
              
              
								
              
              <code>/publication</code>
              
              
								
              
              <title>Project publication</title>
              
              
								
							
            
            </category>
            
            
							
            
            <category classification="projectPublication" type="isPublishedAs">
              
              
								
              
              <availableLanguages readOnly="true">de,en,es,fr,it,pl</availableLanguages>
              
              
								
              
              <code>/OTHER</code>
              
              
								
              
              <title>Other</title>
              
              
								
							
            
            </category>
            
            
							
            
            <category classification="source" type="isProvidedBy">
              
              
								
              
              <availableLanguages readOnly="true">de,en,es,fr,it,pl</availableLanguages>
              
              
								
              
              <code>/corda</code>
              
              
								
              
              <title>CORDA</title>
              
              
								
							
            
            </category>
            
            
						
          
          </categories>
          
          
					
        
        </relations>
        
        
				
      
      </result>
      
      
			
      
      <result source="corda" type="relatedResult">
        
        
				
			
					
        
        <availableLanguages readOnly="true">en</availableLanguages>
        
        
					
        
        <rcn>225218</rcn>
        
        
					
        
        <title>MEASURE survey results</title>
        
        
					
        
        <details>
          
          
						
          
          <authors>M. Jones, A.  Azapagic</authors>
          
          
						
          
          <journalTitle />
          
          
						
          
          <journalNumber />
          
          
						
          
          <publisher>Friedrich-Schiller-University Jena</publisher>
          
          
						
          
          <publishedYear>2016</publishedYear>
          
          
						
          
          <publishedPages />
          
          
					
        
        </details>
        
        
					
        
        <contentUpdateDate>2018-04-12 12:12:09</contentUpdateDate>
        
        
					
        
        <relations>
          
          
						
          
          <categories>
            
            
							
            
            <category classification="collection" type="belongsTo">
              
              
								
              
              <availableLanguages readOnly="true">de,en,es,fr,it,pl</availableLanguages>
              
              
								
              
              <code>/publication</code>
              
              
								
              
              <title>Project publication</title>
              
              
								
							
            
            </category>
            
            
							
            
            <category classification="projectPublication" type="isPublishedAs">
              
              
								
              
              <availableLanguages readOnly="true">de,en,es,fr,it,pl</availableLanguages>
              
              
								
              
              <code>/OTHER</code>
              
              
								
              
              <title>Other</title>
              
              
								
							
            
            </category>
            
            
							
            
            <category classification="source" type="isProvidedBy">
              
              
								
              
              <availableLanguages readOnly="true">de,en,es,fr,it,pl</availableLanguages>
              
              
								
              
              <code>/corda</code>
              
              
								
              
              <title>CORDA</title>
              
              
								
							
            
            </category>
            
            
						
          
          </categories>
          
          
					
        
        </relations>
        
        
				
      
      </result>
      
      
		
    
    </associations>
    
    
		
    
    <categories>
      
      
			
      
      <category classification="projectFundingSchemeCategory" type="relatedProjectFundingSchemeCategory">
        
        
				
        
        <availableLanguages readOnly="true">en</availableLanguages>
        
        
				
        
        <code>/CSA</code>
        
        
				
        
        <title>Coordination and support action</title>
        
        
				
			
      
      </category>
      
      
		
    
    </categories>
    
    
	
  
  </relations>
  
  
	


</project>

