<?xml version="1.0" encoding="UTF-8"?>
<project xmlns="http://cordis.europa.eu">
  
  
	
	
  
  <language>en</language>
  
  
	
  
  <availableLanguages readOnly="true">en</availableLanguages>
  
  
	
  
  <rcn>193603</rcn>
  
  
	
  
  <reference>638822</reference>
  
  
	
  
  <acronym>FIDUCEO</acronym>
  
  
	
  
  <teaser>FIDUCEO will create new climate datasets from Earth Observations with rigorous treatment of uncertainty informed by the discipline of metrology. This responds to the need for enhanced credibility for climate data, to support rigorous science, decision-making and climate...</teaser>
  
  
	
  
  <objective>FIDUCEO will create new climate datasets from Earth Observations with rigorous treatment of uncertainty informed by the discipline of metrology. This responds to the need for enhanced credibility for climate data, to support rigorous science, decision-making and climate services. Our approach is (1) to develop methodologies for generating Fundamental Climate Data Records (FCDRs) and [Thematic] Climate Data Records (CDRs) that are widely applicable and metrologically rigorous and (2) to build new FCDRs and CDRs, making them easily accessible, with complete and traceable estimates of stability and uncertainty. New tools for metrologically rigorous analysis will be created, including tools for stability analysis and ensemble creation. 

The chosen FCDRs have a length relevant to climate (&gt;20 years) and can support numerous CDRs. Selected CDRs will be generated that illustrate new capabilities (e.g. equi-probable ensembles) as well as the benefits from use of the new FCDRs, such as improved stability and traceable uncertainties. Specifically, we will create: harmonised radiances (FCDRs) for the following sensors: AVHRR, HIRS, AMSU-B/MHS and MVIRI; and geophysical datasets, with uncertainties, for: ensemble sea and lake surface temperature, tropospheric humidity, aerosol optical depth and surface albedo. All data, software tools and methods will be freely and openly accessible and will be disseminated in a variety of forms including e-learning modules. All data will be available in both a common “easy” format (for general users) and community-standard formats. FIDUCEO will liaise explicitly with relevant programmes (Copernicus Climate Change Service,  NOAA Climate Data Records programme, SCOPE-CM, re-analysis initiatives etc),  and hold with two workshops for dialogue with the user community.

By both creating valuable datasets and defining and applying rigorous new metrological methods, FIDUCEO aims for a broad and lasting impact in the field of climate data from space.</objective>
  
  
	
  
  <title>Fidelity and Uncertainty in Climate data records from Earth Observations</title>
  
  
	
  
  <totalCost>5497798.75</totalCost>
  
  
	
  
  <ecMaxContribution>5497798.5</ecMaxContribution>
  
  
	
  
  <startDate>2015-03-01</startDate>
  
  
	
  
  <endDate>2019-02-28</endDate>
  
  
	
  
  <contract>
    
    
		
    
    <duration>48</duration>
    
    
	
  
  </contract>
  
  
	
  
  <status>SIGNED</status>
  
  
	
  
  <sourceUpdateDate>2017-02-03 15:53:58</sourceUpdateDate>
  
  
	
  
  <contentCreationDate readOnly="true">2015-05-05 16:32:02</contentCreationDate>
  
  
	
  
  <contentUpdateDate>2017-01-26 19:13:00</contentUpdateDate>
  
  
	
  
  <lastUpdateDate readOnly="true">2017-02-03 15:53:58</lastUpdateDate>
  
  
	
  
  <relations>
    
    
		
    
    <associations>
      
      
			
      
      <call type="relatedCall">
        
        
				
			
					
        
        <rcn>275</rcn>
        
        
					
        
        <title>H2020-EO-2014</title>
        
        
					
        
        <identifier>H2020-EO-2014</identifier>
        
        
				
      
      </call>
      
      
			
      
      <organization ecContribution="478666" order="2" terminated="false" type="participant">
        
        
				
			
					
        
        <availableLanguages readOnly="true">en</availableLanguages>
        
        
					
        
        <rcn>1910019</rcn>
        
        
					
        
        <id>999920330</id>
        
        
					
        
        <vatNumber>GB200429166</vatNumber>
        
        
					
        
        <legalName>NPL MANAGEMENT LIMITED</legalName>
        
        
					
        
        <shortName>NPL</shortName>
        
        
					
        
        <address>
          
          
						
          
          <street>HAMPTON ROAD TEDDINGTON</street>
          
          
						
          
          <city>MIDDLESEX</city>
          
          
						
          
          <postalCode>TW11 0LW</postalCode>
          
          
						
          
          <country>UK</country>
          
          
						
          
          <postBox>000</postBox>
          
          
						
          
          <url>www.npl.co.uk</url>
          
          
					
        
        </address>
        
        
					
        
        <relations>
          
          
						
          
          <categories>
            
            
							
            
            <category classification="organizationActivityType" type="relatedOrganizationActivityType">
              
              
								
              
              <availableLanguages readOnly="true">en</availableLanguages>
              
              
								
              
              <code>/PRC</code>
              
              
								
              
              <title>Private for-profit entities (excluding Higher or Secondary Education Establishments)</title>
              
              
								
							
            
            </category>
            
            
						
          
          </categories>
          
          
						
          
          <regions>
            
            
							
            
            <region type="relatedRegion">
              
              
								
							
									
              
              <name>United Kingdom</name>
              
              
									
              
              <nutsCode>UK</nutsCode>
              
              
									
              
              <euCode>UK</euCode>
              
              
									
              
              <isoCode>GB</isoCode>
              
              
									
              
              <rcn>508725800</rcn>
              
              
								
            
            </region>
            
            
						
          
          </regions>
          
          
					
        
        </relations>
        
        
				
      
      </organization>
      
      
			
      
      <organization ecContribution="61500" order="9" terminated="false" type="participant">
        
        
				
			
					
        
        <availableLanguages readOnly="true">en</availableLanguages>
        
        
					
        
        <rcn>1910453</rcn>
        
        
					
        
        <id>953379924</id>
        
        
					
        
        <vatNumber>PT510265600</vatNumber>
        
        
					
        
        <legalName>INSTITUTO PORTUGUES DO MAR E DA ATMOSFERA IP</legalName>
        
        
					
        
        <shortName>IPMA</shortName>
        
        
					
        
        <address>
          
          
						
          
          <street>RUA C AO AEROPORTO</street>
          
          
						
          
          <city>LISBOA</city>
          
          
						
          
          <postalCode>1749 077</postalCode>
          
          
						
          
          <country>PT</country>
          
          
						
          
          <postBox>000</postBox>
          
          
						
          
          <url>www.ipma.pt</url>
          
          
					
        
        </address>
        
        
					
        
        <relations>
          
          
						
          
          <categories>
            
            
							
            
            <category classification="organizationActivityType" type="relatedOrganizationActivityType">
              
              
								
              
              <availableLanguages readOnly="true">en</availableLanguages>
              
              
								
              
              <code>/REC</code>
              
              
								
              
              <title>Research Organisations</title>
              
              
								
							
            
            </category>
            
            
						
          
          </categories>
          
          
						
          
          <regions>
            
            
							
            
            <region type="relatedRegion">
              
              
								
							
									
              
              <name>Portugal</name>
              
              
									
              
              <nutsCode>PT</nutsCode>
              
              
									
              
              <euCode>PT</euCode>
              
              
									
              
              <isoCode>PT</isoCode>
              
              
									
              
              <rcn>427199016</rcn>
              
              
								
            
            </region>
            
            
						
          
          </regions>
          
          
					
        
        </relations>
        
        
				
      
      </organization>
      
      
			
      
      <organization ecContribution="1350952.5" order="1" terminated="false" type="coordinator">
        
        
				
			
					
        
        <availableLanguages readOnly="true">en</availableLanguages>
        
        
					
        
        <rcn>1905957</rcn>
        
        
					
        
        <id>999984156</id>
        
        
					
        
        <vatNumber>GB200012659</vatNumber>
        
        
					
        
        <legalName>THE UNIVERSITY OF READING</legalName>
        
        
					
        
        <shortName>UREAD</shortName>
        
        
					
        
        <address>
          
          
						
          
          <street>WHITEKNIGHTS CAMPUS WHITEKNIGHTS HOUSE</street>
          
          
						
          
          <city>READING</city>
          
          
						
          
          <postalCode>RG6 6AH</postalCode>
          
          
						
          
          <country>UK</country>
          
          
						
          
          <postBox>217</postBox>
          
          
						
          
          <url>http://www.rdg.ac.uk</url>
          
          
					
        
        </address>
        
        
					
        
        <departmentName>Research and Enterprise</departmentName>
        
        
					
        
        <relations>
          
          
						
          
          <categories>
            
            
							
            
            <category classification="organizationActivityType" type="relatedOrganizationActivityType">
              
              
								
              
              <availableLanguages readOnly="true">en</availableLanguages>
              
              
								
              
              <code>/HES</code>
              
              
								
              
              <title>Higher or Secondary Education Establishments</title>
              
              
								
							
            
            </category>
            
            
						
          
          </categories>
          
          
						
          
          <regions>
            
            
							
            
            <region type="relatedRegion">
              
              
								
							
									
              
              <name>United Kingdom</name>
              
              
									
              
              <nutsCode>UK</nutsCode>
              
              
									
              
              <euCode>UK</euCode>
              
              
									
              
              <isoCode>GB</isoCode>
              
              
									
              
              <rcn>508725800</rcn>
              
              
								
            
            </region>
            
            
						
          
          </regions>
          
          
					
        
        </relations>
        
        
				
      
      </organization>
      
      
			
      
      <organization ecContribution="681110" order="5" terminated="false" type="participant">
        
        
				
			
					
        
        <availableLanguages readOnly="true">en</availableLanguages>
        
        
					
        
        <rcn>1907812</rcn>
        
        
					
        
        <id>999905101</id>
        
        
					
        
        <vatNumber>DE245584140</vatNumber>
        
        
					
        
        <legalName>UNIVERSITAET HAMBURG</legalName>
        
        
					
        
        <shortName>UHAM</shortName>
        
        
					
        
        <address>
          
          
						
          
          <street>MITTELWEG 177</street>
          
          
						
          
          <city>HAMBURG</city>
          
          
						
          
          <postalCode>20148</postalCode>
          
          
						
          
          <country>DE</country>
          
          
						
          
          <postBox>N/A</postBox>
          
          
						
          
          <url>http://www.uni-hamburg.de/</url>
          
          
					
        
        </address>
        
        
					
        
        <departmentName>Third Party Funds Department</departmentName>
        
        
					
        
        <relations>
          
          
						
          
          <categories>
            
            
							
            
            <category classification="organizationActivityType" type="relatedOrganizationActivityType">
              
              
								
              
              <availableLanguages readOnly="true">en</availableLanguages>
              
              
								
              
              <code>/HES</code>
              
              
								
              
              <title>Higher or Secondary Education Establishments</title>
              
              
								
							
            
            </category>
            
            
						
          
          </categories>
          
          
						
          
          <regions>
            
            
							
            
            <region type="relatedRegion">
              
              
								
							
									
              
              <name>Germany</name>
              
              
									
              
              <nutsCode>DE</nutsCode>
              
              
									
              
              <euCode>DE</euCode>
              
              
									
              
              <isoCode>DE</isoCode>
              
              
									
              
              <rcn>221940264</rcn>
              
              
								
            
            </region>
            
            
						
          
          </regions>
          
          
					
        
        </relations>
        
        
				
      
      </organization>
      
      
			
      
      <organization ecContribution="408750" order="6" terminated="false" type="participant">
        
        
				
			
					
        
        <availableLanguages readOnly="true">en</availableLanguages>
        
        
					
        
        <rcn>1916891</rcn>
        
        
					
        
        <id>984286452</id>
        
        
					
        
        <vatNumber>DE223260395</vatNumber>
        
        
					
        
        <legalName>BROCKMANN CONSULT GMBH</legalName>
        
        
					
        
        <shortName>BC</shortName>
        
        
					
        
        <address>
          
          
						
          
          <street>MAX-PLANCK-STRASSE 2</street>
          
          
						
          
          <city>GEESTHACHT</city>
          
          
						
          
          <postalCode>21502</postalCode>
          
          
						
          
          <country>DE</country>
          
          
						
          
          <url>www.brockmann-consult.de</url>
          
          
					
        
        </address>
        
        
					
        
        <relations>
          
          
						
          
          <categories>
            
            
							
            
            <category classification="organizationActivityType" type="relatedOrganizationActivityType">
              
              
								
              
              <availableLanguages readOnly="true">en</availableLanguages>
              
              
								
              
              <code>/PRC</code>
              
              
								
              
              <title>Private for-profit entities (excluding Higher or Secondary Education Establishments)</title>
              
              
								
							
            
            </category>
            
            
						
          
          </categories>
          
          
						
          
          <regions>
            
            
							
            
            <region type="relatedRegion">
              
              
								
							
									
              
              <name>Germany</name>
              
              
									
              
              <nutsCode>DE</nutsCode>
              
              
									
              
              <euCode>DE</euCode>
              
              
									
              
              <isoCode>DE</isoCode>
              
              
									
              
              <rcn>221940264</rcn>
              
              
								
            
            </region>
            
            
						
          
          </regions>
          
          
					
        
        </relations>
        
        
				
      
      </organization>
      
      
			
      
      <organization ecContribution="471750" order="8" terminated="false" type="participant">
        
        
				
			
					
        
        <availableLanguages readOnly="true">en</availableLanguages>
        
        
					
        
        <rcn>2351931</rcn>
        
        
					
        
        <id>948831400</id>
        
        
					
        
        <legalName>RAYFERENCE</legalName>
        
        
					
        
        <shortName>Govaerts Consulting</shortName>
        
        
					
        
        <address>
          
          
						
          
          <street>AVENUE PAUL DESCHANEL 247 B3</street>
          
          
						
          
          <city>BRUXELLES</city>
          
          
						
          
          <postalCode>1030</postalCode>
          
          
						
          
          <country>BE</country>
          
          
						
          
          <postBox>000</postBox>
          
          
					
        
        </address>
        
        
					
        
        <relations>
          
          
						
          
          <categories>
            
            
							
            
            <category classification="organizationActivityType" type="relatedOrganizationActivityType">
              
              
								
              
              <availableLanguages readOnly="true">en</availableLanguages>
              
              
								
              
              <code>/PRC</code>
              
              
								
              
              <title>Private for-profit entities (excluding Higher or Secondary Education Establishments)</title>
              
              
								
							
            
            </category>
            
            
						
          
          </categories>
          
          
						
          
          <regions>
            
            
							
            
            <region type="relatedRegion">
              
              
								
							
									
              
              <name>Belgium</name>
              
              
									
              
              <nutsCode>BE</nutsCode>
              
              
									
              
              <euCode>BE</euCode>
              
              
									
              
              <isoCode>BE</isoCode>
              
              
									
              
              <rcn>188385832</rcn>
              
              
								
            
            </region>
            
            
						
          
          </regions>
          
          
					
        
        </relations>
        
        
				
      
      </organization>
      
      
			
      
      <organization ecContribution="194290" order="4" terminated="false" type="participant">
        
        
				
			
					
        
        <availableLanguages readOnly="true">en</availableLanguages>
        
        
					
        
        <rcn>1905579</rcn>
        
        
					
        
        <id>999981731</id>
        
        
					
        
        <vatNumber>DE121965658</vatNumber>
        
        
					
        
        <legalName>DEUTSCHES ZENTRUM FUER LUFT - UND RAUMFAHRT EV</legalName>
        
        
					
        
        <shortName>DLR</shortName>
        
        
					
        
        <address>
          
          
						
          
          <street>Linder Hoehe</street>
          
          
						
          
          <city>KOELN</city>
          
          
						
          
          <postalCode>51147</postalCode>
          
          
						
          
          <country>DE</country>
          
          
						
          
          <url>www.dlr.de</url>
          
          
					
        
        </address>
        
        
					
        
        <departmentName>Contract Administration Oberpfaffenhofen</departmentName>
        
        
					
        
        <relations>
          
          
						
          
          <categories>
            
            
							
            
            <category classification="organizationActivityType" type="relatedOrganizationActivityType">
              
              
								
              
              <availableLanguages readOnly="true">en</availableLanguages>
              
              
								
              
              <code>/REC</code>
              
              
								
              
              <title>Research Organisations</title>
              
              
								
							
            
            </category>
            
            
						
          
          </categories>
          
          
						
          
          <regions>
            
            
							
            
            <region type="relatedRegion">
              
              
								
							
									
              
              <name>Germany</name>
              
              
									
              
              <nutsCode>DE</nutsCode>
              
              
									
              
              <euCode>DE</euCode>
              
              
									
              
              <isoCode>DE</isoCode>
              
              
									
              
              <rcn>221940264</rcn>
              
              
								
            
            </region>
            
            
						
          
          </regions>
          
          
					
        
        </relations>
        
        
				
      
      </organization>
      
      
			
      
      <organization ecContribution="84430" order="12" terminated="false" type="participant">
        
        
				
			
					
        
        <availableLanguages readOnly="true">en</availableLanguages>
        
        
					
        
        <rcn>2201674</rcn>
        
        
					
        
        <id>952596067</id>
        
        
					
        
        <vatNumber>GB902488132</vatNumber>
        
        
					
        
        <legalName>ASSIMILA LTD</legalName>
        
        
					
        
        <shortName>ASSIMILA LTD</shortName>
        
        
					
        
        <address>
          
          
						
          
          <street>GREEN ROAD 45</street>
          
          
						
          
          <city>READING</city>
          
          
						
          
          <postalCode>RG6 7BS</postalCode>
          
          
						
          
          <country>UK</country>
          
          
						
          
          <url>www.assimila.eu</url>
          
          
					
        
        </address>
        
        
					
        
        <relations>
          
          
						
          
          <categories>
            
            
							
            
            <category classification="organizationActivityType" type="relatedOrganizationActivityType">
              
              
								
              
              <availableLanguages readOnly="true">en</availableLanguages>
              
              
								
              
              <code>/PRC</code>
              
              
								
              
              <title>Private for-profit entities (excluding Higher or Secondary Education Establishments)</title>
              
              
								
							
            
            </category>
            
            
						
          
          </categories>
          
          
						
          
          <regions>
            
            
							
            
            <region type="relatedRegion">
              
              
								
							
									
              
              <name>United Kingdom</name>
              
              
									
              
              <nutsCode>UK</nutsCode>
              
              
									
              
              <euCode>UK</euCode>
              
              
									
              
              <isoCode>GB</isoCode>
              
              
									
              
              <rcn>508725800</rcn>
              
              
								
            
            </region>
            
            
						
          
          </regions>
          
          
					
        
        </relations>
        
        
				
      
      </organization>
      
      
			
      
      <organization ecContribution="99152.5" order="11" terminated="false" type="participant">
        
        
				
			
					
        
        <availableLanguages readOnly="true">en</availableLanguages>
        
        
					
        
        <rcn>1907668</rcn>
        
        
					
        
        <id>999980179</id>
        
        
					
        
        <vatNumber>GB618367325</vatNumber>
        
        
					
        
        <legalName>SCIENCE AND TECHNOLOGY FACILITIES COUNCIL</legalName>
        
        
					
        
        <shortName>STFC</shortName>
        
        
					
        
        <address>
          
          
						
          
          <street>Polaris House North Star Avenue</street>
          
          
						
          
          <city>SWINDON</city>
          
          
						
          
          <postalCode>SN2 1SZ</postalCode>
          
          
						
          
          <country>UK</country>
          
          
						
          
          <url>www.scitech.ac.uk</url>
          
          
					
        
        </address>
        
        
					
        
        <departmentName>STFC Rutherford Appleton Laborator</departmentName>
        
        
					
        
        <relations>
          
          
						
          
          <categories>
            
            
							
            
            <category classification="organizationActivityType" type="relatedOrganizationActivityType">
              
              
								
              
              <availableLanguages readOnly="true">en</availableLanguages>
              
              
								
              
              <code>/REC</code>
              
              
								
              
              <title>Research Organisations</title>
              
              
								
							
            
            </category>
            
            
						
          
          </categories>
          
          
						
          
          <regions>
            
            
							
            
            <region type="relatedRegion">
              
              
								
							
									
              
              <name>United Kingdom</name>
              
              
									
              
              <nutsCode>UK</nutsCode>
              
              
									
              
              <euCode>UK</euCode>
              
              
									
              
              <isoCode>GB</isoCode>
              
              
									
              
              <rcn>508725800</rcn>
              
              
								
            
            </region>
            
            
						
          
          </regions>
          
          
					
        
        </relations>
        
        
				
      
      </organization>
      
      
			
      
      <organization ecContribution="155285" order="10" terminated="false" type="participant">
        
        
				
			
					
        
        <availableLanguages readOnly="true">en</availableLanguages>
        
        
					
        
        <rcn>1907988</rcn>
        
        
					
        
        <id>999985514</id>
        
        
					
        
        <vatNumber>GB916583894</vatNumber>
        
        
					
        
        <legalName>UNIVERSITY OF LEICESTER</legalName>
        
        
					
        
        <shortName>ULEIC</shortName>
        
        
					
        
        <address>
          
          
						
          
          <street>UNIVERSITY ROAD</street>
          
          
						
          
          <city>LEICESTER</city>
          
          
						
          
          <postalCode>LE1 7RH</postalCode>
          
          
						
          
          <country>UK</country>
          
          
						
          
          <postBox>000</postBox>
          
          
						
          
          <url>www.le.ac.uk</url>
          
          
					
        
        </address>
        
        
					
        
        <departmentName>Research Support Office</departmentName>
        
        
					
        
        <relations>
          
          
						
          
          <categories>
            
            
							
            
            <category classification="organizationActivityType" type="relatedOrganizationActivityType">
              
              
								
              
              <availableLanguages readOnly="true">en</availableLanguages>
              
              
								
              
              <code>/HES</code>
              
              
								
              
              <title>Higher or Secondary Education Establishments</title>
              
              
								
							
            
            </category>
            
            
						
          
          </categories>
          
          
						
          
          <regions>
            
            
							
            
            <region type="relatedRegion">
              
              
								
							
									
              
              <name>United Kingdom</name>
              
              
									
              
              <nutsCode>UK</nutsCode>
              
              
									
              
              <euCode>UK</euCode>
              
              
									
              
              <isoCode>GB</isoCode>
              
              
									
              
              <rcn>508725800</rcn>
              
              
								
            
            </region>
            
            
						
          
          </regions>
          
          
					
        
        </relations>
        
        
				
      
      </organization>
      
      
			
      
      <organization ecContribution="379500" order="7" terminated="false" type="participant">
        
        
				
			
					
        
        <availableLanguages readOnly="true">en</availableLanguages>
        
        
					
        
        <rcn>1912646</rcn>
        
        
					
        
        <id>997168246</id>
        
        
					
        
        <legalName>FASTOPT GMBH</legalName>
        
        
					
        
        <shortName>FASTOPT</shortName>
        
        
					
        
        <address>
          
          
						
          
          <street>LERCHENSTRASSE</street>
          
          
						
          
          <city>HAMBURG</city>
          
          
						
          
          <postalCode>22767</postalCode>
          
          
						
          
          <country>DE</country>
          
          
						
          
          <postBox>28A</postBox>
          
          
						
          
          <url>www.fastopt.com</url>
          
          
					
        
        </address>
        
        
					
        
        <relations>
          
          
						
          
          <categories>
            
            
							
            
            <category classification="organizationActivityType" type="relatedOrganizationActivityType">
              
              
								
              
              <availableLanguages readOnly="true">en</availableLanguages>
              
              
								
              
              <code>/PRC</code>
              
              
								
              
              <title>Private for-profit entities (excluding Higher or Secondary Education Establishments)</title>
              
              
								
							
            
            </category>
            
            
						
          
          </categories>
          
          
						
          
          <regions>
            
            
							
            
            <region type="relatedRegion">
              
              
								
							
									
              
              <name>Germany</name>
              
              
									
              
              <nutsCode>DE</nutsCode>
              
              
									
              
              <euCode>DE</euCode>
              
              
									
              
              <isoCode>DE</isoCode>
              
              
									
              
              <rcn>221940264</rcn>
              
              
								
            
            </region>
            
            
						
          
          </regions>
          
          
					
        
        </relations>
        
        
				
      
      </organization>
      
      
			
      
      <organization ecContribution="1132412.5" order="3" terminated="false" type="participant">
        
        
				
			
					
        
        <availableLanguages readOnly="true">en</availableLanguages>
        
        
					
        
        <rcn>1916377</rcn>
        
        
					
        
        <id>999619533</id>
        
        
					
        
        <legalName>THE EUROPEAN ORGANISATION FOR THE EXPLOITATION OF METEOROLOGICAL SATELLITES</legalName>
        
        
					
        
        <shortName>EUMETSAT</shortName>
        
        
					
        
        <address>
          
          
						
          
          <street>EUMETSAT ALLEE 1</street>
          
          
						
          
          <city>DARMSTADT</city>
          
          
						
          
          <postalCode>64295</postalCode>
          
          
						
          
          <country>DE</country>
          
          
					
        
        </address>
        
        
					
        
        <relations>
          
          
						
          
          <categories>
            
            
							
            
            <category classification="organizationActivityType" type="relatedOrganizationActivityType">
              
              
								
              
              <availableLanguages readOnly="true">en</availableLanguages>
              
              
								
              
              <code>/PUB</code>
              
              
								
              
              <title>Public bodies (excluding Research Organisations and Secondary or Higher Education Establishments)</title>
              
              
								
							
            
            </category>
            
            
						
          
          </categories>
          
          
						
          
          <regions>
            
            
							
            
            <region type="relatedRegion">
              
              
								
							
									
              
              <name>Germany</name>
              
              
									
              
              <nutsCode>DE</nutsCode>
              
              
									
              
              <euCode>DE</euCode>
              
              
									
              
              <isoCode>DE</isoCode>
              
              
									
              
              <rcn>221940264</rcn>
              
              
								
            
            </region>
            
            
						
          
          </regions>
          
          
					
        
        </relations>
        
        
				
      
      </organization>
      
      
			
      
      <programme type="relatedSubProgramme">
        
        
				
			
					
        
        <availableLanguages readOnly="true">en</availableLanguages>
        
        
					
        
        <rcn>664642</rcn>
        
        
					
        
        <code>EO-2-2014</code>
        
        
					
        
        <frameworkProgramme>H2020-Topics</frameworkProgramme>
        
        
					
        
        <title>Climate Change relevant space-based Data reprocessing and calibration</title>
        
        
					
        
        <parent>
          
          
						
          
          <programme>
            
            
							
            
            <rcn>20200</rcn>
            
            
							
            
            <code>H2020-Topics</code>
            
            
						
          
          </programme>
          
          
					
        
        </parent>
        
        
				
      
      </programme>
      
      
			
      
      <programme type="relatedProgramme">
        
        
				
			
					
        
        <availableLanguages readOnly="true">de,en,es,fr,it,pl</availableLanguages>
        
        
					
        
        <rcn>664207</rcn>
        
        
					
        
        <code>H2020-EU.2.1.6.</code>
        
        
					
        
        <frameworkProgramme>H2020</frameworkProgramme>
        
        
					
        
        <pga>H2020-EU.2.1.6.</pga>
        
        
					
        
        <title>INDUSTRIAL LEADERSHIP - Leadership in enabling and industrial technologies – Space</title>
        
        
					
        
        <shortTitle>Space</shortTitle>
        
        
					
        
        <parent>
          
          
						
          
          <programme>
            
            
							
            
            <rcn>664145</rcn>
            
            
							
            
            <code>H2020-EU.2.1.</code>
            
            
							
            
            <parent>
              
              
								
              
              <programme>
                
                
									
                
                <rcn>664143</rcn>
                
                
									
                
                <code>H2020-EU.2.</code>
                
                
									
                
                <parent>
                  
                  
										
                  
                  <programme>
                    
                    
											
                    
                    <rcn>664087</rcn>
                    
                    
											
                    
                    <code>H2020-EC</code>
                    
                    
											
                    
                    <parent>
                      
                      
												
                      
                      <programme>
                        
                        
													
                        
                        <rcn>664086</rcn>
                        
                        
													
                        
                        <code>H2020</code>
                        
                        
												
                      
                      </programme>
                      
                      
											
                    
                    </parent>
                    
                    
										
                  
                  </programme>
                  
                  
									
                
                </parent>
                
                
								
              
              </programme>
              
              
							
            
            </parent>
            
            
						
          
          </programme>
          
          
					
        
        </parent>
        
        
				
      
      </programme>
      
      
			
      
      <result type="relatedResult">
        
        
				
			
					
        
        <availableLanguages readOnly="true">en</availableLanguages>
        
        
					
        
        <rcn>186672</rcn>
        
        
					
        
        <title>Periodic Reporting for period 2 - FIDUCEO (Fidelity and Uncertainty in Climate data records from Earth Observations)</title>
        
        
					
        
        <teaser>Overall objective: FIDUCEO will set new standards of accuracy and rigour in the generation of Fundamental Climate Data Records (FCDRs) and Climate Data Records (CDRs) with detailed uncertainty information. This project will define and apply rigorous best practice approaches to...</teaser>
        
        
					
        
        <description>periodic</description>
        
        
					
        
        <contentUpdateDate>2016-07-14 12:26:31</contentUpdateDate>
        
        
					
        
        <relations>
          
          
						
          
          <categories>
            
            
							
            
            <category classification="collection" type="belongsTo">
              
              
								
              
              <availableLanguages readOnly="true">de,en,es,fr,it,pl</availableLanguages>
              
              
								
              
              <code>/pubsum</code>
              
              
								
              
              <title>Report Summary</title>
              
              
								
							
            
            </category>
            
            
							
            
            <category classification="resultCategory" type="relatedResultCategory">
              
              
								
              
              <availableLanguages readOnly="true">en</availableLanguages>
              
              
								
              
              <code>/report</code>
              
              
								
              
              <title>Report summary</title>
              
              
								
							
            
            </category>
            
            
							
            
            <category classification="source" type="isProvidedBy">
              
              
								
              
              <availableLanguages readOnly="true">de,en,es,fr,it,pl</availableLanguages>
              
              
								
              
              <code>/corda</code>
              
              
								
              
              <title>CORDA</title>
              
              
								
							
            
            </category>
            
            
						
          
          </categories>
          
          
						
          
          <associations>
            
            
							
            
            <webItem source="corda" type="relatedResultAttachment">
              
              
								
							
									
              
              <language>en</language>
              
              
									
              
              <availableLanguages readOnly="true">en,any</availableLanguages>
              
              
									
              
              <uri>/docs/results/h2020/638/638822_PS/interaction-between-the-fiduceo-workpackages.jpg</uri>
              
              
									
              
              <alternativeText>schematic to show how the different workpackages interlink</alternativeText>
              
              
									
              
              <mimetype readOnly="true">image/jpeg</mimetype>
              
              
									
              
              <size readOnly="true">0</size>
              
              
								
            
            </webItem>
            
            
							
            
            <webItem source="corda" type="relatedResultAttachment">
              
              
								
							
									
              
              <language>en</language>
              
              
									
              
              <availableLanguages readOnly="true">en,any</availableLanguages>
              
              
									
              
              <uri>/docs/results/h2020/638/638822_PS/wp7-fiduceo-website-screenshot.jpg</uri>
              
              
									
              
              <alternativeText>Screen shot of FIDUCEO website - part of WP7 -outreach</alternativeText>
              
              
									
              
              <mimetype readOnly="true">image/jpeg</mimetype>
              
              
									
              
              <size readOnly="true">0</size>
              
              
								
            
            </webItem>
            
            
							
            
            <webLink source="corda" type="relatedWebsite">
              
              
								
							
									
              
              <language>en</language>
              
              
									
              
              <availableLanguages readOnly="true">en</availableLanguages>
              
              
									
              
              <url>http://www.fiduceo.eu</url>
              
              
									
              
              <content>FIDUCEO | Fidelity and uncertainty in climate data records from Earth Observations Skip to main content Fidelity and uncertainty in climate data records from Earth Observations Home About About FIDUCEO Partners Publications Deliverables Timeline Data Tutorials Events Blog Links Vocabulary FIDUCEO brings insights from metrology (measurement science) to the observation of Earth’s climate from space. New versions of four key Fundamental Climate Data Records (FCDRs) will be created that include state-of-the-art information about observational uncertainty. We will demonstrate how to propagate that information to derived geophysical datasets — i.e., five important climate data records (CDRs) will be developed with traceable uncertainty and stability estimates. Submit your email here to be kept up to date on project news and developments Email Address * First Name Last Name Latest from FIDUCEO Blog: FIDUCEO first workshop! 3/05/2018 By Rhona Phipps. IPMA welcomed users to the FIDUCEO workshop, where they learned about applying metrological concepts to Earth Observations. Blog: What is a Fundamental Climate Data Record? 13/04/2018 By Chris Merchant. "Fundamental Climate Data Record". If you care what that means, read this, and please comment! 5 Mar 2018 Event: 11. Deutsche Klimatagung Frankfurt, Germany Presentation by Martin Burgdorf Presentation: New (fundamental) climate data records from microwave sounders with FIDUCEO 4/04/2018 Martin Burgdorf, Imke Hans and Stefan Buehler Presentation: Uncertainty in FCDRs and CDRs: Presentation to CEOS/CGMS Working Group for Climate 28/03/2018 C J Merchant Pages 1 2 3 4 5 6 7 8 9 … next › last » Our Partners FIDUCEO is funded by the Horizon 2020 Framework Programme of the European Union. Contact us | Data Use Licence | Login Website by Assimila Ltd</content>
              
              
								
            
            </webLink>
            
            
						
          
          </associations>
          
          
					
        
        </relations>
        
        
				
      
      </result>
      
      
		
    
    </associations>
    
    
		
    
    <categories>
      
      
			
      
      <category classification="projectFundingSchemeCategory" type="relatedProjectFundingSchemeCategory">
        
        
				
        
        <availableLanguages readOnly="true">en</availableLanguages>
        
        
				
        
        <code>/RIA</code>
        
        
				
        
        <title>Research and Innovation action</title>
        
        
				
			
      
      </category>
      
      
		
    
    </categories>
    
    
	
  
  </relations>
  
  
	


</project>

