<?xml version="1.0" encoding="UTF-8"?>
<project xmlns="http://cordis.europa.eu">
  
  
	
	
  
  <language>en</language>
  
  
	
  
  <availableLanguages readOnly="true">en</availableLanguages>
  
  
	
  
  <rcn>193235</rcn>
  
  
	
  
  <reference>633476</reference>
  
  
	
  
  <acronym>AquaSpace</acronym>
  
  
	
  
  <teaser>The AquaSpace project has the goal of providing increased space for aquaculture to allow increased production. Following the call, we will achieve this by identifying the key constraints experienced by aquaculture development in a wide range of contexts and aquaculture types...</teaser>
  
  
	
  
  <objective>The AquaSpace project has the goal of providing increased space for aquaculture to allow increased production. Following the call, we will achieve this by identifying the key constraints experienced by aquaculture development in a wide range of contexts and aquaculture types, taking into account all relevant factors and advised by a Reference User Group. We will then map these constraints against a wide variety of tools/methods that have already been developed in national and EU projects for spatial planning purposes, including some that have been designed specifically for aquaculture. In the freshwater sector only, we will also consider ecosystem services provided by aquaculture that are relevant to integrated catchment planning and management. At 16 case study sites having a variety of scales, aquaculture at different trophic levels with different environmental interactions and most importantly with a range of key space-related development constraints as defined by local stakeholders, we will assess appropriate tools using a common process so as to facilitate synthesis and comparison. This case study approach will generate a large amount of information and is allocated about a third of the project’s resources. The project will develop the outcomes leading to a set of evaluated tools for facilitating the aquaculture planning process by overcoming present constraints. This information will be presented on an interactive web-based platform with tailored entry points for specific user types (e.g. planners, farmers, public) to enable them to navigate to the tools most appropriate to their application. The knowledge and information gained during this process will be developed into an on-line module at Masters Level which will also be developed into a short CPD course aimed at aquaculture planning professionals. The public will be engaged by an innovative school video competition and a vehicle to ensure project legacy will be established.</objective>
  
  
	
  
  <title>Ecosystem Approach to making Space for Aquaculture</title>
  
  
	
  
  <totalCost>3625581.25</totalCost>
  
  
	
  
  <ecMaxContribution>2989814.5</ecMaxContribution>
  
  
	
  
  <startDate>2015-03-01</startDate>
  
  
	
  
  <endDate>2018-02-28</endDate>
  
  
	
  
  <contract>
    
    
		
    
    <duration>36</duration>
    
    
	
  
  </contract>
  
  
	
  
  <status>SIGNED</status>
  
  
	
  
  <sourceUpdateDate>2018-03-03 19:07:47</sourceUpdateDate>
  
  
	
  
  <contentCreationDate readOnly="true">2015-05-05 16:00:35</contentCreationDate>
  
  
	
  
  <contentUpdateDate>2017-09-01 19:37:47</contentUpdateDate>
  
  
	
  
  <lastUpdateDate readOnly="true">2018-04-05 16:19:13</lastUpdateDate>
  
  
	
  
  <relations>
    
    
		
    
    <associations>
      
      
			
      
      <call type="relatedCall">
        
        
				
			
					
        
        <rcn>351</rcn>
        
        
					
        
        <title>H2020-SFS-2014-2</title>
        
        
					
        
        <identifier>H2020-SFS-2014-2</identifier>
        
        
				
      
      </call>
      
      
			
      
      <news type="relatedNews">
        
        
				
			
					
        
        <availableLanguages readOnly="true">de,en,es,fr,it,pl</availableLanguages>
        
        
					
        
        <rcn>123036</rcn>
        
        
					
        
        <title>INMARE and AQUASPACE showcased at Atlantic conference in Brussels</title>
        
        
					
        
        <teaser>INMARE and AQUASPACE are among a range of recently launched Horizon 2020 projects focusing on Atlantic Ocean research which were showcased at last month’s conference on the Atlantic Ocean in Brussels.</teaser>
        
        
					
        
        <contentUpdateDate>2015-05-20 14:56:31</contentUpdateDate>
        
        
					
        
        <relations>
          
          
						
          
          <categories>
            
            
							
            
            <category classification="newsEventCategory" type="relatedNewsEventCategory">
              
              
								
              
              <availableLanguages readOnly="true">de,en,es,fr,it,pl</availableLanguages>
              
              
								
              
              <code>/other</code>
              
              
								
              
              <title>Other</title>
              
              
								
							
            
            </category>
            
            
							
            
            <category classification="newsEventProvider" type="relatedNewsEventProvider">
              
              
								
              
              <availableLanguages readOnly="true">en</availableLanguages>
              
              
								
              
              <code>/ec</code>
              
              
								
              
              <title>EC</title>
              
              
								
							
            
            </category>
            
            
							
            
            <category classification="sicCode" type="relatedSicCode">
              
              
								
              
              <availableLanguages readOnly="true">de,en,es,fr,it,pl</availableLanguages>
              
              
								
              
              <code>/SEA</code>
              
              
								
              
              <title>Resources of the Sea and Fisheries</title>
              
              
								
							
            
            </category>
            
            
							
            
            <category classification="sicCode" type="relatedSicCode">
              
              
								
              
              <availableLanguages readOnly="true">de,en,es,fr,it,pl</availableLanguages>
              
              
								
              
              <code>/BIO</code>
              
              
								
              
              <title>Biotechnology</title>
              
              
								
							
            
            </category>
            
            
							
            
            <category classification="sicCode" type="relatedSicCode">
              
              
								
              
              <availableLanguages readOnly="true">de,en,es,fr,it,pl</availableLanguages>
              
              
								
              
              <code>/ENV</code>
              
              
								
              
              <title>Environmental Protection</title>
              
              
								
							
            
            </category>
            
            
							
            
            <category classification="sicCode" type="relatedSicCode">
              
              
								
              
              <availableLanguages readOnly="true">de,en,es,fr,it,pl</availableLanguages>
              
              
								
              
              <code>/SDT</code>
              
              
								
              
              <title>Sustainable development </title>
              
              
								
							
            
            </category>
            
            
						
          
          </categories>
          
          
						
          
          <associations>
            
            
							
            
            <webItem type="relatedImage">
              
              
								
							
									
              
              <language>en</language>
              
              
									
              
              <availableLanguages readOnly="true">de,en,es,fr,it,pl,any</availableLanguages>
              
              
									
              
              <uri>/docs/news/images/2015-05/20150519-2.jpg</uri>
              
              
									
              
              <mimetype readOnly="true">image/jpeg</mimetype>
              
              
									
              
              <size readOnly="true">0</size>
              
              
									
              
              <copyright>© Thinkstock</copyright>
              
              
								
            
            </webItem>
            
            
						
          
          </associations>
          
          
					
        
        </relations>
        
        
				
      
      </news>
      
      
			
      
      <organization ecContribution="200000" order="10" terminated="false" type="participant">
        
        
				
			
					
        
        <availableLanguages readOnly="true">en</availableLanguages>
        
        
					
        
        <rcn>1908083</rcn>
        
        
					
        
        <id>999548432</id>
        
        
					
        
        <vatNumber>NO971349077MVA</vatNumber>
        
        
					
        
        <legalName>HAVFORSKNINGSINSTITUTTET</legalName>
        
        
					
        
        <shortName>IMR</shortName>
        
        
					
        
        <address>
          
          
						
          
          <street>NORDNESGATEN  50</street>
          
          
						
          
          <city>BERGEN</city>
          
          
						
          
          <postalCode>5817</postalCode>
          
          
						
          
          <country>NO</country>
          
          
						
          
          <postBox>1870</postBox>
          
          
						
          
          <url>www.imr.no</url>
          
          
					
        
        </address>
        
        
					
        
        <relations>
          
          
						
          
          <categories>
            
            
							
            
            <category classification="organizationActivityType" type="relatedOrganizationActivityType">
              
              
								
              
              <availableLanguages readOnly="true">en</availableLanguages>
              
              
								
              
              <code>/REC</code>
              
              
								
              
              <title>Research Organisations</title>
              
              
								
							
            
            </category>
            
            
						
          
          </categories>
          
          
						
          
          <regions>
            
            
							
            
            <region type="relatedRegion">
              
              
								
							
									
              
              <name>Norway</name>
              
              
									
              
              <nutsCode>NO</nutsCode>
              
              
									
              
              <euCode>NO</euCode>
              
              
									
              
              <isoCode>NO</isoCode>
              
              
									
              
              <rcn>392333864</rcn>
              
              
								
            
            </region>
            
            
						
          
          </regions>
          
          
					
        
        </relations>
        
        
				
      
      </organization>
      
      
			
      
      <organization ecContribution="49500" order="21" terminated="false" type="participant">
        
        
				
			
					
        
        <availableLanguages readOnly="true">en</availableLanguages>
        
        
					
        
        <rcn>2390825</rcn>
        
        
					
        
        <id>938206505</id>
        
        
					
        
        <vatNumber>HU11430432</vatNumber>
        
        
					
        
        <legalName>BIHARUGRAI HALGAZDASAG MEZOGAZDASAGI TERMELO ERTEKESITO ES TERMESZETVEDELMI KFT</legalName>
        
        
					
        
        <shortName>BHG</shortName>
        
        
					
        
        <address>
          
          
						
          
          <street>MONTEVIDEO UTCA 7</street>
          
          
						
          
          <city>BUDAPEST</city>
          
          
						
          
          <postalCode>1037</postalCode>
          
          
						
          
          <country>HU</country>
          
          
					
        
        </address>
        
        
					
        
        <relations>
          
          
						
          
          <categories>
            
            
							
            
            <category classification="organizationActivityType" type="relatedOrganizationActivityType">
              
              
								
              
              <availableLanguages readOnly="true">en</availableLanguages>
              
              
								
              
              <code>/PRC</code>
              
              
								
              
              <title>Private for-profit entities (excluding Higher or Secondary Education Establishments)</title>
              
              
								
							
            
            </category>
            
            
						
          
          </categories>
          
          
						
          
          <regions>
            
            
							
            
            <region type="relatedRegion">
              
              
								
							
									
              
              <name>Hungary</name>
              
              
									
              
              <nutsCode>HU</nutsCode>
              
              
									
              
              <euCode>HU</euCode>
              
              
									
              
              <isoCode>HU</isoCode>
              
              
									
              
              <rcn>293243432</rcn>
              
              
								
            
            </region>
            
            
						
          
          </regions>
          
          
					
        
        </relations>
        
        
				
      
      </organization>
      
      
			
      
      <organization ecContribution="149630" order="7" terminated="false" type="participant">
        
        
				
			
					
        
        <availableLanguages readOnly="true">en</availableLanguages>
        
        
					
        
        <rcn>1907892</rcn>
        
        
					
        
        <id>999608281</id>
        
        
					
        
        <legalName>FOOD AND AGRICULTURE ORGANIZATION OF THE UNITED NATIONS FAO</legalName>
        
        
					
        
        <shortName>FAO</shortName>
        
        
					
        
        <address>
          
          
						
          
          <street>Viale delle Terme di Caracalla</street>
          
          
						
          
          <city>ROMA</city>
          
          
						
          
          <postalCode>00153</postalCode>
          
          
						
          
          <country>IT</country>
          
          
						
          
          <url>www.fao.org</url>
          
          
					
        
        </address>
        
        
					
        
        <relations>
          
          
						
          
          <categories>
            
            
							
            
            <category classification="organizationActivityType" type="relatedOrganizationActivityType">
              
              
								
              
              <availableLanguages readOnly="true">en</availableLanguages>
              
              
								
              
              <code>/PUB</code>
              
              
								
              
              <title>Public bodies (excluding Research Organisations and Secondary or Higher Education Establishments)</title>
              
              
								
							
            
            </category>
            
            
						
          
          </categories>
          
          
						
          
          <regions>
            
            
							
            
            <region type="relatedRegion">
              
              
								
							
									
              
              <name>Italy</name>
              
              
									
              
              <nutsCode>IT</nutsCode>
              
              
									
              
              <euCode>IT</euCode>
              
              
									
              
              <isoCode>IT</isoCode>
              
              
									
              
              <rcn>309758504</rcn>
              
              
								
            
            </region>
            
            
						
          
          </regions>
          
          
					
        
        </relations>
        
        
				
      
      </organization>
      
      
			
      
      <organization ecContribution="119988.75" order="11" terminated="false" type="participant">
        
        
				
			
					
        
        <availableLanguages readOnly="true">en</availableLanguages>
        
        
					
        
        <rcn>1906361</rcn>
        
        
					
        
        <id>966626341</id>
        
        
					
        
        <vatNumber>GB108249520</vatNumber>
        
        
					
        
        <legalName>THE JAMES HUTTON INSTITUTE</legalName>
        
        
					
        
        <shortName>HUTTON</shortName>
        
        
					
        
        <address>
          
          
						
          
          <street>ERROL ROAD INVERGOWRIE</street>
          
          
						
          
          <city>DUNDEE</city>
          
          
						
          
          <postalCode>DD2 5DA</postalCode>
          
          
						
          
          <country>UK</country>
          
          
						
          
          <postBox>000</postBox>
          
          
						
          
          <url>www.hutton.ac.uk</url>
          
          
					
        
        </address>
        
        
					
        
        <relations>
          
          
						
          
          <categories>
            
            
							
            
            <category classification="organizationActivityType" type="relatedOrganizationActivityType">
              
              
								
              
              <availableLanguages readOnly="true">en</availableLanguages>
              
              
								
              
              <code>/REC</code>
              
              
								
              
              <title>Research Organisations</title>
              
              
								
							
            
            </category>
            
            
						
          
          </categories>
          
          
						
          
          <regions>
            
            
							
            
            <region type="relatedRegion">
              
              
								
							
									
              
              <name>United Kingdom</name>
              
              
									
              
              <nutsCode>UK</nutsCode>
              
              
									
              
              <euCode>UK</euCode>
              
              
									
              
              <isoCode>GB</isoCode>
              
              
									
              
              <rcn>508725800</rcn>
              
              
								
            
            </region>
            
            
						
          
          </regions>
          
          
					
        
        </relations>
        
        
				
      
      </organization>
      
      
			
      
      <organization ecContribution="446066" order="1" terminated="false" type="coordinator">
        
        
				
			
					
        
        <availableLanguages readOnly="true">en</availableLanguages>
        
        
					
        
        <rcn>1909740</rcn>
        
        
					
        
        <id>999738843</id>
        
        
					
        
        <vatNumber>GB828957961</vatNumber>
        
        
					
        
        <legalName>THE SCOTTISH ASSOCIATION FOR MARINESCIENCE LBG</legalName>
        
        
					
        
        <shortName>SAMS</shortName>
        
        
					
        
        <address>
          
          
						
          
          <street>SCOTTISH MARINE INSTITUTE</street>
          
          
						
          
          <city>DUNBEG OBAN</city>
          
          
						
          
          <postalCode>PA37 1QA</postalCode>
          
          
						
          
          <country>UK</country>
          
          
						
          
          <postBox>000</postBox>
          
          
						
          
          <url>www.sams.ac.uk</url>
          
          
					
        
        </address>
        
        
					
        
        <relations>
          
          
						
          
          <categories>
            
            
							
            
            <category classification="organizationActivityType" type="relatedOrganizationActivityType">
              
              
								
              
              <availableLanguages readOnly="true">en</availableLanguages>
              
              
								
              
              <code>/REC</code>
              
              
								
              
              <title>Research Organisations</title>
              
              
								
							
            
            </category>
            
            
						
          
          </categories>
          
          
						
          
          <regions>
            
            
							
            
            <region type="relatedRegion">
              
              
								
							
									
              
              <name>United Kingdom</name>
              
              
									
              
              <nutsCode>UK</nutsCode>
              
              
									
              
              <euCode>UK</euCode>
              
              
									
              
              <isoCode>GB</isoCode>
              
              
									
              
              <rcn>508725800</rcn>
              
              
								
            
            </region>
            
            
						
          
          </regions>
          
          
					
        
        </relations>
        
        
				
      
      </organization>
      
      
			
      
      <organization ecContribution="0" order="18" terminated="false" type="participant">
        
        
				
			
					
        
        <availableLanguages readOnly="true">en</availableLanguages>
        
        
					
        
        <rcn>1910240</rcn>
        
        
					
        
        <id>998539535</id>
        
        
					
        
        <legalName>DALHOUSIE UNIVERSITY</legalName>
        
        
					
        
        <shortName>DAL</shortName>
        
        
					
        
        <address>
          
          
						
          
          <street>SOUTH STREET 6299 SUITE 231</street>
          
          
						
          
          <city>HALIFAX</city>
          
          
						
          
          <postalCode>B3H 4R2</postalCode>
          
          
						
          
          <country>CA</country>
          
          
						
          
          <postBox>15000</postBox>
          
          
						
          
          <url>www.dal.ca</url>
          
          
					
        
        </address>
        
        
					
        
        <relations>
          
          
						
          
          <categories>
            
            
							
            
            <category classification="organizationActivityType" type="relatedOrganizationActivityType">
              
              
								
              
              <availableLanguages readOnly="true">en</availableLanguages>
              
              
								
              
              <code>/HES</code>
              
              
								
              
              <title>Higher or Secondary Education Establishments</title>
              
              
								
							
            
            </category>
            
            
						
          
          </categories>
          
          
						
          
          <regions>
            
            
							
            
            <region type="relatedRegion">
              
              
								
							
									
              
              <name>Canada</name>
              
              
									
              
              <nutsCode>CA</nutsCode>
              
              
									
              
              <euCode>CA</euCode>
              
              
									
              
              <isoCode>CA</isoCode>
              
              
									
              
              <rcn>204114472</rcn>
              
              
								
            
            </region>
            
            
						
          
          </regions>
          
          
					
        
        </relations>
        
        
				
      
      </organization>
      
      
			
      
      <organization ecContribution="0" order="20" terminated="false" type="participant">
        
        
				
			
					
        
        <availableLanguages readOnly="true">en</availableLanguages>
        
        
					
        
        <rcn>1936292</rcn>
        
        
					
        
        <id>999538247</id>
        
        
					
        
        <legalName>THE UNIVERSITY OF WESTERN AUSTRALIA</legalName>
        
        
					
        
        <shortName>UWA</shortName>
        
        
					
        
        <address>
          
          
						
          
          <street>Stirling Higway 35</street>
          
          
						
          
          <city>CRAWLEY</city>
          
          
						
          
          <postalCode>6009</postalCode>
          
          
						
          
          <country>AU</country>
          
          
					
        
        </address>
        
        
					
        
        <relations>
          
          
						
          
          <categories>
            
            
							
            
            <category classification="organizationActivityType" type="relatedOrganizationActivityType">
              
              
								
              
              <availableLanguages readOnly="true">en</availableLanguages>
              
              
								
              
              <code>/HES</code>
              
              
								
              
              <title>Higher or Secondary Education Establishments</title>
              
              
								
							
            
            </category>
            
            
						
          
          </categories>
          
          
						
          
          <regions>
            
            
							
            
            <region type="relatedRegion">
              
              
								
							
									
              
              <name>Australia</name>
              
              
									
              
              <nutsCode>AU</nutsCode>
              
              
									
              
              <euCode>AU</euCode>
              
              
									
              
              <isoCode>AU</isoCode>
              
              
									
              
              <rcn>175802920</rcn>
              
              
								
            
            </region>
            
            
						
          
          </regions>
          
          
					
        
        </relations>
        
        
				
      
      </organization>
      
      
			
      
      <organization ecContribution="120428.75" order="8" terminated="false" type="participant">
        
        
				
			
					
        
        <availableLanguages readOnly="true">en</availableLanguages>
        
        
					
        
        <rcn>1909772</rcn>
        
        
					
        
        <id>947869936</id>
        
        
					
        
        <vatNumber>HU15323819</vatNumber>
        
        
					
        
        <legalName>NEMZETI AGRARKUTATASI ES INNOVACIOSKOZPONT</legalName>
        
        
					
        
        <shortName>NARIC</shortName>
        
        
					
        
        <address>
          
          
						
          
          <street>SZENT GYORGYI ALBERT UTCA 4</street>
          
          
						
          
          <city>GODOLLO</city>
          
          
						
          
          <postalCode>2100</postalCode>
          
          
						
          
          <country>HU</country>
          
          
						
          
          <postBox>000</postBox>
          
          
						
          
          <url>www.naik.hu</url>
          
          
					
        
        </address>
        
        
					
        
        <relations>
          
          
						
          
          <categories>
            
            
							
            
            <category classification="organizationActivityType" type="relatedOrganizationActivityType">
              
              
								
              
              <availableLanguages readOnly="true">en</availableLanguages>
              
              
								
              
              <code>/REC</code>
              
              
								
              
              <title>Research Organisations</title>
              
              
								
							
            
            </category>
            
            
						
          
          </categories>
          
          
						
          
          <regions>
            
            
							
            
            <region type="relatedRegion">
              
              
								
							
									
              
              <name>Hungary</name>
              
              
									
              
              <nutsCode>HU</nutsCode>
              
              
									
              
              <euCode>HU</euCode>
              
              
									
              
              <isoCode>HU</isoCode>
              
              
									
              
              <rcn>293243432</rcn>
              
              
								
            
            </region>
            
            
						
          
          </regions>
          
          
					
        
        </relations>
        
        
				
      
      </organization>
      
      
			
      
      <organization ecContribution="49351" order="2" terminated="false" type="participant">
        
        
				
			
					
        
        <availableLanguages readOnly="true">en</availableLanguages>
        
        
					
        
        <rcn>1911173</rcn>
        
        
					
        
        <id>999935074</id>
        
        
					
        
        <vatNumber>GB877233106</vatNumber>
        
        
					
        
        <legalName>AGRIFOOD AND BIOSCIENCES INSTITUTE</legalName>
        
        
					
        
        <shortName>AFBI</shortName>
        
        
					
        
        <address>
          
          
						
          
          <street>NEWFORGE LANE  18A</street>
          
          
						
          
          <city>Belfast</city>
          
          
						
          
          <postalCode>BT9 5PX</postalCode>
          
          
						
          
          <country>UK</country>
          
          
						
          
          <url>www.afbini.gov.uk</url>
          
          
					
        
        </address>
        
        
					
        
        <relations>
          
          
						
          
          <categories>
            
            
							
            
            <category classification="organizationActivityType" type="relatedOrganizationActivityType">
              
              
								
              
              <availableLanguages readOnly="true">en</availableLanguages>
              
              
								
              
              <code>/REC</code>
              
              
								
              
              <title>Research Organisations</title>
              
              
								
							
            
            </category>
            
            
						
          
          </categories>
          
          
						
          
          <regions>
            
            
							
            
            <region type="relatedRegion">
              
              
								
							
									
              
              <name>United Kingdom</name>
              
              
									
              
              <nutsCode>UK</nutsCode>
              
              
									
              
              <euCode>UK</euCode>
              
              
									
              
              <isoCode>GB</isoCode>
              
              
									
              
              <rcn>508725800</rcn>
              
              
								
            
            </region>
            
            
						
          
          </regions>
          
          
					
        
        </relations>
        
        
				
      
      </organization>
      
      
			
      
      <organization ecContribution="174850" order="17" terminated="false" type="participant">
        
        
				
			
					
        
        <availableLanguages readOnly="true">en</availableLanguages>
        
        
					
        
        <rcn>1908342</rcn>
        
        
					
        
        <id>999588978</id>
        
        
					
        
        <vatNumber>EL090033943</vatNumber>
        
        
					
        
        <legalName>PANEPISTIMIO KRITIS</legalName>
        
        
					
        
        <shortName>UC</shortName>
        
        
					
        
        <address>
          
          
						
          
          <street>UNIVERSITY CAMPUS GALLOS</street>
          
          
						
          
          <city>RETHIMNO</city>
          
          
						
          
          <postalCode>74100</postalCode>
          
          
						
          
          <country>EL</country>
          
          
						
          
          <postBox>000</postBox>
          
          
						
          
          <url>www.uoc.gr</url>
          
          
					
        
        </address>
        
        
					
        
        <departmentName>SECRETARIAT OF THE RESEARCH COMMITTEE</departmentName>
        
        
					
        
        <relations>
          
          
						
          
          <categories>
            
            
							
            
            <category classification="organizationActivityType" type="relatedOrganizationActivityType">
              
              
								
              
              <availableLanguages readOnly="true">en</availableLanguages>
              
              
								
              
              <code>/HES</code>
              
              
								
              
              <title>Higher or Secondary Education Establishments</title>
              
              
								
							
            
            </category>
            
            
						
          
          </categories>
          
          
						
          
          <regions>
            
            
							
            
            <region type="relatedRegion">
              
              
								
							
									
              
              <name>Greece</name>
              
              
									
              
              <nutsCode>GR</nutsCode>
              
              
									
              
              <euCode>EL</euCode>
              
              
									
              
              <isoCode>GR</isoCode>
              
              
									
              
              <rcn>240552488</rcn>
              
              
								
            
            </region>
            
            
						
          
          </regions>
          
          
					
        
        </relations>
        
        
				
      
      </organization>
      
      
			
      
      <organization ecContribution="120000" order="13" terminated="false" type="participant">
        
        
				
			
					
        
        <availableLanguages readOnly="true">en</availableLanguages>
        
        
					
        
        <rcn>1910454</rcn>
        
        
					
        
        <id>999835358</id>
        
        
					
        
        <vatNumber>GB888842551</vatNumber>
        
        
					
        
        <legalName>MARINE SCOTLAND</legalName>
        
        
					
        
        <shortName>MS</shortName>
        
        
					
        
        <address>
          
          
						
          
          <street>VICTORIA ROAD 375</street>
          
          
						
          
          <city>ABERDEEN</city>
          
          
						
          
          <postalCode>AB119DB</postalCode>
          
          
						
          
          <country>UK</country>
          
          
						
          
          <postBox>101</postBox>
          
          
						
          
          <url>www.scotland.gov.uk/marinescotland</url>
          
          
					
        
        </address>
        
        
					
        
        <relations>
          
          
						
          
          <categories>
            
            
							
            
            <category classification="organizationActivityType" type="relatedOrganizationActivityType">
              
              
								
              
              <availableLanguages readOnly="true">en</availableLanguages>
              
              
								
              
              <code>/PUB</code>
              
              
								
              
              <title>Public bodies (excluding Research Organisations and Secondary or Higher Education Establishments)</title>
              
              
								
							
            
            </category>
            
            
						
          
          </categories>
          
          
						
          
          <regions>
            
            
							
            
            <region type="relatedRegion">
              
              
								
							
									
              
              <name>United Kingdom</name>
              
              
									
              
              <nutsCode>UK</nutsCode>
              
              
									
              
              <euCode>UK</euCode>
              
              
									
              
              <isoCode>GB</isoCode>
              
              
									
              
              <rcn>508725800</rcn>
              
              
								
            
            </region>
            
            
						
          
          </regions>
          
          
					
        
        </relations>
        
        
				
      
      </organization>
      
      
			
      
      <organization ecContribution="170000" order="6" terminated="false" type="participant">
        
        
				
			
					
        
        <availableLanguages readOnly="true">en</availableLanguages>
        
        
					
        
        <rcn>1905575</rcn>
        
        
					
        
        <id>999991722</id>
        
        
					
        
        <vatNumber>ESQ2818002D</vatNumber>
        
        
					
        
        <legalName>AGENCIA ESTATAL CONSEJO SUPERIOR DEINVESTIGACIONES CIENTIFICAS</legalName>
        
        
					
        
        <shortName>CSIC</shortName>
        
        
					
        
        <address>
          
          
						
          
          <street>CALLE SERRANO 117</street>
          
          
						
          
          <city>MADRID</city>
          
          
						
          
          <postalCode>28006</postalCode>
          
          
						
          
          <country>ES</country>
          
          
						
          
          <postBox>000</postBox>
          
          
						
          
          <url>http://www.csic.es</url>
          
          
					
        
        </address>
        
        
					
        
        <departmentName>Deputy Vice-Presidency for Programming</departmentName>
        
        
					
        
        <relations>
          
          
						
          
          <categories>
            
            
							
            
            <category classification="organizationActivityType" type="relatedOrganizationActivityType">
              
              
								
              
              <availableLanguages readOnly="true">en</availableLanguages>
              
              
								
              
              <code>/REC</code>
              
              
								
              
              <title>Research Organisations</title>
              
              
								
							
            
            </category>
            
            
						
          
          </categories>
          
          
						
          
          <regions>
            
            
							
            
            <region type="relatedRegion">
              
              
								
							
									
              
              <name>Spain</name>
              
              
									
              
              <nutsCode>ES</nutsCode>
              
              
									
              
              <euCode>ES</euCode>
              
              
									
              
              <isoCode>ES</isoCode>
              
              
									
              
              <rcn>242387496</rcn>
              
              
								
            
            </region>
            
            
						
          
          </regions>
          
          
					
        
        </relations>
        
        
				
      
      </organization>
      
      
			
      
      <organization ecContribution="200000" order="15" terminated="false" type="participant">
        
        
				
			
					
        
        <availableLanguages readOnly="true">en</availableLanguages>
        
        
					
        
        <rcn>1906406</rcn>
        
        
					
        
        <id>998427888</id>
        
        
					
        
        <vatNumber>DE153809887</vatNumber>
        
        
					
        
        <legalName>JOHANN HEINRICH VON THUENEN-INSTITUT, BUNDESFORSCHUNGSINSTITUT FUER LAENDLICHE RAEUME, WALD UND FISCHEREI</legalName>
        
        
					
        
        <shortName>THUENEN</shortName>
        
        
					
        
        <address>
          
          
						
          
          <street>BUNDESALLEE  50</street>
          
          
						
          
          <city>BRAUNSCHWEIG</city>
          
          
						
          
          <postalCode>38116</postalCode>
          
          
						
          
          <country>DE</country>
          
          
						
          
          <url>www.vti.bund.de</url>
          
          
					
        
        </address>
        
        
					
        
        <relations>
          
          
						
          
          <categories>
            
            
							
            
            <category classification="organizationActivityType" type="relatedOrganizationActivityType">
              
              
								
              
              <availableLanguages readOnly="true">en</availableLanguages>
              
              
								
              
              <code>/REC</code>
              
              
								
              
              <title>Research Organisations</title>
              
              
								
							
            
            </category>
            
            
						
          
          </categories>
          
          
						
          
          <regions>
            
            
							
            
            <region type="relatedRegion">
              
              
								
							
									
              
              <name>Germany</name>
              
              
									
              
              <nutsCode>DE</nutsCode>
              
              
									
              
              <euCode>DE</euCode>
              
              
									
              
              <isoCode>DE</isoCode>
              
              
									
              
              <rcn>221940264</rcn>
              
              
								
            
            </region>
            
            
						
          
          </regions>
          
          
					
        
        </relations>
        
        
				
      
      </organization>
      
      
			
      
      <organization ecContribution="120000" order="14" terminated="false" type="participant">
        
        
				
			
					
        
        <availableLanguages readOnly="true">en</availableLanguages>
        
        
					
        
        <rcn>1957218</rcn>
        
        
					
        
        <id>998453496</id>
        
        
					
        
        <vatNumber>PT503490245</vatNumber>
        
        
					
        
        <legalName>Sagremarisco-Viveiros de Marisco Lda</legalName>
        
        
					
        
        <shortName>SGM</shortName>
        
        
					
        
        <address>
          
          
						
          
          <street>Beco 1º de Maio, Praia de Salema</street>
          
          
						
          
          <city>BUDENS</city>
          
          
						
          
          <postalCode>8650-192</postalCode>
          
          
						
          
          <country>PT</country>
          
          
					
        
        </address>
        
        
					
        
        <relations>
          
          
						
          
          <categories>
            
            
							
            
            <category classification="organizationActivityType" type="relatedOrganizationActivityType">
              
              
								
              
              <availableLanguages readOnly="true">en</availableLanguages>
              
              
								
              
              <code>/PRC</code>
              
              
								
              
              <title>Private for-profit entities (excluding Higher or Secondary Education Establishments)</title>
              
              
								
							
            
            </category>
            
            
						
          
          </categories>
          
          
						
          
          <regions>
            
            
							
            
            <region type="relatedRegion">
              
              
								
							
									
              
              <name>Portugal</name>
              
              
									
              
              <nutsCode>PT</nutsCode>
              
              
									
              
              <euCode>PT</euCode>
              
              
									
              
              <isoCode>PT</isoCode>
              
              
									
              
              <rcn>427199016</rcn>
              
              
								
            
            </region>
            
            
						
          
          </regions>
          
          
					
        
        </relations>
        
        
				
      
      </organization>
      
      
			
      
      <organization ecContribution="120000" order="5" terminated="false" type="participant">
        
        
				
			
					
        
        <availableLanguages readOnly="true">en</availableLanguages>
        
        
					
        
        <rcn>2106899</rcn>
        
        
					
        
        <id>985866194</id>
        
        
					
        
        <vatNumber>NO965243798MVA</vatNumber>
        
        
					
        
        <legalName>CHRISTIAN MICHELSEN RESEARCH AS</legalName>
        
        
					
        
        <shortName>CMR</shortName>
        
        
					
        
        <address>
          
          
						
          
          <street>FANTOFTVEGEN 38</street>
          
          
						
          
          <city>BERGEN</city>
          
          
						
          
          <postalCode>5072</postalCode>
          
          
						
          
          <country>NO</country>
          
          
						
          
          <postBox>6031</postBox>
          
          
						
          
          <url>www.cmr.no</url>
          
          
					
        
        </address>
        
        
					
        
        <relations>
          
          
						
          
          <categories>
            
            
							
            
            <category classification="organizationActivityType" type="relatedOrganizationActivityType">
              
              
								
              
              <availableLanguages readOnly="true">en</availableLanguages>
              
              
								
              
              <code>/REC</code>
              
              
								
              
              <title>Research Organisations</title>
              
              
								
							
            
            </category>
            
            
						
          
          </categories>
          
          
						
          
          <regions>
            
            
							
            
            <region type="relatedRegion">
              
              
								
							
									
              
              <name>Norway</name>
              
              
									
              
              <nutsCode>NO</nutsCode>
              
              
									
              
              <euCode>NO</euCode>
              
              
									
              
              <isoCode>NO</isoCode>
              
              
									
              
              <rcn>392333864</rcn>
              
              
								
            
            </region>
            
            
						
          
          </regions>
          
          
					
        
        </relations>
        
        
				
      
      </organization>
      
      
			
      
      <organization ecContribution="200000" order="9" terminated="false" type="participant">
        
        
				
			
					
        
        <availableLanguages readOnly="true">en</availableLanguages>
        
        
					
        
        <rcn>1907847</rcn>
        
        
					
        
        <id>999630300</id>
        
        
					
        
        <vatNumber>FR46330715368</vatNumber>
        
        
					
        
        <legalName>INSTITUT FRANCAIS DE RECHERCHE POUR L'EXPLOITATION DE LA MER</legalName>
        
        
					
        
        <shortName>IFREMER</shortName>
        
        
					
        
        <address>
          
          
						
          
          <street>155 rue Jean Jacques Rousseau</street>
          
          
						
          
          <city>ISSY-LES-MOULINEAUX</city>
          
          
						
          
          <postalCode>92138</postalCode>
          
          
						
          
          <country>FR</country>
          
          
						
          
          <url>http://www.ifremer.fr</url>
          
          
					
        
        </address>
        
        
					
        
        <relations>
          
          
						
          
          <categories>
            
            
							
            
            <category classification="organizationActivityType" type="relatedOrganizationActivityType">
              
              
								
              
              <availableLanguages readOnly="true">en</availableLanguages>
              
              
								
              
              <code>/REC</code>
              
              
								
              
              <title>Research Organisations</title>
              
              
								
							
            
            </category>
            
            
						
          
          </categories>
          
          
						
          
          <regions>
            
            
							
            
            <region type="relatedRegion">
              
              
								
							
									
              
              <name>France</name>
              
              
									
              
              <nutsCode>FR</nutsCode>
              
              
									
              
              <euCode>FR</euCode>
              
              
									
              
              <isoCode>FR</isoCode>
              
              
									
              
              <rcn>258902568</rcn>
              
              
								
            
            </region>
            
            
						
          
          </regions>
          
          
					
        
        </relations>
        
        
				
      
      </organization>
      
      
			
      
      <organization ecContribution="200000" order="12" terminated="false" type="participant">
        
        
				
			
					
        
        <availableLanguages readOnly="true">en</availableLanguages>
        
        
					
        
        <rcn>1915691</rcn>
        
        
					
        
        <id>997429758</id>
        
        
					
        
        <vatNumber>GB919503811</vatNumber>
        
        
					
        
        <legalName>Longline Environment Ltd</legalName>
        
        
					
        
        <shortName>LLE</shortName>
        
        
					
        
        <address>
          
          
						
          
          <street>2nd Floor,St John Street 145-157</street>
          
          
						
          
          <city>London</city>
          
          
						
          
          <postalCode>EC1V 4PY</postalCode>
          
          
						
          
          <country>UK</country>
          
          
						
          
          <url>http://www.longline.co.uk</url>
          
          
					
        
        </address>
        
        
					
        
        <relations>
          
          
						
          
          <categories>
            
            
							
            
            <category classification="organizationActivityType" type="relatedOrganizationActivityType">
              
              
								
              
              <availableLanguages readOnly="true">en</availableLanguages>
              
              
								
              
              <code>/PRC</code>
              
              
								
              
              <title>Private for-profit entities (excluding Higher or Secondary Education Establishments)</title>
              
              
								
							
            
            </category>
            
            
						
          
          </categories>
          
          
						
          
          <regions>
            
            
							
            
            <region type="relatedRegion">
              
              
								
							
									
              
              <name>United Kingdom</name>
              
              
									
              
              <nutsCode>UK</nutsCode>
              
              
									
              
              <euCode>UK</euCode>
              
              
									
              
              <isoCode>GB</isoCode>
              
              
									
              
              <rcn>508725800</rcn>
              
              
								
            
            </region>
            
            
						
          
          </regions>
          
          
					
        
        </relations>
        
        
				
      
      </organization>
      
      
			
      
      <organization ecContribution="200000" order="3" terminated="false" type="participant">
        
        
				
			
					
        
        <availableLanguages readOnly="true">en</availableLanguages>
        
        
					
        
        <rcn>1911340</rcn>
        
        
					
        
        <id>999514385</id>
        
        
					
        
        <vatNumber>ESG48939508</vatNumber>
        
        
					
        
        <legalName>FUNDACION AZTI - AZTI FUNDAZIOA</legalName>
        
        
					
        
        <shortName>AZTI-Tecnalia</shortName>
        
        
					
        
        <address>
          
          
						
          
          <street>TXATXARRAMENDI UGARTEA Z/G</street>
          
          
						
          
          <city>SUKARRIETA</city>
          
          
						
          
          <postalCode>48395</postalCode>
          
          
						
          
          <country>ES</country>
          
          
						
          
          <postBox>000</postBox>
          
          
						
          
          <url>www.azti.es</url>
          
          
					
        
        </address>
        
        
					
        
        <relations>
          
          
						
          
          <categories>
            
            
							
            
            <category classification="organizationActivityType" type="relatedOrganizationActivityType">
              
              
								
              
              <availableLanguages readOnly="true">en</availableLanguages>
              
              
								
              
              <code>/REC</code>
              
              
								
              
              <title>Research Organisations</title>
              
              
								
							
            
            </category>
            
            
						
          
          </categories>
          
          
						
          
          <regions>
            
            
							
            
            <region type="relatedRegion">
              
              
								
							
									
              
              <name>Spain</name>
              
              
									
              
              <nutsCode>ES</nutsCode>
              
              
									
              
              <euCode>ES</euCode>
              
              
									
              
              <isoCode>ES</isoCode>
              
              
									
              
              <rcn>242387496</rcn>
              
              
								
            
            </region>
            
            
						
          
          </regions>
          
          
					
        
        </relations>
        
        
				
      
      </organization>
      
      
			
      
      <organization ecContribution="0" order="19" terminated="false" type="participant">
        
        
				
			
					
        
        <availableLanguages readOnly="true">en</availableLanguages>
        
        
					
        
        <rcn>2214561</rcn>
        
        
					
        
        <id>961102482</id>
        
        
					
        
        <legalName>YELLOW SEA FISHERIES RESEARCH INSTITUTE, CHINESE ACADEMY OF FISHERY SCIENCES</legalName>
        
        
					
        
        <shortName>YSFRI</shortName>
        
        
					
        
        <address>
          
          
						
          
          <street>NANJING ROAD 106</street>
          
          
						
          
          <city>QINGDAO</city>
          
          
						
          
          <postalCode>266071</postalCode>
          
          
						
          
          <country>CN</country>
          
          
					
        
        </address>
        
        
					
        
        <relations>
          
          
						
          
          <categories>
            
            
							
            
            <category classification="organizationActivityType" type="relatedOrganizationActivityType">
              
              
								
              
              <availableLanguages readOnly="true">en</availableLanguages>
              
              
								
              
              <code>/REC</code>
              
              
								
              
              <title>Research Organisations</title>
              
              
								
							
            
            </category>
            
            
						
          
          </categories>
          
          
						
          
          <regions>
            
            
							
            
            <region type="relatedRegion">
              
              
								
							
									
              
              <name>China</name>
              
              
									
              
              <nutsCode>CN</nutsCode>
              
              
									
              
              <euCode>CN</euCode>
              
              
									
              
              <isoCode>CN</isoCode>
              
              
									
              
              <rcn>207522344</rcn>
              
              
								
            
            </region>
            
            
						
          
          </regions>
          
          
					
        
        </relations>
        
        
				
      
      </organization>
      
      
			
      
      <organization ecContribution="150000" order="4" terminated="false" type="participant">
        
        
				
			
					
        
        <availableLanguages readOnly="true">en</availableLanguages>
        
        
					
        
        <rcn>2390808</rcn>
        
        
					
        
        <id>946465376</id>
        
        
					
        
        <vatNumber>IT04224550279</vatNumber>
        
        
					
        
        <legalName>BLUEFARM SRL</legalName>
        
        
					
        
        <shortName>BLUEFARM</shortName>
        
        
					
        
        <address>
          
          
						
          
          <street>SESTIERE CASTELLO 2697</street>
          
          
						
          
          <city>VENEZIA</city>
          
          
						
          
          <postalCode>30122</postalCode>
          
          
						
          
          <country>IT</country>
          
          
					
        
        </address>
        
        
					
        
        <relations>
          
          
						
          
          <categories>
            
            
							
            
            <category classification="organizationActivityType" type="relatedOrganizationActivityType">
              
              
								
              
              <availableLanguages readOnly="true">en</availableLanguages>
              
              
								
              
              <code>/PRC</code>
              
              
								
              
              <title>Private for-profit entities (excluding Higher or Secondary Education Establishments)</title>
              
              
								
							
            
            </category>
            
            
						
          
          </categories>
          
          
						
          
          <regions>
            
            
							
            
            <region type="relatedRegion">
              
              
								
							
									
              
              <name>Italy</name>
              
              
									
              
              <nutsCode>IT</nutsCode>
              
              
									
              
              <euCode>IT</euCode>
              
              
									
              
              <isoCode>IT</isoCode>
              
              
									
              
              <rcn>309758504</rcn>
              
              
								
            
            </region>
            
            
						
          
          </regions>
          
          
					
        
        </relations>
        
        
				
      
      </organization>
      
      
			
      
      <organization ecContribution="200000" order="16" terminated="false" type="participant">
        
        
				
			
					
        
        <availableLanguages readOnly="true">en</availableLanguages>
        
        
					
        
        <rcn>1907146</rcn>
        
        
					
        
        <id>999975717</id>
        
        
					
        
        <vatNumber>IE0006286E</vatNumber>
        
        
					
        
        <legalName>UNIVERSITY COLLEGE CORK -  NATIONAL UNIVERSITY OF IRELAND, CORK</legalName>
        
        
					
        
        <shortName>UCC</shortName>
        
        
					
        
        <address>
          
          
						
          
          <street>WESTERN ROAD</street>
          
          
						
          
          <city>Cork</city>
          
          
						
          
          <postalCode>T12 YN60</postalCode>
          
          
						
          
          <country>IE</country>
          
          
						
          
          <postBox>000</postBox>
          
          
						
          
          <url>www.ucc.ie</url>
          
          
					
        
        </address>
        
        
					
        
        <departmentName>Tyndall National Institute</departmentName>
        
        
					
        
        <relations>
          
          
						
          
          <categories>
            
            
							
            
            <category classification="organizationActivityType" type="relatedOrganizationActivityType">
              
              
								
              
              <availableLanguages readOnly="true">en</availableLanguages>
              
              
								
              
              <code>/HES</code>
              
              
								
              
              <title>Higher or Secondary Education Establishments</title>
              
              
								
							
            
            </category>
            
            
						
          
          </categories>
          
          
						
          
          <regions>
            
            
							
            
            <region type="relatedRegion">
              
              
								
							
									
              
              <name>Ireland</name>
              
              
									
              
              <nutsCode>IE</nutsCode>
              
              
									
              
              <euCode>IE</euCode>
              
              
									
              
              <isoCode>IE</isoCode>
              
              
									
              
              <rcn>305826344</rcn>
              
              
								
            
            </region>
            
            
						
          
          </regions>
          
          
					
        
        </relations>
        
        
				
      
      </organization>
      
      
			
      
      <programme type="relatedProgramme">
        
        
				
			
					
        
        <availableLanguages readOnly="true">de,en,es,fr,it,pl</availableLanguages>
        
        
					
        
        <rcn>664281</rcn>
        
        
					
        
        <code>H2020-EU.3.2.</code>
        
        
					
        
        <frameworkProgramme>H2020</frameworkProgramme>
        
        
					
        
        <pga>H2020-EU.3.2.</pga>
        
        
					
        
        <title>SOCIETAL CHALLENGES - Food security, sustainable agriculture and forestry, marine, maritime and inland water research, and the bioeconomy</title>
        
        
					
        
        <shortTitle>Food, agriculture, forestry, marine research and bioeconomy</shortTitle>
        
        
					
        
        <parent>
          
          
						
          
          <programme>
            
            
							
            
            <rcn>664235</rcn>
            
            
							
            
            <code>H2020-EU.3.</code>
            
            
							
            
            <parent>
              
              
								
              
              <programme>
                
                
									
                
                <rcn>664087</rcn>
                
                
									
                
                <code>H2020-EC</code>
                
                
									
                
                <parent>
                  
                  
										
                  
                  <programme>
                    
                    
											
                    
                    <rcn>664086</rcn>
                    
                    
											
                    
                    <code>H2020</code>
                    
                    
										
                  
                  </programme>
                  
                  
									
                
                </parent>
                
                
								
              
              </programme>
              
              
							
            
            </parent>
            
            
						
          
          </programme>
          
          
					
        
        </parent>
        
        
				
      
      </programme>
      
      
			
      
      <programme type="relatedSubProgramme">
        
        
				
			
					
        
        <availableLanguages readOnly="true">en</availableLanguages>
        
        
					
        
        <rcn>664741</rcn>
        
        
					
        
        <code>SFS-11a-2014</code>
        
        
					
        
        <frameworkProgramme>H2020-Topics</frameworkProgramme>
        
        
					
        
        <title>Optimizing space availability for European Aquaculture </title>
        
        
					
        
        <parent>
          
          
						
          
          <programme>
            
            
							
            
            <rcn>20200</rcn>
            
            
							
            
            <code>H2020-Topics</code>
            
            
						
          
          </programme>
          
          
					
        
        </parent>
        
        
				
      
      </programme>
      
      
			
      
      <result source="corda" type="relatedResult">
        
        
				
			
					
        
        <availableLanguages readOnly="true">en</availableLanguages>
        
        
					
        
        <rcn>210468</rcn>
        
        
					
        
        <title>Press release</title>
        
        
					
        
        <description>Press release on the project carried out in all the partner countries.</description>
        
        
					
        
        <contentUpdateDate>2017-11-28 17:53:32</contentUpdateDate>
        
        
					
        
        <relations>
          
          
						
          
          <categories>
            
            
							
            
            <category classification="collection" type="belongsTo">
              
              
								
              
              <availableLanguages readOnly="true">de,en,es,fr,it,pl</availableLanguages>
              
              
								
              
              <code>/deliverable</code>
              
              
								
              
              <title>Project deliverable</title>
              
              
								
							
            
            </category>
            
            
							
            
            <category classification="deliverableType" type="isDeliveredAs">
              
              
								
              
              <availableLanguages readOnly="true">de,en,es,fr,it,pl</availableLanguages>
              
              
								
              
              <code>/R</code>
              
              
								
              
              <title>Document, report</title>
              
              
								
							
            
            </category>
            
            
							
            
            <category classification="source" type="isProvidedBy">
              
              
								
              
              <availableLanguages readOnly="true">de,en,es,fr,it,pl</availableLanguages>
              
              
								
              
              <code>/corda</code>
              
              
								
              
              <title>CORDA</title>
              
              
								
							
            
            </category>
            
            
						
          
          </categories>
          
          
						
          
          <associations>
            
            
							
            
            <webLink source="corda" type="projectDeliverable">
              
              
								
							
									
              
              <language>en</language>
              
              
									
              
              <availableLanguages readOnly="true">en</availableLanguages>
              
              
									
              
              <url>https://www.ec.europa.eu/research/participants/documents/downloadPublic?documentIds=080166e5a016e734&amp;appId=PPGMS</url>
              
              
									
              
              <content>Documents download module Documents download module Document download Dear user, the requested document Attachment_0 is being prepared for download. Once the download is completed you may close this window by clicking on the close button. Close © European Commission  2018  - Documents download module - Version 2.6.0 - Build 20180216-0915</content>
              
              
								
            
            </webLink>
            
            
						
          
          </associations>
          
          
					
        
        </relations>
        
        
				
      
      </result>
      
      
			
      
      <result type="relatedResult">
        
        
				
			
					
        
        <availableLanguages readOnly="true">en</availableLanguages>
        
        
					
        
        <rcn>196323</rcn>
        
        
					
        
        <title>Periodic Reporting for period 1 - AquaSpace (Ecosystem Approach to making Space for Aquaculture)</title>
        
        
					
        
        <teaser>The central goal of the AquaSpace project is to provide increased space of high water quality for aquaculture by adopting the Ecosystem Approach to Aquaculture (EAA) and Marine Spatial Planning (MSP) and so to deliver food security and increased employment opportunities...</teaser>
        
        
					
        
        <description>periodic</description>
        
        
					
        
        <contentUpdateDate>2017-03-29 10:06:07</contentUpdateDate>
        
        
					
        
        <relations>
          
          
						
          
          <categories>
            
            
							
            
            <category classification="collection" type="belongsTo">
              
              
								
              
              <availableLanguages readOnly="true">de,en,es,fr,it,pl</availableLanguages>
              
              
								
              
              <code>/pubsum</code>
              
              
								
              
              <title>Report Summary</title>
              
              
								
							
            
            </category>
            
            
							
            
            <category classification="resultCategory" type="relatedResultCategory">
              
              
								
              
              <availableLanguages readOnly="true">en</availableLanguages>
              
              
								
              
              <code>/report</code>
              
              
								
              
              <title>Report summary</title>
              
              
								
							
            
            </category>
            
            
							
            
            <category classification="source" type="isProvidedBy">
              
              
								
              
              <availableLanguages readOnly="true">de,en,es,fr,it,pl</availableLanguages>
              
              
								
              
              <code>/corda</code>
              
              
								
              
              <title>CORDA</title>
              
              
								
							
            
            </category>
            
            
						
          
          </categories>
          
          
						
          
          <associations>
            
            
							
            
            <webItem type="relatedResultAttachment">
              
              
								
							
									
              
              <language>en</language>
              
              
									
              
              <availableLanguages readOnly="true">en,any</availableLanguages>
              
              
									
              
              <uri>/docs/results/h2020/633/633476_PS/venice.jpg</uri>
              
              
									
              
              <alternativeText>Participants first annual meeting - Venice</alternativeText>
              
              
									
              
              <mimetype readOnly="true">image/jpeg</mimetype>
              
              
									
              
              <size readOnly="true">0</size>
              
              
								
            
            </webItem>
            
            
						
          
          </associations>
          
          
					
        
        </relations>
        
        
				
      
      </result>
      
      
			
      
      <result source="corda" type="relatedResult">
        
        
				
			
					
        
        <availableLanguages readOnly="true">en</availableLanguages>
        
        
					
        
        <rcn>210464</rcn>
        
        
					
        
        <title>Tools and methods supporting EAA</title>
        
        
					
        
        <description>Tools and methods supporting EAA</description>
        
        
					
        
        <contentUpdateDate>2017-11-28 17:53:20</contentUpdateDate>
        
        
					
        
        <relations>
          
          
						
          
          <categories>
            
            
							
            
            <category classification="collection" type="belongsTo">
              
              
								
              
              <availableLanguages readOnly="true">de,en,es,fr,it,pl</availableLanguages>
              
              
								
              
              <code>/deliverable</code>
              
              
								
              
              <title>Project deliverable</title>
              
              
								
							
            
            </category>
            
            
							
            
            <category classification="deliverableType" type="isDeliveredAs">
              
              
								
              
              <availableLanguages readOnly="true">de,en,es,fr,it,pl</availableLanguages>
              
              
								
              
              <code>/R</code>
              
              
								
              
              <title>Document, report</title>
              
              
								
							
            
            </category>
            
            
							
            
            <category classification="source" type="isProvidedBy">
              
              
								
              
              <availableLanguages readOnly="true">de,en,es,fr,it,pl</availableLanguages>
              
              
								
              
              <code>/corda</code>
              
              
								
              
              <title>CORDA</title>
              
              
								
							
            
            </category>
            
            
						
          
          </categories>
          
          
						
          
          <associations>
            
            
							
            
            <webLink source="corda" type="projectDeliverable">
              
              
								
							
									
              
              <language>en</language>
              
              
									
              
              <availableLanguages readOnly="true">en</availableLanguages>
              
              
									
              
              <url>https://www.ec.europa.eu/research/participants/documents/downloadPublic?documentIds=080166e5afe874b8&amp;appId=PPGMS</url>
              
              
									
              
              <content>Documents download module Documents download module Document download Dear user, the requested document Attachment_0 is being prepared for download. Once the download is completed you may close this window by clicking on the close button. Close © European Commission  2018  - Documents download module - Version 2.6.0 - Build 20180216-0915</content>
              
              
								
            
            </webLink>
            
            
						
          
          </associations>
          
          
					
        
        </relations>
        
        
				
      
      </result>
      
      
			
      
      <result source="corda" type="relatedResult">
        
        
				
			
					
        
        <availableLanguages readOnly="true">en</availableLanguages>
        
        
					
        
        <rcn>210466</rcn>
        
        
					
        
        <title>Project website</title>
        
        
					
        
        <description>Project public website with private area for partners to exchange information.</description>
        
        
					
        
        <contentUpdateDate>2017-11-28 17:53:26</contentUpdateDate>
        
        
					
        
        <relations>
          
          
						
          
          <categories>
            
            
							
            
            <category classification="collection" type="belongsTo">
              
              
								
              
              <availableLanguages readOnly="true">de,en,es,fr,it,pl</availableLanguages>
              
              
								
              
              <code>/deliverable</code>
              
              
								
              
              <title>Project deliverable</title>
              
              
								
							
            
            </category>
            
            
							
            
            <category classification="deliverableType" type="isDeliveredAs">
              
              
								
              
              <availableLanguages readOnly="true">de,en,es,fr,it,pl</availableLanguages>
              
              
								
              
              <code>/DEC</code>
              
              
								
              
              <title>Websites, patent fillings, videos etc.</title>
              
              
								
							
            
            </category>
            
            
							
            
            <category classification="source" type="isProvidedBy">
              
              
								
              
              <availableLanguages readOnly="true">de,en,es,fr,it,pl</availableLanguages>
              
              
								
              
              <code>/corda</code>
              
              
								
              
              <title>CORDA</title>
              
              
								
							
            
            </category>
            
            
						
          
          </categories>
          
          
						
          
          <associations>
            
            
							
            
            <webLink source="corda" type="projectDeliverable">
              
              
								
							
									
              
              <language>en</language>
              
              
									
              
              <availableLanguages readOnly="true">en</availableLanguages>
              
              
									
              
              <url>https://www.ec.europa.eu/research/participants/documents/downloadPublic?documentIds=080166e5a016e9f7&amp;appId=PPGMS</url>
              
              
									
              
              <content>Documents download module Documents download module Document download Dear user, the requested document Attachment_0 is being prepared for download. Once the download is completed you may close this window by clicking on the close button. Close © European Commission  2018  - Documents download module - Version 2.6.0 - Build 20180216-0915</content>
              
              
								
            
            </webLink>
            
            
						
          
          </associations>
          
          
					
        
        </relations>
        
        
				
      
      </result>
      
      
			
      
      <result source="corda" type="relatedResult">
        
        
				
			
					
        
        <availableLanguages readOnly="true">en</availableLanguages>
        
        
					
        
        <rcn>210470</rcn>
        
        
					
        
        <title>Temporal variability in sea lice population connectivity and implications for regional management protocols</title>
        
        
					
        
        <details>
          
          
						
          
          <authors>TP Adams, D Aleynik, KD Black</authors>
          
          
						
          
          <journalTitle>Aquaculture Environment Interactions</journalTitle>
          
          
						
          
          <journalNumber>8</journalNumber>
          
          
						
          
          <publisher>Inter-Research</publisher>
          
          
						
          
          <publishedYear>2016</publishedYear>
          
          
						
          
          <publishedPages>585-596</publishedPages>
          
          
					
        
        </details>
        
        
					
        
        <identifiers>
          
          
						
          
          <doi>10.3354/aei00203</doi>
          
          
						
          
          <issn>1869-215X</issn>
          
          
					
        
        </identifiers>
        
        
					
        
        <contentUpdateDate>2017-11-28 17:53:37</contentUpdateDate>
        
        
					
        
        <relations>
          
          
						
          
          <categories>
            
            
							
            
            <category classification="collection" type="belongsTo">
              
              
								
              
              <availableLanguages readOnly="true">de,en,es,fr,it,pl</availableLanguages>
              
              
								
              
              <code>/publication</code>
              
              
								
              
              <title>Project publication</title>
              
              
								
							
            
            </category>
            
            
							
            
            <category classification="projectPublication" type="isPublishedAs">
              
              
								
              
              <availableLanguages readOnly="true">de,en,es,fr,it,pl</availableLanguages>
              
              
								
              
              <code>/PEER_REVIEWED_ARTICLE</code>
              
              
								
              
              <title>Peer reviewed article</title>
              
              
								
							
            
            </category>
            
            
							
            
            <category classification="source" type="isProvidedBy">
              
              
								
              
              <availableLanguages readOnly="true">de,en,es,fr,it,pl</availableLanguages>
              
              
								
              
              <code>/corda</code>
              
              
								
              
              <title>CORDA</title>
              
              
								
							
            
            </category>
            
            
						
          
          </categories>
          
          
					
        
        </relations>
        
        
				
      
      </result>
      
      
		
    
    </associations>
    
    
		
    
    <categories>
      
      
			
      
      <category classification="projectFundingSchemeCategory" type="relatedProjectFundingSchemeCategory">
        
        
				
        
        <availableLanguages readOnly="true">en</availableLanguages>
        
        
				
        
        <code>/RIA</code>
        
        
				
        
        <title>Research and Innovation action</title>
        
        
				
			
      
      </category>
      
      
		
    
    </categories>
    
    
	
  
  </relations>
  
  
	


</project>

