<?xml version="1.0" encoding="UTF-8"?>
<project xmlns="http://cordis.europa.eu">
  
  
	
	
  
  <language>en</language>
  
  
	
  
  <availableLanguages readOnly="true">en</availableLanguages>
  
  
	
  
  <rcn>193582</rcn>
  
  
	
  
  <reference>638573</reference>
  
  
	
  
  <acronym>SILENCE</acronym>
  
  
	
  
  <teaser>I propose to decipher the unresolved molecular paradox of positive versus negative gene regulation by the Glucocorticoid Receptor (GR). GR is one of the most potent anti-inflammatory drug targets in clinical use today, and one of the most powerful metabolic regulators...</teaser>
  
  
	
  
  <objective>I propose to decipher the unresolved molecular paradox of positive versus negative gene regulation by the Glucocorticoid Receptor (GR). GR is one of the most potent anti-inflammatory drug targets in clinical use today, and one of the most powerful metabolic regulators. Unfortunately, its unique ability to efficiently shut off inflammatory gene expression is accompanied by serious side effects. These undesired effects are attributed to the transcriptional activation of its metabolic target genes and limit its therapeutic use.

SILENCE uses cutting-edge genome-wide approaches to identify the molecular mechanisms underlying the transcriptional repression, or silencing, of inflammatory genes by GR. The general, open question I want to address is how one transcription factor can simultaneously both activate and repress transcription.

GR is a member of the nuclear hormone receptor family of ligand-gated transcription factors. Upon hormone binding, GR can regulate gene expression both positively and negatively, but the mechanism governing this choice is unknown. I have previously shown that classical models and existing paradigms are insufficient to explain GR-mediated gene silencing. Therefore, I postulate the existence of unknown coregulator proteins, cis-regulatory DNA sequences, noncoding RNAs, or combinations thereof. To test these hypotheses, I plan 1. a large scale RNAi screen to identify those cofactors that specify repression versus activation, 2. ChIP-exo experiments to map genomic GR binding sites at an unprecedented resolution, and 3. GRO-Seq studies to define the role of noncoding RNAs during the silencing of inflammatory genes.

Inflammation is known to contribute to the pathogenesis of numerous human illnesses, including cancer, autoimmune diseases, diabetes and cardiovascular disease. Understanding the specific mechanisms involved in the silencing of inflammatory gene expression carries transformative potential for novel therapies and safer drugs.</objective>
  
  
	
  
  <title>Mechanisms of Gene Silencing by the Glucocorticoid Receptor</title>
  
  
	
  
  <totalCost>1496275</totalCost>
  
  
	
  
  <ecMaxContribution>1496275</ecMaxContribution>
  
  
	
  
  <startDate>2015-08-01</startDate>
  
  
	
  
  <endDate>2020-07-31</endDate>
  
  
	
  
  <contract>
    
    
		
    
    <duration>60</duration>
    
    
	
  
  </contract>
  
  
	
  
  <status>SIGNED</status>
  
  
	
  
  <sourceUpdateDate>2017-10-17 13:14:25</sourceUpdateDate>
  
  
	
  
  <contentCreationDate readOnly="true">2015-05-05 16:30:15</contentCreationDate>
  
  
	
  
  <contentUpdateDate>2016-01-20 09:56:56</contentUpdateDate>
  
  
	
  
  <lastUpdateDate readOnly="true">2017-11-13 13:20:43</lastUpdateDate>
  
  
	
  
  <relations>
    
    
		
    
    <associations>
      
      
			
      
      <call type="relatedCall">
        
        
				
			
					
        
        <rcn>408</rcn>
        
        
					
        
        <title>ERC-2014-STG</title>
        
        
					
        
        <identifier>ERC-2014-STG</identifier>
        
        
				
      
      </call>
      
      
			
      
      <organization ecContribution="1496275" order="1" terminated="false" type="coordinator">
        
        
				
			
					
        
        <availableLanguages readOnly="true">en</availableLanguages>
        
        
					
        
        <rcn>1906286</rcn>
        
        
					
        
        <id>999994729</id>
        
        
					
        
        <vatNumber>DE129521671</vatNumber>
        
        
					
        
        <legalName>HELMHOLTZ ZENTRUM MUENCHEN DEUTSCHES FORSCHUNGSZENTRUM FUER GESUNDHEIT UND UMWELT GMBH</legalName>
        
        
					
        
        <shortName>HMGU</shortName>
        
        
					
        
        <address>
          
          
						
          
          <street>Ingolstaedter Landstrasse  1</street>
          
          
						
          
          <city>NEUHERBERG</city>
          
          
						
          
          <postalCode>85764</postalCode>
          
          
						
          
          <country>DE</country>
          
          
						
          
          <postBox>N/A</postBox>
          
          
						
          
          <url>www.helmholtz-muenchen.de</url>
          
          
					
        
        </address>
        
        
					
        
        <departmentName>WT</departmentName>
        
        
					
        
        <relations>
          
          
						
          
          <categories>
            
            
							
            
            <category classification="organizationActivityType" type="relatedOrganizationActivityType">
              
              
								
              
              <availableLanguages readOnly="true">en</availableLanguages>
              
              
								
              
              <code>/REC</code>
              
              
								
              
              <title>Research Organisations</title>
              
              
								
							
            
            </category>
            
            
						
          
          </categories>
          
          
						
          
          <regions>
            
            
							
            
            <region type="relatedRegion">
              
              
								
							
									
              
              <name>Germany</name>
              
              
									
              
              <nutsCode>DE</nutsCode>
              
              
									
              
              <euCode>DE</euCode>
              
              
									
              
              <isoCode>DE</isoCode>
              
              
									
              
              <rcn>221940264</rcn>
              
              
								
            
            </region>
            
            
						
          
          </regions>
          
          
					
        
        </relations>
        
        
				
      
      </organization>
      
      
			
      
      <programme type="relatedSubProgramme">
        
        
				
			
					
        
        <availableLanguages readOnly="true">en</availableLanguages>
        
        
					
        
        <rcn>664783</rcn>
        
        
					
        
        <code>ERC-StG-2014</code>
        
        
					
        
        <frameworkProgramme>H2020-Topics</frameworkProgramme>
        
        
					
        
        <title>ERC Starting Grant</title>
        
        
					
        
        <parent>
          
          
						
          
          <programme>
            
            
							
            
            <rcn>20200</rcn>
            
            
							
            
            <code>H2020-Topics</code>
            
            
						
          
          </programme>
          
          
					
        
        </parent>
        
        
				
      
      </programme>
      
      
			
      
      <programme type="relatedProgramme">
        
        
				
			
					
        
        <availableLanguages readOnly="true">de,en,es,fr,it,pl</availableLanguages>
        
        
					
        
        <rcn>664099</rcn>
        
        
					
        
        <code>H2020-EU.1.1.</code>
        
        
					
        
        <frameworkProgramme>H2020</frameworkProgramme>
        
        
					
        
        <pga>H2020-EU.1.1.</pga>
        
        
					
        
        <title>EXCELLENT SCIENCE - European Research Council (ERC)</title>
        
        
					
        
        <shortTitle>European Research Council (ERC)</shortTitle>
        
        
					
        
        <parent>
          
          
						
          
          <programme>
            
            
							
            
            <rcn>664091</rcn>
            
            
							
            
            <code>H2020-EU.1.</code>
            
            
							
            
            <parent>
              
              
								
              
              <programme>
                
                
									
                
                <rcn>664087</rcn>
                
                
									
                
                <code>H2020-EC</code>
                
                
									
                
                <parent>
                  
                  
										
                  
                  <programme>
                    
                    
											
                    
                    <rcn>664086</rcn>
                    
                    
											
                    
                    <code>H2020</code>
                    
                    
										
                  
                  </programme>
                  
                  
									
                
                </parent>
                
                
								
              
              </programme>
              
              
							
            
            </parent>
            
            
						
          
          </programme>
          
          
					
        
        </parent>
        
        
				
      
      </programme>
      
      
			
      
      <result source="corda" type="relatedResult">
        
        
				
			
					
        
        <availableLanguages readOnly="true">en</availableLanguages>
        
        
					
        
        <rcn>207519</rcn>
        
        
					
        
        <title>There goes the neighborhood: Assembly of transcriptional complexesduring the regulation of metabolism and inammation by theglucocorticoid receptor</title>
        
        
					
        
        <details>
          
          
						
          
          <authors>Franziska Greulich, M. Charlotte Hemmer, David A. Rollins, Inez Rogatsky,
N. Henriette Uhlenhaut</authors>
          
          
						
          
          <journalTitle>Steroids</journalTitle>
          
          
						
          
          <journalNumber />
          
          
						
          
          <publisher>Elsevier BV</publisher>
          
          
						
          
          <publishedYear>2016</publishedYear>
          
          
						
          
          <publishedPages />
          
          
					
        
        </details>
        
        
					
        
        <identifiers>
          
          
						
          
          <doi>10.1016/j.steroids.2016.05.003</doi>
          
          
						
          
          <issn>0039-128X</issn>
          
          
					
        
        </identifiers>
        
        
					
        
        <contentUpdateDate>2017-11-13 13:17:48</contentUpdateDate>
        
        
					
        
        <relations>
          
          
						
          
          <categories>
            
            
							
            
            <category classification="collection" type="belongsTo">
              
              
								
              
              <availableLanguages readOnly="true">de,en,es,fr,it,pl</availableLanguages>
              
              
								
              
              <code>/publication</code>
              
              
								
              
              <title>Project publication</title>
              
              
								
							
            
            </category>
            
            
							
            
            <category classification="projectPublication" type="isPublishedAs">
              
              
								
              
              <availableLanguages readOnly="true">de,en,es,fr,it,pl</availableLanguages>
              
              
								
              
              <code>/PEER_REVIEWED_ARTICLE</code>
              
              
								
              
              <title>Peer reviewed article</title>
              
              
								
							
            
            </category>
            
            
							
            
            <category classification="source" type="isProvidedBy">
              
              
								
              
              <availableLanguages readOnly="true">de,en,es,fr,it,pl</availableLanguages>
              
              
								
              
              <code>/corda</code>
              
              
								
              
              <title>CORDA</title>
              
              
								
							
            
            </category>
            
            
						
          
          </categories>
          
          
					
        
        </relations>
        
        
				
      
      </result>
      
      
		
    
    </associations>
    
    
		
    
    <categories>
      
      
			
      
      <category classification="projectFundingSchemeCategory" type="relatedProjectFundingSchemeCategory">
        
        
				
        
        <availableLanguages readOnly="true">en</availableLanguages>
        
        
				
        
        <code>/ERC-STG</code>
        
        
				
        
        <title>Starting Grant</title>
        
        
				
			
      
      </category>
      
      
		
    
    </categories>
    
    
	
  
  </relations>
  
  
	


</project>

