<?xml version="1.0" encoding="UTF-8"?>
<project xmlns="http://cordis.europa.eu">
  
  
	
	
  
  <language>en</language>
  
  
	
  
  <availableLanguages readOnly="true">en</availableLanguages>
  
  
	
  
  <rcn>193390</rcn>
  
  
	
  
  <reference>636281</reference>
  
  
	
  
  <acronym>MASAI</acronym>
  
  
	
  
  <teaser>MOBILITY BASED ON AGGREGATION OF SERVICES AND APPLICATIONS INTEGRATION MASAI addresses the interconnection of digital services to facilitate mobility in heterogeneous and varying environment. MASAI designs, prototypes and pilots in the field a MObility Open Network of Services...</teaser>
  
  
	
  
  <objective>MOBILITY BASED ON AGGREGATION OF SERVICES AND APPLICATIONS INTEGRATION 
MASAI addresses the interconnection of digital services to facilitate mobility in heterogeneous and varying environment. MASAI designs, prototypes and pilots in the field a MObility Open Network of Services (MOONS) as an interconnected distributed environment, on which any service module can be easily plugged to interact with others (using principles such as DNS-SD). MASAI feeds the mobile apps ecosystem. MASAI investigates also app-2-app direct communication, app being able to call/feed other apps (iOS 8 promise). MASAI is an alternative to having centralized integration platforms – showing their limits. MOONS is then instrumental in favouring plug &amp; play services (trip planners, ticketing, community services, infotainment,…) in an open ecosystem.
In this way, a “Concierge” app (or access app which is the user entry point, a trip-planner for example) in a NFC Phone address the citizen need by combining output of several services related to ticketing , trip planners, city guide, etc, provided by modules from service operators. A set of existing (SIRI, NETEX,…) and under development (such as TS13149-part9) standards are paving the way. MASAI in return will target results that may feed this standardization process. 
MASAI vision is supported by a consortium composed by innovative SMEs previously involved in such developments (MTA, DIGIMOBEE, CARD4B, CHESS IX), completing partial approaches by enlarging the full scope to the mobility eco-system within a plug &amp; play mobility services vision. It includes  DB Systel (Deutsche Bahn - IT) as a key user reference which has identified MASAI as an open, innovative and consistent approach for building a seamless services experience for their customers, open to any applications supplier.
MASAI vision is demonstrated in a variety of environments inducing cross-fertilisation in terms of delivery of independent plug &amp; play services capable of being aggregated on any MASAI environment through open and public specifications.</objective>
  
  
	
  
  <title>MOBILITY BASED ON AGGREGATION OF SERVICES AND APPLICATIONS INTEGRATION</title>
  
  
	
  
  <totalCost>3309968.75</totalCost>
  
  
	
  
  <ecMaxContribution>3309968.75</ecMaxContribution>
  
  
	
  
  <startDate>2015-06-01</startDate>
  
  
	
  
  <endDate>2018-05-31</endDate>
  
  
	
  
  <contract>
    
    
		
    
    <duration>36</duration>
    
    
	
  
  </contract>
  
  
	
  
  <status>SIGNED</status>
  
  
	
  
  <sourceUpdateDate>2017-10-17 13:14:25</sourceUpdateDate>
  
  
	
  
  <contentCreationDate readOnly="true">2015-05-05 16:13:47</contentCreationDate>
  
  
	
  
  <contentUpdateDate>2015-04-17 08:29:46</contentUpdateDate>
  
  
	
  
  <lastUpdateDate readOnly="true">2017-11-10 17:09:42</lastUpdateDate>
  
  
	
  
  <relations>
    
    
		
    
    <associations>
      
      
			
      
      <call type="relatedCall">
        
        
				
			
					
        
        <rcn>501</rcn>
        
        
					
        
        <title>H2020-MG-2014_TwoStages</title>
        
        
					
        
        <identifier>H2020-MG-2014_TwoStages</identifier>
        
        
				
      
      </call>
      
      
			
      
      <organization ecContribution="495000" order="4" terminated="false" type="participant">
        
        
				
			
					
        
        <availableLanguages readOnly="true">en</availableLanguages>
        
        
					
        
        <rcn>2354417</rcn>
        
        
					
        
        <id>950497666</id>
        
        
					
        
        <vatNumber>DE252204770</vatNumber>
        
        
					
        
        <legalName>DB SYSTEL GMBH</legalName>
        
        
					
        
        <shortName>DB Systel</shortName>
        
        
					
        
        <address>
          
          
						
          
          <street>JURGEN PONTO PLATZ 1</street>
          
          
						
          
          <city>FRANKFURT AM MAIN</city>
          
          
						
          
          <postalCode>60329</postalCode>
          
          
						
          
          <country>DE</country>
          
          
					
        
        </address>
        
        
					
        
        <relations>
          
          
						
          
          <categories>
            
            
							
            
            <category classification="organizationActivityType" type="relatedOrganizationActivityType">
              
              
								
              
              <availableLanguages readOnly="true">en</availableLanguages>
              
              
								
              
              <code>/PRC</code>
              
              
								
              
              <title>Private for-profit entities (excluding Higher or Secondary Education Establishments)</title>
              
              
								
							
            
            </category>
            
            
						
          
          </categories>
          
          
						
          
          <regions>
            
            
							
            
            <region type="relatedRegion">
              
              
								
							
									
              
              <name>Germany</name>
              
              
									
              
              <nutsCode>DE</nutsCode>
              
              
									
              
              <euCode>DE</euCode>
              
              
									
              
              <isoCode>DE</isoCode>
              
              
									
              
              <rcn>221940264</rcn>
              
              
								
            
            </region>
            
            
						
          
          </regions>
          
          
					
        
        </relations>
        
        
				
      
      </organization>
      
      
			
      
      <organization ecContribution="802125" order="2" terminated="false" type="participant">
        
        
				
			
					
        
        <availableLanguages readOnly="true">en</availableLanguages>
        
        
					
        
        <rcn>2354415</rcn>
        
        
					
        
        <id>983112461</id>
        
        
					
        
        <vatNumber>PT508357748</vatNumber>
        
        
					
        
        <legalName>CARD4B - SYSTEMS, S.A.</legalName>
        
        
					
        
        <shortName>CARD4B</shortName>
        
        
					
        
        <address>
          
          
						
          
          <street>AV. AFONSO HENRIQUES, 1462, EDIFICIO OLYMPUS II, SALA 7   1462 OLYMPUS II</street>
          
          
						
          
          <city>MATOSINHOS</city>
          
          
						
          
          <postalCode>4450013</postalCode>
          
          
						
          
          <country>PT</country>
          
          
					
        
        </address>
        
        
					
        
        <departmentName>AV. DEFENSORES DE CHAVES</departmentName>
        
        
					
        
        <departmentName> N-15</departmentName>
        
        
					
        
        <departmentName> 4º C-D</departmentName>
        
        
					
        
        <departmentName> 1000-109 LISBON</departmentName>
        
        
					
        
        <departmentName> P</departmentName>
        
        
					
        
        <relations>
          
          
						
          
          <categories>
            
            
							
            
            <category classification="organizationActivityType" type="relatedOrganizationActivityType">
              
              
								
              
              <availableLanguages readOnly="true">en</availableLanguages>
              
              
								
              
              <code>/PRC</code>
              
              
								
              
              <title>Private for-profit entities (excluding Higher or Secondary Education Establishments)</title>
              
              
								
							
            
            </category>
            
            
						
          
          </categories>
          
          
						
          
          <regions>
            
            
							
            
            <region type="relatedRegion">
              
              
								
							
									
              
              <name>Portugal</name>
              
              
									
              
              <nutsCode>PT</nutsCode>
              
              
									
              
              <euCode>PT</euCode>
              
              
									
              
              <isoCode>PT</isoCode>
              
              
									
              
              <rcn>427199016</rcn>
              
              
								
            
            </region>
            
            
						
          
          </regions>
          
          
					
        
        </relations>
        
        
				
      
      </organization>
      
      
			
      
      <organization ecContribution="612218.75" order="5" terminated="false" type="participant">
        
        
				
			
					
        
        <availableLanguages readOnly="true">en</availableLanguages>
        
        
					
        
        <rcn>2354418</rcn>
        
        
					
        
        <id>954732880</id>
        
        
					
        
        <vatNumber>NL850895698B01</vatNumber>
        
        
					
        
        <legalName>CHESS IT INTERNATIONAL BV</legalName>
        
        
					
        
        <shortName>XIMEDES</shortName>
        
        
					
        
        <address>
          
          
						
          
          <street>LICHTFABRIEKPLEIN 1</street>
          
          
						
          
          <city>HAARLEM</city>
          
          
						
          
          <postalCode>2031</postalCode>
          
          
						
          
          <country>NL</country>
          
          
					
        
        </address>
        
        
					
        
        <relations>
          
          
						
          
          <categories>
            
            
							
            
            <category classification="organizationActivityType" type="relatedOrganizationActivityType">
              
              
								
              
              <availableLanguages readOnly="true">en</availableLanguages>
              
              
								
              
              <code>/PRC</code>
              
              
								
              
              <title>Private for-profit entities (excluding Higher or Secondary Education Establishments)</title>
              
              
								
							
            
            </category>
            
            
						
          
          </categories>
          
          
						
          
          <regions>
            
            
							
            
            <region type="relatedRegion">
              
              
								
							
									
              
              <name>Netherlands</name>
              
              
									
              
              <nutsCode>NL</nutsCode>
              
              
									
              
              <euCode>NL</euCode>
              
              
									
              
              <isoCode>NL</isoCode>
              
              
									
              
              <rcn>391547432</rcn>
              
              
								
            
            </region>
            
            
						
          
          </regions>
          
          
					
        
        </relations>
        
        
				
      
      </organization>
      
      
			
      
      <organization ecContribution="696250" order="3" terminated="false" type="participant">
        
        
				
			
					
        
        <availableLanguages readOnly="true">en</availableLanguages>
        
        
					
        
        <rcn>2083008</rcn>
        
        
					
        
        <id>950289601</id>
        
        
					
        
        <vatNumber>FR25793002908</vatNumber>
        
        
					
        
        <legalName>DIGIMOBEE SAS</legalName>
        
        
					
        
        <shortName>DIGIMOBEE SAS</shortName>
        
        
					
        
        <address>
          
          
						
          
          <street>16 RUE DE LA BANQUE 3EME ETAGE</street>
          
          
						
          
          <city>PARIS</city>
          
          
						
          
          <postalCode>75002</postalCode>
          
          
						
          
          <country>FR</country>
          
          
						
          
          <postBox>000</postBox>
          
          
						
          
          <url>www.digimobee.com</url>
          
          
					
        
        </address>
        
        
					
        
        <relations>
          
          
						
          
          <categories>
            
            
							
            
            <category classification="organizationActivityType" type="relatedOrganizationActivityType">
              
              
								
              
              <availableLanguages readOnly="true">en</availableLanguages>
              
              
								
              
              <code>/PRC</code>
              
              
								
              
              <title>Private for-profit entities (excluding Higher or Secondary Education Establishments)</title>
              
              
								
							
            
            </category>
            
            
						
          
          </categories>
          
          
						
          
          <regions>
            
            
							
            
            <region type="relatedRegion">
              
              
								
							
									
              
              <name>France</name>
              
              
									
              
              <nutsCode>FR</nutsCode>
              
              
									
              
              <euCode>FR</euCode>
              
              
									
              
              <isoCode>FR</isoCode>
              
              
									
              
              <rcn>258902568</rcn>
              
              
								
            
            </region>
            
            
						
          
          </regions>
          
          
					
        
        </relations>
        
        
				
      
      </organization>
      
      
			
      
      <organization ecContribution="704375" order="1" terminated="false" type="coordinator">
        
        
				
			
					
        
        <availableLanguages readOnly="true">en</availableLanguages>
        
        
					
        
        <rcn>2354414</rcn>
        
        
					
        
        <id>983152328</id>
        
        
					
        
        <vatNumber>BE0883052564</vatNumber>
        
        
					
        
        <legalName>MTA-MOBILITY, TICKETING &amp; APPLICATIONS SPRL</legalName>
        
        
					
        
        <shortName>MTA</shortName>
        
        
					
        
        <address>
          
          
						
          
          <street>RUE DE LA PRESSE 4</street>
          
          
						
          
          <city>BRUXELLES</city>
          
          
						
          
          <postalCode>1000</postalCode>
          
          
						
          
          <country>BE</country>
          
          
					
        
        </address>
        
        
					
        
        <relations>
          
          
						
          
          <categories>
            
            
							
            
            <category classification="organizationActivityType" type="relatedOrganizationActivityType">
              
              
								
              
              <availableLanguages readOnly="true">en</availableLanguages>
              
              
								
              
              <code>/PRC</code>
              
              
								
              
              <title>Private for-profit entities (excluding Higher or Secondary Education Establishments)</title>
              
              
								
							
            
            </category>
            
            
						
          
          </categories>
          
          
						
          
          <regions>
            
            
							
            
            <region type="relatedRegion">
              
              
								
							
									
              
              <name>Belgium</name>
              
              
									
              
              <nutsCode>BE</nutsCode>
              
              
									
              
              <euCode>BE</euCode>
              
              
									
              
              <isoCode>BE</isoCode>
              
              
									
              
              <rcn>188385832</rcn>
              
              
								
            
            </region>
            
            
						
          
          </regions>
          
          
					
        
        </relations>
        
        
				
      
      </organization>
      
      
			
      
      <programme type="relatedSubProgramme">
        
        
				
			
					
        
        <availableLanguages readOnly="true">en</availableLanguages>
        
        
					
        
        <rcn>664914</rcn>
        
        
					
        
        <code>MG-7.2a-2014</code>
        
        
					
        
        <frameworkProgramme>H2020-Topics</frameworkProgramme>
        
        
					
        
        <title>Towards seamless mobility addressing fragmentation in ITS deployment in Europe</title>
        
        
					
        
        <parent>
          
          
						
          
          <programme>
            
            
							
            
            <rcn>20200</rcn>
            
            
							
            
            <code>H2020-Topics</code>
            
            
						
          
          </programme>
          
          
					
        
        </parent>
        
        
				
      
      </programme>
      
      
			
      
      <programme type="relatedProgramme">
        
        
				
			
					
        
        <availableLanguages readOnly="true">de,en,es,fr,it,pl</availableLanguages>
        
        
					
        
        <rcn>664357</rcn>
        
        
					
        
        <code>H2020-EU.3.4.</code>
        
        
					
        
        <frameworkProgramme>H2020</frameworkProgramme>
        
        
					
        
        <pga>H2020-EU.3.4.</pga>
        
        
					
        
        <title>SOCIETAL CHALLENGES - Smart, Green And Integrated Transport</title>
        
        
					
        
        <shortTitle>Transport</shortTitle>
        
        
					
        
        <parent>
          
          
						
          
          <programme>
            
            
							
            
            <rcn>664235</rcn>
            
            
							
            
            <code>H2020-EU.3.</code>
            
            
							
            
            <parent>
              
              
								
              
              <programme>
                
                
									
                
                <rcn>664087</rcn>
                
                
									
                
                <code>H2020-EC</code>
                
                
									
                
                <parent>
                  
                  
										
                  
                  <programme>
                    
                    
											
                    
                    <rcn>664086</rcn>
                    
                    
											
                    
                    <code>H2020</code>
                    
                    
										
                  
                  </programme>
                  
                  
									
                
                </parent>
                
                
								
              
              </programme>
              
              
							
            
            </parent>
            
            
						
          
          </programme>
          
          
					
        
        </parent>
        
        
				
      
      </programme>
      
      
			
      
      <result source="corda" type="relatedResult">
        
        
				
			
					
        
        <availableLanguages readOnly="true">en</availableLanguages>
        
        
					
        
        <rcn>207113</rcn>
        
        
					
        
        <title>Promoting MASAI Solutions to standardisation bodies</title>
        
        
					
        
        <description>Promoting MASAI Solutions to standardisation bodies</description>
        
        
					
        
        <contentUpdateDate>2017-11-10 17:06:35</contentUpdateDate>
        
        
					
        
        <relations>
          
          
						
          
          <categories>
            
            
							
            
            <category classification="collection" type="belongsTo">
              
              
								
              
              <availableLanguages readOnly="true">de,en,es,fr,it,pl</availableLanguages>
              
              
								
              
              <code>/deliverable</code>
              
              
								
              
              <title>Project deliverable</title>
              
              
								
							
            
            </category>
            
            
							
            
            <category classification="deliverableType" type="isDeliveredAs">
              
              
								
              
              <availableLanguages readOnly="true">de,en,es,fr,it,pl</availableLanguages>
              
              
								
              
              <code>/R</code>
              
              
								
              
              <title>Document, report</title>
              
              
								
							
            
            </category>
            
            
							
            
            <category classification="source" type="isProvidedBy">
              
              
								
              
              <availableLanguages readOnly="true">de,en,es,fr,it,pl</availableLanguages>
              
              
								
              
              <code>/corda</code>
              
              
								
              
              <title>CORDA</title>
              
              
								
							
            
            </category>
            
            
						
          
          </categories>
          
          
						
          
          <associations>
            
            
							
            
            <webLink source="corda" type="projectDeliverable">
              
              
								
							
									
              
              <language>en</language>
              
              
									
              
              <availableLanguages readOnly="true">en</availableLanguages>
              
              
									
              
              <url>https://www.ec.europa.eu/research/participants/documents/downloadPublic?documentIds=080166e5af07b59e&amp;appId=PPGMS</url>
              
              
									
              
              <content>Documents download module Documents download module Document download Dear user, the requested document Attachment_0 is being prepared for download. Once the download is completed you may close this window by clicking on the close button. Close © European Commission  2018  - Documents download module - Version 2.6.0 - Build 20180216-0915</content>
              
              
								
            
            </webLink>
            
            
						
          
          </associations>
          
          
					
        
        </relations>
        
        
				
      
      </result>
      
      
			
      
      <result source="corda" type="relatedResult">
        
        
				
			
					
        
        <availableLanguages readOnly="true">en</availableLanguages>
        
        
					
        
        <rcn>207116</rcn>
        
        
					
        
        <title>Project Public Presentation</title>
        
        
					
        
        <description>The adequate paper and electronic material for the presentation of MASAI</description>
        
        
					
        
        <contentUpdateDate>2017-11-10 17:06:39</contentUpdateDate>
        
        
					
        
        <relations>
          
          
						
          
          <categories>
            
            
							
            
            <category classification="collection" type="belongsTo">
              
              
								
              
              <availableLanguages readOnly="true">de,en,es,fr,it,pl</availableLanguages>
              
              
								
              
              <code>/deliverable</code>
              
              
								
              
              <title>Project deliverable</title>
              
              
								
							
            
            </category>
            
            
							
            
            <category classification="deliverableType" type="isDeliveredAs">
              
              
								
              
              <availableLanguages readOnly="true">de,en,es,fr,it,pl</availableLanguages>
              
              
								
              
              <code>/DEC</code>
              
              
								
              
              <title>Websites, patent fillings, videos etc.</title>
              
              
								
							
            
            </category>
            
            
							
            
            <category classification="source" type="isProvidedBy">
              
              
								
              
              <availableLanguages readOnly="true">de,en,es,fr,it,pl</availableLanguages>
              
              
								
              
              <code>/corda</code>
              
              
								
              
              <title>CORDA</title>
              
              
								
							
            
            </category>
            
            
						
          
          </categories>
          
          
						
          
          <associations>
            
            
							
            
            <webLink source="corda" type="projectDeliverable">
              
              
								
							
									
              
              <language>en</language>
              
              
									
              
              <availableLanguages readOnly="true">en</availableLanguages>
              
              
									
              
              <url>https://www.ec.europa.eu/research/participants/documents/downloadPublic?documentIds=080166e5a0201099&amp;appId=PPGMS</url>
              
              
									
              
              <content>Documents download module Documents download module Document download Dear user, the requested document Attachment_0 is being prepared for download. Once the download is completed you may close this window by clicking on the close button. Close © European Commission  2018  - Documents download module - Version 2.6.0 - Build 20180216-0915</content>
              
              
								
            
            </webLink>
            
            
						
          
          </associations>
          
          
					
        
        </relations>
        
        
				
      
      </result>
      
      
			
      
      <result type="relatedResult">
        
        
				
			
					
        
        <availableLanguages readOnly="true">en</availableLanguages>
        
        
					
        
        <rcn>198274</rcn>
        
        
					
        
        <title>Periodic Reporting for period 1 - MASAI (MOBILITY BASED ON AGGREGATION OF SERVICES AND APPLICATIONS INTEGRATION)</title>
        
        
					
        
        <teaser>The vision of MASAI is to satisfy the overall requirements for services dreamed by each mobile citizen: a tailor-made aggregation of features - a digital concierge in everyone’s pocket.MASAI approaches this aim by building, from the delivery of core elements of a digital...</teaser>
        
        
					
        
        <description>periodic</description>
        
        
					
        
        <contentUpdateDate>2017-05-18 12:20:37</contentUpdateDate>
        
        
					
        
        <relations>
          
          
						
          
          <categories>
            
            
							
            
            <category classification="collection" type="belongsTo">
              
              
								
              
              <availableLanguages readOnly="true">de,en,es,fr,it,pl</availableLanguages>
              
              
								
              
              <code>/pubsum</code>
              
              
								
              
              <title>Report Summary</title>
              
              
								
							
            
            </category>
            
            
							
            
            <category classification="resultCategory" type="relatedResultCategory">
              
              
								
              
              <availableLanguages readOnly="true">en</availableLanguages>
              
              
								
              
              <code>/report</code>
              
              
								
              
              <title>Report summary</title>
              
              
								
							
            
            </category>
            
            
							
            
            <category classification="source" type="isProvidedBy">
              
              
								
              
              <availableLanguages readOnly="true">de,en,es,fr,it,pl</availableLanguages>
              
              
								
              
              <code>/corda</code>
              
              
								
              
              <title>CORDA</title>
              
              
								
							
            
            </category>
            
            
						
          
          </categories>
          
          
						
          
          <associations>
            
            
							
            
            <webItem source="corda" type="relatedResultAttachment">
              
              
								
							
									
              
              <language>en</language>
              
              
									
              
              <availableLanguages readOnly="true">en,any</availableLanguages>
              
              
									
              
              <uri>/docs/results/h2020/636/636281_PS/masai.png</uri>
              
              
									
              
              <alternativeText>logo</alternativeText>
              
              
									
              
              <mimetype readOnly="true">image/png</mimetype>
              
              
									
              
              <size readOnly="true">0</size>
              
              
								
            
            </webItem>
            
            
							
            
            <webLink source="corda" type="relatedWebsite">
              
              
								
							
									
              
              <language>en</language>
              
              
									
              
              <availableLanguages readOnly="true">en</availableLanguages>
              
              
									
              
              <url>http://www.masai.teleticketing.eu</url>
              
              
									
              
              <content>MASAI – A digital concierge in everyone's pocket Toggle navigation Service Providers Concierges Developers Documentation for Concierges Documentation for Service Providers Service Modelling Documentation Modelling Tool (OTM-DE) Model Importer Model Downloader All models Service Publishing Documentation Publishing tool Service Discovery Documentation Service Discovery SDK Service Discovery web tool Concierge implementation Folder About Vision &amp; Mission M2C MASAI Project News &amp; events Webinar Contact us Login Join us The community for building the seamless travel experience We build tools, technology and specifications for the travel, mobility and tourism sectors. M2C enables concierges and service providers to deliver a personal concierge in everyone’s pocket. the community of the seamless travel experience M2C provide specifications, technology and tools for travel, mobility and tourism sector. M2C enables concierges and service providers to deliver a personal concierge in everyone’s pocket join masai what is masai ? MASAI is an ecosystem of service providers and concierges in the travel, mobility and tourism sector. MASAI enables a faster and more effective integration of applications for an efficient service provision and for a better seamless experience for travellers. Unlike having to access solutions separately, MASAI enables concierges and service providers to deliver a personal concierge in everyone’s pocket. get our whitebook Becoming a MASAI Member MASAI provides you with simple technology and tools to enhance your business and enrich your customer experience. Explore your opportunity to grow their network, to gain visibility and to boost their performance. As a service provider I want to promote my service You can contribute one or more modules that become part of the MASAI ecosystem. By joining MASAI, service providers can ensure their service is available for inclusion in MASAI-derived apps and other tools. MASAI offers service providers an opportunity to network, gain visibility, and boost performance Optimize costs Optimise your integration costs with MASAI standardised mechanisms Increase visibility Make your service discoverable by peers, partners, and consumers alike Minimal risk Reduce risk and investment costs to aggregate services and integrate applications learn more As a concierge, I want to improve my customers' travel experience You can contribute a model to connect travellers with MASAI services. Any participating developer, concierge provider, or service provider can develop concierge applications under the MASAI specifications. We encourage the development of diverse apps and services that meet all groups of targeted traveller needs. Grow your business Attract new customers through the MASAI network and expand your business Offer real-time services Easy integration of services and the ability of open and dynamic search Enrich your customer’s experience Offer instant customer services through dynamic searches against specific profile requirements, unlike keyword searches learn more provided tools MASAI enables a seamless travel approach for your business and end-customer. We developed multiple tools, technologies, and models with innovative international partners to enrich your services and to reach the needs of the modern traveller Modeling tools Publisher wizard Service discovery SDK and more enter the technical playground MASAI DEPLOYMENTS IN EUROPE We are focusing on providing European concierge services by connecting to local, regional and international service providers in order to provide travelers a seamless travel experience. France - Nice Local stakeholders have chosen MASAI technology to propose their digital services to third parties. The successful deployment of e-concierge application is triggering a wider adoption, with more services and stakeholders. Portugal As part of the Smart Open Lisbon program we mentor start-ups and participants for seamless mobility and provide Mobi.Cascais with technology. Trans Europe Integrated a wide range of service providers in the countries Germany, Denmark and Holand. UPCOMING EVENTS join the masai ecosystem Benefit from a rich set of tools, technologies,and specifications allowing a seamless travel experience. Take advantage of the growing ecosystem and strengthen your business by becoming an active member of the MASAI Mobility Community Join us ABOUT Vision &amp; mission M2C MASAI Project MASAI Proof of concepts MASAI Delivrables RESSOURCES Whitebook Technical Playground Documentation for Concierges Documentation for Service Providers HELP Glossary FAQs Contact     © 2017 Legal  Terms &amp; Conditions  Privacy Policy  Cookies Policy M2C – MASAI Mobility Community is supported by the MASAI Project, which receives funding from the European Union’s H2020 programme under Grant Agreement 636281. Log in with your credentials or     Create an account Sign in Remember me Lost your password? Forgot your details? Reset Password I remember my details Create Account Register We use cookies to ensure that we give you the best experience on our website. If you continue to use this site we will assume that you are happy with it.OkRead more</content>
              
              
								
            
            </webLink>
            
            
						
          
          </associations>
          
          
					
        
        </relations>
        
        
				
      
      </result>
      
      
			
      
      <result source="corda" type="relatedResult">
        
        
				
			
					
        
        <availableLanguages readOnly="true">en</availableLanguages>
        
        
					
        
        <rcn>207119</rcn>
        
        
					
        
        <title>Report on MASAI communication and Dissemination actions year 1</title>
        
        
					
        
        <description>Report on MASAI communication and Dissemination actions year 1</description>
        
        
					
        
        <contentUpdateDate>2017-11-10 17:06:43</contentUpdateDate>
        
        
					
        
        <relations>
          
          
						
          
          <categories>
            
            
							
            
            <category classification="collection" type="belongsTo">
              
              
								
              
              <availableLanguages readOnly="true">de,en,es,fr,it,pl</availableLanguages>
              
              
								
              
              <code>/deliverable</code>
              
              
								
              
              <title>Project deliverable</title>
              
              
								
							
            
            </category>
            
            
							
            
            <category classification="deliverableType" type="isDeliveredAs">
              
              
								
              
              <availableLanguages readOnly="true">de,en,es,fr,it,pl</availableLanguages>
              
              
								
              
              <code>/R</code>
              
              
								
              
              <title>Document, report</title>
              
              
								
							
            
            </category>
            
            
							
            
            <category classification="source" type="isProvidedBy">
              
              
								
              
              <availableLanguages readOnly="true">de,en,es,fr,it,pl</availableLanguages>
              
              
								
              
              <code>/corda</code>
              
              
								
              
              <title>CORDA</title>
              
              
								
							
            
            </category>
            
            
						
          
          </categories>
          
          
						
          
          <associations>
            
            
							
            
            <webLink source="corda" type="projectDeliverable">
              
              
								
							
									
              
              <language>en</language>
              
              
									
              
              <availableLanguages readOnly="true">en</availableLanguages>
              
              
									
              
              <url>https://www.ec.europa.eu/research/participants/documents/downloadPublic?documentIds=080166e5aef5265e&amp;appId=PPGMS</url>
              
              
									
              
              <content>Documents download module Documents download module Document download Dear user, the requested document Attachment_0 is being prepared for download. Once the download is completed you may close this window by clicking on the close button. Close © European Commission  2018  - Documents download module - Version 2.6.0 - Build 20180216-0915</content>
              
              
								
            
            </webLink>
            
            
						
          
          </associations>
          
          
					
        
        </relations>
        
        
				
      
      </result>
      
      
			
      
      <result source="corda" type="relatedResult">
        
        
				
			
					
        
        <availableLanguages readOnly="true">en</availableLanguages>
        
        
					
        
        <rcn>207111</rcn>
        
        
					
        
        <title>Report on the selection process for MASAI pilot stakeholders and its results</title>
        
        
					
        
        <description>Report on the selection process for MASAI pilot stakeholders and its results</description>
        
        
					
        
        <contentUpdateDate>2017-11-10 17:06:31</contentUpdateDate>
        
        
					
        
        <relations>
          
          
						
          
          <categories>
            
            
							
            
            <category classification="collection" type="belongsTo">
              
              
								
              
              <availableLanguages readOnly="true">de,en,es,fr,it,pl</availableLanguages>
              
              
								
              
              <code>/deliverable</code>
              
              
								
              
              <title>Project deliverable</title>
              
              
								
							
            
            </category>
            
            
							
            
            <category classification="deliverableType" type="isDeliveredAs">
              
              
								
              
              <availableLanguages readOnly="true">de,en,es,fr,it,pl</availableLanguages>
              
              
								
              
              <code>/R</code>
              
              
								
              
              <title>Document, report</title>
              
              
								
							
            
            </category>
            
            
							
            
            <category classification="source" type="isProvidedBy">
              
              
								
              
              <availableLanguages readOnly="true">de,en,es,fr,it,pl</availableLanguages>
              
              
								
              
              <code>/corda</code>
              
              
								
              
              <title>CORDA</title>
              
              
								
							
            
            </category>
            
            
						
          
          </categories>
          
          
						
          
          <associations>
            
            
							
            
            <webLink source="corda" type="projectDeliverable">
              
              
								
							
									
              
              <language>en</language>
              
              
									
              
              <availableLanguages readOnly="true">en</availableLanguages>
              
              
									
              
              <url>https://www.ec.europa.eu/research/participants/documents/downloadPublic?documentIds=080166e5af05769b&amp;appId=PPGMS</url>
              
              
									
              
              <content>Documents download module Documents download module Document download Dear user, the requested document Attachment_0 is being prepared for download. Once the download is completed you may close this window by clicking on the close button. Close © European Commission  2018  - Documents download module - Version 2.6.0 - Build 20180216-0915</content>
              
              
								
            
            </webLink>
            
            
						
          
          </associations>
          
          
					
        
        </relations>
        
        
				
      
      </result>
      
      
			
      
      <result source="corda" type="relatedResult">
        
        
				
			
					
        
        <availableLanguages readOnly="true">en</availableLanguages>
        
        
					
        
        <rcn>207109</rcn>
        
        
					
        
        <title>MASAI integration and internal POC</title>
        
        
					
        
        <description>MASAI integration and internal POC</description>
        
        
					
        
        <contentUpdateDate>2017-11-10 17:06:27</contentUpdateDate>
        
        
					
        
        <relations>
          
          
						
          
          <categories>
            
            
							
            
            <category classification="collection" type="belongsTo">
              
              
								
              
              <availableLanguages readOnly="true">de,en,es,fr,it,pl</availableLanguages>
              
              
								
              
              <code>/deliverable</code>
              
              
								
              
              <title>Project deliverable</title>
              
              
								
							
            
            </category>
            
            
							
            
            <category classification="deliverableType" type="isDeliveredAs">
              
              
								
              
              <availableLanguages readOnly="true">de,en,es,fr,it,pl</availableLanguages>
              
              
								
              
              <code>/O</code>
              
              
								
              
              <title>Other</title>
              
              
								
							
            
            </category>
            
            
							
            
            <category classification="source" type="isProvidedBy">
              
              
								
              
              <availableLanguages readOnly="true">de,en,es,fr,it,pl</availableLanguages>
              
              
								
              
              <code>/corda</code>
              
              
								
              
              <title>CORDA</title>
              
              
								
							
            
            </category>
            
            
						
          
          </categories>
          
          
						
          
          <associations>
            
            
							
            
            <webLink source="corda" type="projectDeliverable">
              
              
								
							
									
              
              <language>en</language>
              
              
									
              
              <availableLanguages readOnly="true">en</availableLanguages>
              
              
									
              
              <url>https://www.ec.europa.eu/research/participants/documents/downloadPublic?documentIds=080166e5af0da1f3&amp;appId=PPGMS</url>
              
              
									
              
              <content>Documents download module Documents download module Document download Dear user, the requested document Attachment_0 is being prepared for download. Once the download is completed you may close this window by clicking on the close button. Close © European Commission  2018  - Documents download module - Version 2.6.0 - Build 20180216-0915</content>
              
              
								
            
            </webLink>
            
            
						
          
          </associations>
          
          
					
        
        </relations>
        
        
				
      
      </result>
      
      
			
      
      <result source="corda" type="relatedResult">
        
        
				
			
					
        
        <availableLanguages readOnly="true">en</availableLanguages>
        
        
					
        
        <rcn>207108</rcn>
        
        
					
        
        <title>MASAI White Book v1</title>
        
        
					
        
        <description>MASAI White Book v1</description>
        
        
					
        
        <contentUpdateDate>2017-11-10 17:06:24</contentUpdateDate>
        
        
					
        
        <relations>
          
          
						
          
          <categories>
            
            
							
            
            <category classification="collection" type="belongsTo">
              
              
								
              
              <availableLanguages readOnly="true">de,en,es,fr,it,pl</availableLanguages>
              
              
								
              
              <code>/deliverable</code>
              
              
								
              
              <title>Project deliverable</title>
              
              
								
							
            
            </category>
            
            
							
            
            <category classification="deliverableType" type="isDeliveredAs">
              
              
								
              
              <availableLanguages readOnly="true">de,en,es,fr,it,pl</availableLanguages>
              
              
								
              
              <code>/R</code>
              
              
								
              
              <title>Document, report</title>
              
              
								
							
            
            </category>
            
            
							
            
            <category classification="source" type="isProvidedBy">
              
              
								
              
              <availableLanguages readOnly="true">de,en,es,fr,it,pl</availableLanguages>
              
              
								
              
              <code>/corda</code>
              
              
								
              
              <title>CORDA</title>
              
              
								
							
            
            </category>
            
            
						
          
          </categories>
          
          
						
          
          <associations>
            
            
							
            
            <webLink source="corda" type="projectDeliverable">
              
              
								
							
									
              
              <language>en</language>
              
              
									
              
              <availableLanguages readOnly="true">en</availableLanguages>
              
              
									
              
              <url>https://www.ec.europa.eu/research/participants/documents/downloadPublic?documentIds=080166e5af058145&amp;appId=PPGMS</url>
              
              
									
              
              <content>Documents download module Documents download module Document download Dear user, the requested document Attachment_0 is being prepared for download. Once the download is completed you may close this window by clicking on the close button. Close © European Commission  2018  - Documents download module - Version 2.6.0 - Build 20180216-0915</content>
              
              
								
            
            </webLink>
            
            
						
          
          </associations>
          
          
					
        
        </relations>
        
        
				
      
      </result>
      
      
		
    
    </associations>
    
    
		
    
    <categories>
      
      
			
      
      <category classification="projectFundingSchemeCategory" type="relatedProjectFundingSchemeCategory">
        
        
				
        
        <availableLanguages readOnly="true">en</availableLanguages>
        
        
				
        
        <code>/RIA</code>
        
        
				
        
        <title>Research and Innovation action</title>
        
        
				
			
      
      </category>
      
      
		
    
    </categories>
    
    
	
  
  </relations>
  
  
	


</project>

