<?xml version="1.0" encoding="UTF-8"?>
<project xmlns="http://cordis.europa.eu">
  
  
	
	
  
  <language>en</language>
  
  
	
  
  <availableLanguages readOnly="true">en</availableLanguages>
  
  
	
  
  <rcn>193585</rcn>
  
  
	
  
  <reference>638603</reference>
  
  
	
  
  <acronym>Autophagy in vitro</acronym>
  
  
	
  
  <teaser>Autophagy is a catabolic pathway that delivers cytoplasmic material to lysosomes for degradation. Under vegetative conditions, the pathway serves as quality control system, specifically targeting damaged or superfluous organelles and protein-aggregates. Cytotoxic stresses and...</teaser>
  
  
	
  
  <objective>Autophagy is a catabolic pathway that delivers cytoplasmic material to lysosomes for degradation. Under vegetative conditions, the pathway serves as quality control system, specifically targeting damaged or superfluous organelles and protein-aggregates. Cytotoxic stresses and starvation, however, induces the formation of larger autophagosomes that capture cargo unselectively. Autophagosomes are being generated from a cup-shaped precursor membrane, the isolation membrane, which expands to engulf cytoplasmic components. Sealing of this structure gives rise to the double-membrane surrounded autophagosomes. Two interconnected ubiquitin (Ub)-like conjugation systems coordinate the expansion of autophagosomes by conjugating the autophagy related (Atg)-protein Atg8 to the isolation membrane. In an effort to unravel the function of Atg8, we reconstituted the system on model membranes in vitro and found that Atg8 forms together with the Atg12–Atg5-Atg16 complex a membrane scaffold which is required for productive autophagy in yeast. Humans possess seven Atg8-homologs and two mutually exclusive Atg16-variants. Here, we propose to investigate the function of the human Ub-like conjugation system using a fully reconstituted in vitro system. The spatiotemporal organization of recombinant fluorescent-labeled proteins with synthetic model membranes will be investigated using confocal and TIRF-microscopy. Structural information will be obtained by atomic force and electron microscopy. Mechanistic insights, obtained from the in vitro work, will be tested in vivo in cultured human cells. We belief that revealing 1) the function of the human Ub-like conjugation system in autophagy, 2) the functional differences of Atg8-homologs and the two Atg16-variants Atg16L1 and TECPR1 and 3) how Atg16L1 coordinates non-canonical autophagy will provide essential insights into the pathophysiology of cancer, neurodegenerative, and autoimmune diseases.</objective>
  
  
	
  
  <title>Reconstituting Autophagosome Biogenesis in vitro</title>
  
  
	
  
  <totalCost>1499726</totalCost>
  
  
	
  
  <ecMaxContribution>1499726</ecMaxContribution>
  
  
	
  
  <startDate>2015-04-01</startDate>
  
  
	
  
  <endDate>2020-03-31</endDate>
  
  
	
  
  <contract>
    
    
		
    
    <duration>60</duration>
    
    
	
  
  </contract>
  
  
	
  
  <status>SIGNED</status>
  
  
	
  
  <sourceUpdateDate>2017-08-29 12:43:32</sourceUpdateDate>
  
  
	
  
  <contentCreationDate readOnly="true">2015-05-05 16:30:31</contentCreationDate>
  
  
	
  
  <contentUpdateDate>2017-08-05 07:29:55</contentUpdateDate>
  
  
	
  
  <lastUpdateDate readOnly="true">2017-08-29 12:46:25</lastUpdateDate>
  
  
	
  
  <relations>
    
    
		
    
    <associations>
      
      
			
      
      <call type="relatedCall">
        
        
				
			
					
        
        <rcn>408</rcn>
        
        
					
        
        <title>ERC-2014-STG</title>
        
        
					
        
        <identifier>ERC-2014-STG</identifier>
        
        
				
      
      </call>
      
      
			
      
      <organization ecContribution="314668.5" order="2" terminated="true" type="beneficiary">
        
        
				
			
					
        
        <availableLanguages readOnly="true">en</availableLanguages>
        
        
					
        
        <rcn>1905552</rcn>
        
        
					
        
        <id>999990267</id>
        
        
					
        
        <vatNumber>DE129517720</vatNumber>
        
        
					
        
        <legalName>MAX-PLANCK-GESELLSCHAFT ZUR FORDERUNG DER WISSENSCHAFTEN EV</legalName>
        
        
					
        
        <shortName>MPG</shortName>
        
        
					
        
        <address>
          
          
						
          
          <street>HOFGARTENSTRASSE 8</street>
          
          
						
          
          <city>MUENCHEN</city>
          
          
						
          
          <postalCode>80539</postalCode>
          
          
						
          
          <country>DE</country>
          
          
						
          
          <postBox>000</postBox>
          
          
						
          
          <url>www.mpg.de</url>
          
          
					
        
        </address>
        
        
					
        
        <departmentName>Max Planck Institute for Psycholinguistics</departmentName>
        
        
					
        
        <relations>
          
          
						
          
          <categories>
            
            
							
            
            <category classification="organizationActivityType" type="relatedOrganizationActivityType">
              
              
								
              
              <availableLanguages readOnly="true">en</availableLanguages>
              
              
								
              
              <code>/REC</code>
              
              
								
              
              <title>Research Organisations</title>
              
              
								
							
            
            </category>
            
            
						
          
          </categories>
          
          
						
          
          <regions>
            
            
							
            
            <region type="relatedRegion">
              
              
								
							
									
              
              <name>Germany</name>
              
              
									
              
              <nutsCode>DE</nutsCode>
              
              
									
              
              <euCode>DE</euCode>
              
              
									
              
              <isoCode>DE</isoCode>
              
              
									
              
              <rcn>221940264</rcn>
              
              
								
            
            </region>
            
            
						
          
          </regions>
          
          
					
        
        </relations>
        
        
				
      
      </organization>
      
      
			
      
      <organization ecContribution="1185057.5" order="1" terminated="false" type="hostInstitution">
        
        
				
			
					
        
        <availableLanguages readOnly="true">en</availableLanguages>
        
        
					
        
        <rcn>1906511</rcn>
        
        
					
        
        <id>999993080</id>
        
        
					
        
        <vatNumber>FR65775684897</vatNumber>
        
        
					
        
        <legalName>INSTITUT PASTEUR</legalName>
        
        
					
        
        <shortName>IP</shortName>
        
        
					
        
        <address>
          
          
						
          
          <street>RUE DU DOCTEUR ROUX 25-28</street>
          
          
						
          
          <city>PARIS CEDEX 15</city>
          
          
						
          
          <postalCode>75724</postalCode>
          
          
						
          
          <country>FR</country>
          
          
						
          
          <postBox>N/A</postBox>
          
          
						
          
          <url>http://www.pasteur.fr</url>
          
          
					
        
        </address>
        
        
					
        
        <departmentName>Scientific Department</departmentName>
        
        
					
        
        <relations>
          
          
						
          
          <categories>
            
            
							
            
            <category classification="organizationActivityType" type="relatedOrganizationActivityType">
              
              
								
              
              <availableLanguages readOnly="true">en</availableLanguages>
              
              
								
              
              <code>/REC</code>
              
              
								
              
              <title>Research Organisations</title>
              
              
								
							
            
            </category>
            
            
						
          
          </categories>
          
          
						
          
          <regions>
            
            
							
            
            <region type="relatedRegion">
              
              
								
							
									
              
              <name>France</name>
              
              
									
              
              <nutsCode>FR</nutsCode>
              
              
									
              
              <euCode>FR</euCode>
              
              
									
              
              <isoCode>FR</isoCode>
              
              
									
              
              <rcn>258902568</rcn>
              
              
								
            
            </region>
            
            
						
          
          </regions>
          
          
					
        
        </relations>
        
        
				
      
      </organization>
      
      
			
      
      <programme type="relatedSubProgramme">
        
        
				
			
					
        
        <availableLanguages readOnly="true">en</availableLanguages>
        
        
					
        
        <rcn>664783</rcn>
        
        
					
        
        <code>ERC-StG-2014</code>
        
        
					
        
        <frameworkProgramme>H2020-Topics</frameworkProgramme>
        
        
					
        
        <title>ERC Starting Grant</title>
        
        
					
        
        <parent>
          
          
						
          
          <programme>
            
            
							
            
            <rcn>20200</rcn>
            
            
							
            
            <code>H2020-Topics</code>
            
            
						
          
          </programme>
          
          
					
        
        </parent>
        
        
				
      
      </programme>
      
      
			
      
      <programme type="relatedProgramme">
        
        
				
			
					
        
        <availableLanguages readOnly="true">de,en,es,fr,it,pl</availableLanguages>
        
        
					
        
        <rcn>664099</rcn>
        
        
					
        
        <code>H2020-EU.1.1.</code>
        
        
					
        
        <frameworkProgramme>H2020</frameworkProgramme>
        
        
					
        
        <pga>H2020-EU.1.1.</pga>
        
        
					
        
        <title>EXCELLENT SCIENCE - European Research Council (ERC)</title>
        
        
					
        
        <shortTitle>European Research Council (ERC)</shortTitle>
        
        
					
        
        <parent>
          
          
						
          
          <programme>
            
            
							
            
            <rcn>664091</rcn>
            
            
							
            
            <code>H2020-EU.1.</code>
            
            
							
            
            <parent>
              
              
								
              
              <programme>
                
                
									
                
                <rcn>664087</rcn>
                
                
									
                
                <code>H2020-EC</code>
                
                
									
                
                <parent>
                  
                  
										
                  
                  <programme>
                    
                    
											
                    
                    <rcn>664086</rcn>
                    
                    
											
                    
                    <code>H2020</code>
                    
                    
										
                  
                  </programme>
                  
                  
									
                
                </parent>
                
                
								
              
              </programme>
              
              
							
            
            </parent>
            
            
						
          
          </programme>
          
          
					
        
        </parent>
        
        
				
      
      </programme>
      
      
			
      
      <result type="relatedResult">
        
        
				
			
					
        
        <availableLanguages readOnly="true">en</availableLanguages>
        
        
					
        
        <rcn>201180</rcn>
        
        
					
        
        <title>Periodic Reporting for period 1 - Autophagy in vitro (Reconstituting Autophagosome Biogenesis in vitro)</title>
        
        
					
        
        <teaser>Autophagy is a catabolic pathway that delivers cytoplasmic material to lysosomes for degradation. Under vegetative conditions, the pathway serves as quality control system, specifically targeting damaged or superfluous organelles and protein-aggregates. Selective autophagy is...</teaser>
        
        
					
        
        <description>periodic</description>
        
        
					
        
        <contentUpdateDate>2017-08-03 16:36:01</contentUpdateDate>
        
        
					
        
        <relations>
          
          
						
          
          <categories>
            
            
							
            
            <category classification="collection" type="belongsTo">
              
              
								
              
              <availableLanguages readOnly="true">de,en,es,fr,it,pl</availableLanguages>
              
              
								
              
              <code>/pubsum</code>
              
              
								
              
              <title>Report Summary</title>
              
              
								
							
            
            </category>
            
            
							
            
            <category classification="resultCategory" type="relatedResultCategory">
              
              
								
              
              <availableLanguages readOnly="true">en</availableLanguages>
              
              
								
              
              <code>/report</code>
              
              
								
              
              <title>Report summary</title>
              
              
								
							
            
            </category>
            
            
							
            
            <category classification="source" type="isProvidedBy">
              
              
								
              
              <availableLanguages readOnly="true">de,en,es,fr,it,pl</availableLanguages>
              
              
								
              
              <code>/corda</code>
              
              
								
              
              <title>CORDA</title>
              
              
								
							
            
            </category>
            
            
						
          
          </categories>
          
          
					
        
        </relations>
        
        
				
      
      </result>
      
      
		
    
    </associations>
    
    
		
    
    <categories>
      
      
			
      
      <category classification="projectFundingSchemeCategory" type="relatedProjectFundingSchemeCategory">
        
        
				
        
        <availableLanguages readOnly="true">en</availableLanguages>
        
        
				
        
        <code>/ERC-STG</code>
        
        
				
        
        <title>Starting Grant</title>
        
        
				
			
      
      </category>
      
      
		
    
    </categories>
    
    
	
  
  </relations>
  
  
	


</project>

