<?xml version="1.0" encoding="UTF-8"?>
<project xmlns="http://cordis.europa.eu">
  
  
	
	
  
  <language>en</language>
  
  
	
  
  <availableLanguages readOnly="true">en</availableLanguages>
  
  
	
  
  <rcn>193571</rcn>
  
  
	
  
  <reference>638314</reference>
  
  
	
  
  <acronym>MoNaLISA</acronym>
  
  
	
  
  <teaser>Synaptic function is difficult to analyze in living neurons using conventional optics, since the synaptic organelles and protein clusters are small and tightly spaced. The solution to this problem can come from the field of super-resolution fluorescence microscopy, or...</teaser>
  
  
	
  
  <objective>Synaptic function is difficult to analyze in living neurons using conventional optics, since the synaptic organelles and protein clusters are small and tightly spaced. The solution to this problem can come from the field of super-resolution fluorescence microscopy, or nanoscopy. However, the current approaches to nanoscopy are still far from reaching this goal. Single molecule-based approaches (including STORM and PALM) provide high spatial resolution, but slow recording, insufficient for live imaging. Ensemble approaches (including SSIM and STED) are able to record faster, but with poorer resolution or with high, potentially toxic, laser powers. It is currently impossible to image the same neuron for hours and days, with both high spatial (~30 nm) and temporal (10-1000 Hz) resolution, and with minimal photodamage. My aim is to fill this gap, by developing, for the first time, a microscope that combines the advantages of both single molecule-based and ensemble approaches. I will base the microscope on RESOLFT, a low-photodamage ensemble approach that I have pioneered recently. I will use line patterns to speed up the recording and 2photon-switching for 3D ability. I will combine this with sensitive detection schemes that allow single-molecule detection and counting, relying on my previous expertise with PALM and GSDIM. The new set-up, termed molecular nanoscale long-term imaging with sequential acquisition (MoNaLISA), will track neuronal organelles and proteins on different time scales, spanning from milliseconds to days, with a resolution close to the molecular scale. To obtain the first proof-of-principle results, I will address several issues still open in the synaptic transmission field, relating to synaptic vesicle recycling, biogenesis and degradation. Overall, my project will introduce a novel paradigm to imaging in the life sciences, which will enable fast and quantitative nano-imaging of cells and tissues.</objective>
  
  
	
  
  <title>Long-term molecular nanoscale imaging of neuronal function</title>
  
  
	
  
  <totalCost>1725000</totalCost>
  
  
	
  
  <ecMaxContribution>1725000</ecMaxContribution>
  
  
	
  
  <startDate>2015-04-01</startDate>
  
  
	
  
  <endDate>2020-03-31</endDate>
  
  
	
  
  <contract>
    
    
		
    
    <duration>60</duration>
    
    
	
  
  </contract>
  
  
	
  
  <status>SIGNED</status>
  
  
	
  
  <sourceUpdateDate>2017-03-22 12:45:50</sourceUpdateDate>
  
  
	
  
  <contentCreationDate readOnly="true">2015-05-05 16:29:28</contentCreationDate>
  
  
	
  
  <contentUpdateDate>2017-03-20 18:22:43</contentUpdateDate>
  
  
	
  
  <lastUpdateDate readOnly="true">2017-03-22 12:45:50</lastUpdateDate>
  
  
	
  
  <relations>
    
    
		
    
    <associations>
      
      
			
      
      <call type="relatedCall">
        
        
				
			
					
        
        <rcn>408</rcn>
        
        
					
        
        <title>ERC-2014-STG</title>
        
        
					
        
        <identifier>ERC-2014-STG</identifier>
        
        
				
      
      </call>
      
      
			
      
      <organization ecContribution="1725000" order="1" terminated="false" type="hostInstitution">
        
        
				
			
					
        
        <availableLanguages readOnly="true">en</availableLanguages>
        
        
					
        
        <rcn>1906237</rcn>
        
        
					
        
        <id>999990946</id>
        
        
					
        
        <vatNumber>SE202100305401</vatNumber>
        
        
					
        
        <legalName>KUNGLIGA TEKNISKA HOEGSKOLAN</legalName>
        
        
					
        
        <shortName>KTH</shortName>
        
        
					
        
        <address>
          
          
						
          
          <street>BRINELLVAGEN 8</street>
          
          
						
          
          <city>STOCKHOLM</city>
          
          
						
          
          <postalCode>100 44</postalCode>
          
          
						
          
          <country>SE</country>
          
          
						
          
          <postBox>000</postBox>
          
          
						
          
          <url>www.kth.se</url>
          
          
					
        
        </address>
        
        
					
        
        <departmentName>School of Technology and Health</departmentName>
        
        
					
        
        <relations>
          
          
						
          
          <categories>
            
            
							
            
            <category classification="organizationActivityType" type="relatedOrganizationActivityType">
              
              
								
              
              <availableLanguages readOnly="true">en</availableLanguages>
              
              
								
              
              <code>/HES</code>
              
              
								
              
              <title>Higher or Secondary Education Establishments</title>
              
              
								
							
            
            </category>
            
            
						
          
          </categories>
          
          
						
          
          <regions>
            
            
							
            
            <region type="relatedRegion">
              
              
								
							
									
              
              <name>Sweden</name>
              
              
									
              
              <nutsCode>SE</nutsCode>
              
              
									
              
              <euCode>SE</euCode>
              
              
									
              
              <isoCode>SE</isoCode>
              
              
									
              
              <rcn>473598504</rcn>
              
              
								
            
            </region>
            
            
						
          
          </regions>
          
          
					
        
        </relations>
        
        
				
      
      </organization>
      
      
			
      
      <programme type="relatedSubProgramme">
        
        
				
			
					
        
        <availableLanguages readOnly="true">en</availableLanguages>
        
        
					
        
        <rcn>664783</rcn>
        
        
					
        
        <code>ERC-StG-2014</code>
        
        
					
        
        <frameworkProgramme>H2020-Topics</frameworkProgramme>
        
        
					
        
        <title>ERC Starting Grant</title>
        
        
					
        
        <parent>
          
          
						
          
          <programme>
            
            
							
            
            <rcn>20200</rcn>
            
            
							
            
            <code>H2020-Topics</code>
            
            
						
          
          </programme>
          
          
					
        
        </parent>
        
        
				
      
      </programme>
      
      
			
      
      <programme type="relatedProgramme">
        
        
				
			
					
        
        <availableLanguages readOnly="true">de,en,es,fr,it,pl</availableLanguages>
        
        
					
        
        <rcn>664099</rcn>
        
        
					
        
        <code>H2020-EU.1.1.</code>
        
        
					
        
        <frameworkProgramme>H2020</frameworkProgramme>
        
        
					
        
        <pga>H2020-EU.1.1.</pga>
        
        
					
        
        <title>EXCELLENT SCIENCE - European Research Council (ERC)</title>
        
        
					
        
        <shortTitle>European Research Council (ERC)</shortTitle>
        
        
					
        
        <parent>
          
          
						
          
          <programme>
            
            
							
            
            <rcn>664091</rcn>
            
            
							
            
            <code>H2020-EU.1.</code>
            
            
							
            
            <parent>
              
              
								
              
              <programme>
                
                
									
                
                <rcn>664087</rcn>
                
                
									
                
                <code>H2020-EC</code>
                
                
									
                
                <parent>
                  
                  
										
                  
                  <programme>
                    
                    
											
                    
                    <rcn>664086</rcn>
                    
                    
											
                    
                    <code>H2020</code>
                    
                    
										
                  
                  </programme>
                  
                  
									
                
                </parent>
                
                
								
              
              </programme>
              
              
							
            
            </parent>
            
            
						
          
          </programme>
          
          
					
        
        </parent>
        
        
				
      
      </programme>
      
      
			
      
      <result type="relatedResult">
        
        
				
			
					
        
        <availableLanguages readOnly="true">en</availableLanguages>
        
        
					
        
        <rcn>195108</rcn>
        
        
					
        
        <title>Periodic Reporting for period 1 - MoNaLISA (Long-term molecular nanoscale imaging of neuronal function)</title>
        
        
					
        
        <teaser>This proposal will open a completely new windows of observation for the life sciences. The MoNaLISA novel microscope will enable accurate a sensitive investigation of protein machineries in intact neurons and neuronal tissues. The novel features of our scopes will leverage...</teaser>
        
        
					
        
        <description>periodic</description>
        
        
					
        
        <contentUpdateDate>2017-02-20 10:15:32</contentUpdateDate>
        
        
					
        
        <relations>
          
          
						
          
          <categories>
            
            
							
            
            <category classification="collection" type="belongsTo">
              
              
								
              
              <availableLanguages readOnly="true">de,en,es,fr,it,pl</availableLanguages>
              
              
								
              
              <code>/pubsum</code>
              
              
								
              
              <title>Report Summary</title>
              
              
								
							
            
            </category>
            
            
							
            
            <category classification="resultCategory" type="relatedResultCategory">
              
              
								
              
              <availableLanguages readOnly="true">en</availableLanguages>
              
              
								
              
              <code>/report</code>
              
              
								
              
              <title>Report summary</title>
              
              
								
							
            
            </category>
            
            
							
            
            <category classification="source" type="isProvidedBy">
              
              
								
              
              <availableLanguages readOnly="true">de,en,es,fr,it,pl</availableLanguages>
              
              
								
              
              <code>/corda</code>
              
              
								
              
              <title>CORDA</title>
              
              
								
							
            
            </category>
            
            
						
          
          </categories>
          
          
					
        
        </relations>
        
        
				
      
      </result>
      
      
		
    
    </associations>
    
    
		
    
    <categories>
      
      
			
      
      <category classification="projectFundingSchemeCategory" type="relatedProjectFundingSchemeCategory">
        
        
				
        
        <availableLanguages readOnly="true">en</availableLanguages>
        
        
				
        
        <code>/ERC-STG</code>
        
        
				
        
        <title>Starting Grant</title>
        
        
				
			
      
      </category>
      
      
		
    
    </categories>
    
    
	
  
  </relations>
  
  
	


</project>

