<?xml version="1.0" encoding="UTF-8"?>
<project xmlns="http://cordis.europa.eu">
  
  
	
	
  
  <language>en</language>
  
  
	
  
  <availableLanguages readOnly="true">en</availableLanguages>
  
  
	
  
  <rcn>193508</rcn>
  
  
	
  
  <reference>637595</reference>
  
  
	
  
  <acronym>C3PO</acronym>
  
  
	
  
  <teaser>C3PO: advanced Concept for laser uplink/ downlink CommuniCation with sPace Objects represents a radical improvement in performance of existing ground to low earth orbit communication systems in terms of weight reduction, on-board power consumption, data rate and communication...</teaser>
  
  
	
  
  <objective>C3PO: advanced Concept for laser uplink/ downlink CommuniCation with sPace Objects represents a radical improvement in performance of existing ground to low earth orbit communication systems in terms of weight reduction, on-board power consumption, data rate and communication security &amp; confidentiality. C3PO in figures:
- Mass reduction by a factor 14
- On-board power consumption reduction by a factor 100
- Data rate increase by a factor 2

The project's objectives are to
- Design a solution to improve actual downlink and uplink communication systems based on a non-space disruptive technology
- Improve enabling Space Surveillance &amp; Tracking technologies performances to meet the final system needs
- Increase the Multiple Quantum Well Technology Readiness Level from 2 to 4
- Improve the overall perfromance of space communication systems
- Identify the C3PO system market and Business Model 
- Increase the system safety (including regulation and governance issues)

This is achieved through an operational analysis of the final system, the validation of major system parameters through 2 experiments, the consolidation of the system  architecturen the elaboration of the associated development roadmap and the definition of the system Business Model. 

The Multiple Quantum Well retro-reflector technology, derived from non-space domain, is incorporated into the current state of the art as a high-rate lightweight communication device. Its development in the space sector has a disruptive impact on the satellites and satellite imagery markets, enabling new missions such as CubeSat earth observations.

The proposed project serve the Union's Common Security &amp; Defence Policy by increasing the satellite communications security.

C3PO mobilises traditional space actors and non-space actors such as TEMATYS (SME) and ACREO (Research).</objective>
  
  
	
  
  <title>advanced Concept for laser uplink/ downlink CommuniCation with sPace Objects</title>
  
  
	
  
  <totalCost>1133017.5</totalCost>
  
  
	
  
  <ecMaxContribution>999998.25</ecMaxContribution>
  
  
	
  
  <startDate>2015-06-01</startDate>
  
  
	
  
  <endDate>2017-09-30</endDate>
  
  
	
  
  <contract>
    
    
		
    
    <duration>28</duration>
    
    
	
  
  </contract>
  
  
	
  
  <status>CLOSED</status>
  
  
	
  
  <sourceUpdateDate>2018-03-30 04:29:24</sourceUpdateDate>
  
  
	
  
  <contentCreationDate readOnly="true">2015-05-05 16:23:57</contentCreationDate>
  
  
	
  
  <contentUpdateDate>2017-08-29 10:29:42</contentUpdateDate>
  
  
	
  
  <lastUpdateDate readOnly="true">2018-05-03 11:47:45</lastUpdateDate>
  
  
	
  
  <relations>
    
    
		
    
    <associations>
      
      
			
      
      <call type="relatedCall">
        
        
				
			
					
        
        <rcn>280</rcn>
        
        
					
        
        <title>H2020-COMPET-2014</title>
        
        
					
        
        <identifier>H2020-COMPET-2014</identifier>
        
        
				
      
      </call>
      
      
			
      
      <organization ecContribution="275812.5" order="4" terminated="false" type="participant">
        
        
				
			
					
        
        <availableLanguages readOnly="true">en</availableLanguages>
        
        
					
        
        <rcn>1907766</rcn>
        
        
					
        
        <id>999979791</id>
        
        
					
        
        <vatNumber>SE556534900701</vatNumber>
        
        
					
        
        <legalName>RISE ACREO AB</legalName>
        
        
					
        
        <shortName>Acreo</shortName>
        
        
					
        
        <address>
          
          
						
          
          <street>BOX 1070</street>
          
          
						
          
          <city>KISTA</city>
          
          
						
          
          <postalCode>164 25</postalCode>
          
          
						
          
          <country>SE</country>
          
          
						
          
          <postBox>Electrum 236</postBox>
          
          
						
          
          <url>www.acreo.se</url>
          
          
					
        
        </address>
        
        
					
        
        <departmentName>Netlab</departmentName>
        
        
					
        
        <relations>
          
          
						
          
          <categories>
            
            
							
            
            <category classification="organizationActivityType" type="relatedOrganizationActivityType">
              
              
								
              
              <availableLanguages readOnly="true">en</availableLanguages>
              
              
								
              
              <code>/REC</code>
              
              
								
              
              <title>Research Organisations</title>
              
              
								
							
            
            </category>
            
            
						
          
          </categories>
          
          
						
          
          <regions>
            
            
							
            
            <region type="relatedRegion">
              
              
								
							
									
              
              <name>Sweden</name>
              
              
									
              
              <nutsCode>SE</nutsCode>
              
              
									
              
              <euCode>SE</euCode>
              
              
									
              
              <isoCode>SE</isoCode>
              
              
									
              
              <rcn>473598504</rcn>
              
              
								
            
            </region>
            
            
						
          
          </regions>
          
          
					
        
        </relations>
        
        
				
      
      </organization>
      
      
			
      
      <organization ecContribution="55003" order="5" terminated="false" type="participant">
        
        
				
			
					
        
        <availableLanguages readOnly="true">en</availableLanguages>
        
        
					
        
        <rcn>1909413</rcn>
        
        
					
        
        <id>983224302</id>
        
        
					
        
        <vatNumber>PL5213573202</vatNumber>
        
        
					
        
        <legalName>ASTRI POLSKA SPOLKA Z OGRANICZONA ODPOWIEDZIALNOSCIA</legalName>
        
        
					
        
        <shortName>ASTRI</shortName>
        
        
					
        
        <address>
          
          
						
          
          <street>ULICA BARTYCKA 18A</street>
          
          
						
          
          <city>WARSZAWA</city>
          
          
						
          
          <postalCode>00716</postalCode>
          
          
						
          
          <country>PL</country>
          
          
						
          
          <url>http://www.astripolska.pl/</url>
          
          
					
        
        </address>
        
        
					
        
        <relations>
          
          
						
          
          <categories>
            
            
							
            
            <category classification="organizationActivityType" type="relatedOrganizationActivityType">
              
              
								
              
              <availableLanguages readOnly="true">en</availableLanguages>
              
              
								
              
              <code>/PRC</code>
              
              
								
              
              <title>Private for-profit entities (excluding Higher or Secondary Education Establishments)</title>
              
              
								
							
            
            </category>
            
            
						
          
          </categories>
          
          
						
          
          <regions>
            
            
							
            
            <region type="relatedRegion">
              
              
								
							
									
              
              <name>Poland</name>
              
              
									
              
              <nutsCode>PL</nutsCode>
              
              
									
              
              <euCode>PL</euCode>
              
              
									
              
              <isoCode>PL</isoCode>
              
              
									
              
              <rcn>425101864</rcn>
              
              
								
            
            </region>
            
            
						
          
          </regions>
          
          
					
        
        </relations>
        
        
				
      
      </organization>
      
      
			
      
      <organization ecContribution="86946" order="1" terminated="false" type="coordinator">
        
        
				
			
					
        
        <availableLanguages readOnly="true">en</availableLanguages>
        
        
					
        
        <rcn>2502836</rcn>
        
        
					
        
        <id>932228201</id>
        
        
					
        
        <vatNumber>FR82519032247</vatNumber>
        
        
					
        
        <legalName>ARIANEGROUP SAS</legalName>
        
        
					
        
        <shortName>ASL</shortName>
        
        
					
        
        <address>
          
          
						
          
          <street>TOUR CRISTAL - 7-11 QUAI ANDRE CITROEN</street>
          
          
						
          
          <city>PARIS</city>
          
          
						
          
          <postalCode>75015</postalCode>
          
          
						
          
          <country>FR</country>
          
          
						
          
          <postBox>000</postBox>
          
          
					
        
        </address>
        
        
					
        
        <relations>
          
          
						
          
          <categories>
            
            
							
            
            <category classification="organizationActivityType" type="relatedOrganizationActivityType">
              
              
								
              
              <availableLanguages readOnly="true">en</availableLanguages>
              
              
								
              
              <code>/PRC</code>
              
              
								
              
              <title>Private for-profit entities (excluding Higher or Secondary Education Establishments)</title>
              
              
								
							
            
            </category>
            
            
						
          
          </categories>
          
          
						
          
          <regions>
            
            
							
            
            <region type="relatedRegion">
              
              
								
							
									
              
              <name>France</name>
              
              
									
              
              <nutsCode>FR</nutsCode>
              
              
									
              
              <euCode>FR</euCode>
              
              
									
              
              <isoCode>FR</isoCode>
              
              
									
              
              <rcn>258902568</rcn>
              
              
								
            
            </region>
            
            
						
          
          </regions>
          
          
					
        
        </relations>
        
        
				
      
      </organization>
      
      
			
      
      <organization ecContribution="205058.75" order="3" terminated="false" type="participant">
        
        
				
			
					
        
        <availableLanguages readOnly="true">en</availableLanguages>
        
        
					
        
        <rcn>1905579</rcn>
        
        
					
        
        <id>999981731</id>
        
        
					
        
        <vatNumber>DE121965658</vatNumber>
        
        
					
        
        <legalName>DEUTSCHES ZENTRUM FUER LUFT - UND RAUMFAHRT EV</legalName>
        
        
					
        
        <shortName>DLR</shortName>
        
        
					
        
        <address>
          
          
						
          
          <street>Linder Hoehe</street>
          
          
						
          
          <city>KOELN</city>
          
          
						
          
          <postalCode>51147</postalCode>
          
          
						
          
          <country>DE</country>
          
          
						
          
          <url>www.dlr.de</url>
          
          
					
        
        </address>
        
        
					
        
        <departmentName>Contract Administration Oberpfaffenhofen</departmentName>
        
        
					
        
        <relations>
          
          
						
          
          <categories>
            
            
							
            
            <category classification="organizationActivityType" type="relatedOrganizationActivityType">
              
              
								
              
              <availableLanguages readOnly="true">en</availableLanguages>
              
              
								
              
              <code>/REC</code>
              
              
								
              
              <title>Research Organisations</title>
              
              
								
							
            
            </category>
            
            
						
          
          </categories>
          
          
						
          
          <regions>
            
            
							
            
            <region type="relatedRegion">
              
              
								
							
									
              
              <name>Germany</name>
              
              
									
              
              <nutsCode>DE</nutsCode>
              
              
									
              
              <euCode>DE</euCode>
              
              
									
              
              <isoCode>DE</isoCode>
              
              
									
              
              <rcn>221940264</rcn>
              
              
								
            
            </region>
            
            
						
          
          </regions>
          
          
					
        
        </relations>
        
        
				
      
      </organization>
      
      
			
      
      <organization ecContribution="86951" order="8" terminated="true" type="participant">
        
        
				
			
					
        
        <availableLanguages readOnly="true">en</availableLanguages>
        
        
					
        
        <rcn>1909402</rcn>
        
        
					
        
        <id>999809265</id>
        
        
					
        
        <vatNumber>FR63393341516</vatNumber>
        
        
					
        
        <legalName>AIRBUS DEFENCE AND SPACE SAS</legalName>
        
        
					
        
        <shortName>ADS-F</shortName>
        
        
					
        
        <address>
          
          
						
          
          <street>31 RUE DES COSMONAUTES ZI DU PALAYS</street>
          
          
						
          
          <city>TOULOUSE CEDEX</city>
          
          
						
          
          <postalCode>31402</postalCode>
          
          
						
          
          <country>FR</country>
          
          
						
          
          <postBox>000</postBox>
          
          
						
          
          <url>www.airbusdefenceandspace.com</url>
          
          
					
        
        </address>
        
        
					
        
        <departmentName>Telecommunication system Department /EADS AStrium</departmentName>
        
        
					
        
        <relations>
          
          
						
          
          <categories>
            
            
							
            
            <category classification="organizationActivityType" type="relatedOrganizationActivityType">
              
              
								
              
              <availableLanguages readOnly="true">en</availableLanguages>
              
              
								
              
              <code>/PRC</code>
              
              
								
              
              <title>Private for-profit entities (excluding Higher or Secondary Education Establishments)</title>
              
              
								
							
            
            </category>
            
            
						
          
          </categories>
          
          
						
          
          <regions>
            
            
							
            
            <region type="relatedRegion">
              
              
								
							
									
              
              <name>France</name>
              
              
									
              
              <nutsCode>FR</nutsCode>
              
              
									
              
              <euCode>FR</euCode>
              
              
									
              
              <isoCode>FR</isoCode>
              
              
									
              
              <rcn>258902568</rcn>
              
              
								
            
            </region>
            
            
						
          
          </regions>
          
          
					
        
        </relations>
        
        
				
      
      </organization>
      
      
			
      
      <organization ecContribution="47531" order="2" terminated="false" type="participant">
        
        
				
			
					
        
        <availableLanguages readOnly="true">en</availableLanguages>
        
        
					
        
        <rcn>1911131</rcn>
        
        
					
        
        <id>996312027</id>
        
        
					
        
        <vatNumber>GB539391417</vatNumber>
        
        
					
        
        <legalName>AIRBUS GROUP LIMITED</legalName>
        
        
					
        
        <shortName>AGI</shortName>
        
        
					
        
        <address>
          
          
						
          
          <street>WELLINGTON HOUSE 125 130 STRAND</street>
          
          
						
          
          <city>LONDON</city>
          
          
						
          
          <postalCode>WC2R 0AP</postalCode>
          
          
						
          
          <country>UK</country>
          
          
						
          
          <postBox>000</postBox>
          
          
					
        
        </address>
        
        
					
        
        <departmentName>EADS Innovation Works UK</departmentName>
        
        
					
        
        <relations>
          
          
						
          
          <categories>
            
            
							
            
            <category classification="organizationActivityType" type="relatedOrganizationActivityType">
              
              
								
              
              <availableLanguages readOnly="true">en</availableLanguages>
              
              
								
              
              <code>/PRC</code>
              
              
								
              
              <title>Private for-profit entities (excluding Higher or Secondary Education Establishments)</title>
              
              
								
							
            
            </category>
            
            
						
          
          </categories>
          
          
						
          
          <regions>
            
            
							
            
            <region type="relatedRegion">
              
              
								
							
									
              
              <name>United Kingdom</name>
              
              
									
              
              <nutsCode>UK</nutsCode>
              
              
									
              
              <euCode>UK</euCode>
              
              
									
              
              <isoCode>GB</isoCode>
              
              
									
              
              <rcn>508725800</rcn>
              
              
								
            
            </region>
            
            
						
          
          </regions>
          
          
					
        
        </relations>
        
        
				
      
      </organization>
      
      
			
      
      <organization ecContribution="178946" order="6" terminated="false" type="participant">
        
        
				
			
					
        
        <availableLanguages readOnly="true">en</availableLanguages>
        
        
					
        
        <rcn>1905556</rcn>
        
        
					
        
        <id>999984350</id>
        
        
					
        
        <vatNumber>GB125506730</vatNumber>
        
        
					
        
        <legalName>THE CHANCELLOR, MASTERS AND SCHOLARS OF THE UNIVERSITY OF OXFORD</legalName>
        
        
					
        
        <shortName>UOXF</shortName>
        
        
					
        
        <address>
          
          
						
          
          <street>WELLINGTON SQUARE UNIVERSITY OFFICES</street>
          
          
						
          
          <city>OXFORD</city>
          
          
						
          
          <postalCode>OX1 2JD</postalCode>
          
          
						
          
          <country>UK</country>
          
          
						
          
          <postBox>N/A</postBox>
          
          
						
          
          <url>www.ox.ac.uk</url>
          
          
					
        
        </address>
        
        
					
        
        <departmentName>Research Services</departmentName>
        
        
					
        
        <relations>
          
          
						
          
          <categories>
            
            
							
            
            <category classification="organizationActivityType" type="relatedOrganizationActivityType">
              
              
								
              
              <availableLanguages readOnly="true">en</availableLanguages>
              
              
								
              
              <code>/HES</code>
              
              
								
              
              <title>Higher or Secondary Education Establishments</title>
              
              
								
							
            
            </category>
            
            
						
          
          </categories>
          
          
						
          
          <regions>
            
            
							
            
            <region type="relatedRegion">
              
              
								
							
									
              
              <name>United Kingdom</name>
              
              
									
              
              <nutsCode>UK</nutsCode>
              
              
									
              
              <euCode>UK</euCode>
              
              
									
              
              <isoCode>GB</isoCode>
              
              
									
              
              <rcn>508725800</rcn>
              
              
								
            
            </region>
            
            
						
          
          </regions>
          
          
					
        
        </relations>
        
        
				
      
      </organization>
      
      
			
      
      <organization ecContribution="63750" order="7" terminated="false" type="participant">
        
        
				
			
					
        
        <availableLanguages readOnly="true">en</availableLanguages>
        
        
					
        
        <rcn>2372676</rcn>
        
        
					
        
        <id>951707353</id>
        
        
					
        
        <vatNumber>FR03528943616</vatNumber>
        
        
					
        
        <legalName>TEMATYS</legalName>
        
        
					
        
        <shortName>TEM</shortName>
        
        
					
        
        <address>
          
          
						
          
          <street>6 CITE DE TREVISE</street>
          
          
						
          
          <city>PARIS</city>
          
          
						
          
          <postalCode>75009</postalCode>
          
          
						
          
          <country>FR</country>
          
          
					
        
        </address>
        
        
					
        
        <relations>
          
          
						
          
          <categories>
            
            
							
            
            <category classification="organizationActivityType" type="relatedOrganizationActivityType">
              
              
								
              
              <availableLanguages readOnly="true">en</availableLanguages>
              
              
								
              
              <code>/PRC</code>
              
              
								
              
              <title>Private for-profit entities (excluding Higher or Secondary Education Establishments)</title>
              
              
								
							
            
            </category>
            
            
						
          
          </categories>
          
          
						
          
          <regions>
            
            
							
            
            <region type="relatedRegion">
              
              
								
							
									
              
              <name>France</name>
              
              
									
              
              <nutsCode>FR</nutsCode>
              
              
									
              
              <euCode>FR</euCode>
              
              
									
              
              <isoCode>FR</isoCode>
              
              
									
              
              <rcn>258902568</rcn>
              
              
								
            
            </region>
            
            
						
          
          </regions>
          
          
					
        
        </relations>
        
        
				
      
      </organization>
      
      
			
      
      <programme type="relatedProgramme">
        
        
				
			
					
        
        <availableLanguages readOnly="true">de,en,es,fr,it,pl</availableLanguages>
        
        
					
        
        <rcn>664209</rcn>
        
        
					
        
        <code>H2020-EU.2.1.6.1.</code>
        
        
					
        
        <frameworkProgramme>H2020</frameworkProgramme>
        
        
					
        
        <pga>H2020-EU.2.1.6.1.</pga>
        
        
					
        
        <title>Enabling European competitiveness, non-dependence and innovation of the European space sector</title>
        
        
					
        
        <shortTitle>Competitiveness, non-dependence and innovation</shortTitle>
        
        
					
        
        <parent>
          
          
						
          
          <programme>
            
            
							
            
            <rcn>664207</rcn>
            
            
							
            
            <code>H2020-EU.2.1.6.</code>
            
            
							
            
            <parent>
              
              
								
              
              <programme>
                
                
									
                
                <rcn>664145</rcn>
                
                
									
                
                <code>H2020-EU.2.1.</code>
                
                
									
                
                <parent>
                  
                  
										
                  
                  <programme>
                    
                    
											
                    
                    <rcn>664143</rcn>
                    
                    
											
                    
                    <code>H2020-EU.2.</code>
                    
                    
											
                    
                    <parent>
                      
                      
												
                      
                      <programme>
                        
                        
													
                        
                        <rcn>664087</rcn>
                        
                        
													
                        
                        <code>H2020-EC</code>
                        
                        
													
                        
                        <parent>
                          
                          
														
                          
                          <programme>
                            
                            
															
                            
                            <rcn>664086</rcn>
                            
                            
															
                            
                            <code>H2020</code>
                            
                            
														
                          
                          </programme>
                          
                          
													
                        
                        </parent>
                        
                        
												
                      
                      </programme>
                      
                      
											
                    
                    </parent>
                    
                    
										
                  
                  </programme>
                  
                  
									
                
                </parent>
                
                
								
              
              </programme>
              
              
							
            
            </parent>
            
            
						
          
          </programme>
          
          
					
        
        </parent>
        
        
				
      
      </programme>
      
      
			
      
      <programme type="relatedSubProgramme">
        
        
				
			
					
        
        <availableLanguages readOnly="true">en</availableLanguages>
        
        
					
        
        <rcn>664651</rcn>
        
        
					
        
        <code>COMPET-06-2014</code>
        
        
					
        
        <frameworkProgramme>H2020-Topics</frameworkProgramme>
        
        
					
        
        <title>Bottom-up space technologies at low TRL</title>
        
        
					
        
        <parent>
          
          
						
          
          <programme>
            
            
							
            
            <rcn>20200</rcn>
            
            
							
            
            <code>H2020-Topics</code>
            
            
						
          
          </programme>
          
          
					
        
        </parent>
        
        
				
      
      </programme>
      
      
			
      
      <result source="corda" type="relatedResult">
        
        
				
			
					
        
        <availableLanguages readOnly="true">en</availableLanguages>
        
        
					
        
        <rcn>225291</rcn>
        
        
					
        
        <title>High Speed Multiple Quantum Well Modulator for Long Range Retroreflective Free Space Optics</title>
        
        
					
        
        <details>
          
          
						
          
          <authors>Quintana, Q. Wang, D. Jakonis, X. Piao, G. Erry, D. Platt, Y. Thueux, A. Gomez, G. Faulkner, H. Chun, M. Salter, and D. O’Brien Member, IEEE</authors>
          
          
						
          
          <journalTitle>IEEE PTL (Photonics Technology Letters)</journalTitle>
          
          
						
          
          <journalNumber />
          
          
						
          
          <publisher>Institute of Electrical and Electronics Engineers</publisher>
          
          
						
          
          <publishedYear>2017</publishedYear>
          
          
						
          
          <publishedPages />
          
          
					
        
        </details>
        
        
					
        
        <identifiers>
          
          
						
          
          <issn>1041-1135</issn>
          
          
					
        
        </identifiers>
        
        
					
        
        <contentUpdateDate>2018-04-12 12:31:41</contentUpdateDate>
        
        
					
        
        <relations>
          
          
						
          
          <categories>
            
            
							
            
            <category classification="collection" type="belongsTo">
              
              
								
              
              <availableLanguages readOnly="true">de,en,es,fr,it,pl</availableLanguages>
              
              
								
              
              <code>/publication</code>
              
              
								
              
              <title>Project publication</title>
              
              
								
							
            
            </category>
            
            
							
            
            <category classification="projectPublication" type="isPublishedAs">
              
              
								
              
              <availableLanguages readOnly="true">de,en,es,fr,it,pl</availableLanguages>
              
              
								
              
              <code>/PEER_REVIEWED_ARTICLE</code>
              
              
								
              
              <title>Peer reviewed article</title>
              
              
								
							
            
            </category>
            
            
							
            
            <category classification="source" type="isProvidedBy">
              
              
								
              
              <availableLanguages readOnly="true">de,en,es,fr,it,pl</availableLanguages>
              
              
								
              
              <code>/corda</code>
              
              
								
              
              <title>CORDA</title>
              
              
								
							
            
            </category>
            
            
						
          
          </categories>
          
          
					
        
        </relations>
        
        
				
      
      </result>
      
      
			
      
      <result source="corda" type="relatedResult">
        
        
				
			
					
        
        <availableLanguages readOnly="true">en</availableLanguages>
        
        
					
        
        <rcn>225290</rcn>
        
        
					
        
        <title>The C3PO project: a laser communication system concept for small satellites</title>
        
        
					
        
        <details>
          
          
						
          
          <authors>o	Benoît d'Humières, Bruno Esmiller, Yann Gouy, Emilie Steck, Crisanto Quintana , Graham Faulkner, Dominic O'Brien, Fabian Sproll, Paul Wagner, Daniel Hampf, Wolfgang Riede, Michael Salter, Qin Wang, Duncan Platt, Darius Jakonis, Xiaoyu Piao, Mikael Karlsson, Olof Oberg, Ingemar Petermann, Aneta Michalkiewicz, Jerzy Krezel, Anna Debowska, Yoann Thueux</authors>
          
          
						
          
          <journalTitle>Proc. SPIE 10096, Free-Space Laser Communication and Atmospheric Propagation XXIX, 1009611 (7 March 2017)</journalTitle>
          
          
						
          
          <journalNumber />
          
          
						
          
          <publisher>SPIE</publisher>
          
          
						
          
          <publishedYear>2017</publishedYear>
          
          
						
          
          <publishedPages />
          
          
					
        
        </details>
        
        
					
        
        <contentUpdateDate>2018-04-12 12:31:38</contentUpdateDate>
        
        
					
        
        <relations>
          
          
						
          
          <categories>
            
            
							
            
            <category classification="collection" type="belongsTo">
              
              
								
              
              <availableLanguages readOnly="true">de,en,es,fr,it,pl</availableLanguages>
              
              
								
              
              <code>/publication</code>
              
              
								
              
              <title>Project publication</title>
              
              
								
							
            
            </category>
            
            
							
            
            <category classification="projectPublication" type="isPublishedAs">
              
              
								
              
              <availableLanguages readOnly="true">de,en,es,fr,it,pl</availableLanguages>
              
              
								
              
              <code>/CONFERENCE_PROCEEDING</code>
              
              
								
              
              <title>Conference proceeding</title>
              
              
								
							
            
            </category>
            
            
							
            
            <category classification="source" type="isProvidedBy">
              
              
								
              
              <availableLanguages readOnly="true">de,en,es,fr,it,pl</availableLanguages>
              
              
								
              
              <code>/corda</code>
              
              
								
              
              <title>CORDA</title>
              
              
								
							
            
            </category>
            
            
						
          
          </categories>
          
          
					
        
        </relations>
        
        
				
      
      </result>
      
      
			
      
      <result source="corda" type="relatedResult">
        
        
				
			
					
        
        <availableLanguages readOnly="true">en</availableLanguages>
        
        
					
        
        <rcn>225301</rcn>
        
        
					
        
        <title>Final dissemination report</title>
        
        
					
        
        <description>Summary of all actions carried out in the frame of the dissemination activity.</description>
        
        
					
        
        <contentUpdateDate>2018-04-12 12:32:18</contentUpdateDate>
        
        
					
        
        <relations>
          
          
						
          
          <categories>
            
            
							
            
            <category classification="collection" type="belongsTo">
              
              
								
              
              <availableLanguages readOnly="true">de,en,es,fr,it,pl</availableLanguages>
              
              
								
              
              <code>/deliverable</code>
              
              
								
              
              <title>Project deliverable</title>
              
              
								
							
            
            </category>
            
            
							
            
            <category classification="deliverableType" type="isDeliveredAs">
              
              
								
              
              <availableLanguages readOnly="true">de,en,es,fr,it,pl</availableLanguages>
              
              
								
              
              <code>/R</code>
              
              
								
              
              <title>Document, report</title>
              
              
								
							
            
            </category>
            
            
							
            
            <category classification="source" type="isProvidedBy">
              
              
								
              
              <availableLanguages readOnly="true">de,en,es,fr,it,pl</availableLanguages>
              
              
								
              
              <code>/corda</code>
              
              
								
              
              <title>CORDA</title>
              
              
								
							
            
            </category>
            
            
						
          
          </categories>
          
          
						
          
          <associations>
            
            
							
            
            <webLink source="corda" type="projectDeliverable">
              
              
								
							
									
              
              <language>en</language>
              
              
									
              
              <availableLanguages readOnly="true">en</availableLanguages>
              
              
									
              
              <url>https://www.ec.europa.eu/research/participants/documents/downloadPublic?documentIds=080166e5b5735a07&amp;appId=PPGMS</url>
              
              
									
              
              <content>Documents download module Documents download module Document download Dear user, the requested document Attachment_0 is being prepared for download. Once the download is completed you may close this window by clicking on the close button. Close © European Commission  2018  - Documents download module - Version 2.6.0 - Build 20180216-0915</content>
              
              
								
            
            </webLink>
            
            
						
          
          </associations>
          
          
					
        
        </relations>
        
        
				
      
      </result>
      
      
			
      
      <result source="corda" type="relatedResult">
        
        
				
			
					
        
        <availableLanguages readOnly="true">en</availableLanguages>
        
        
					
        
        <rcn>225298</rcn>
        
        
					
        
        <title>Newsletter 2</title>
        
        
					
        
        <description>An article will be submitted to a non-technical daily newsletter. It would include an overall project description, achieved and expected results</description>
        
        
					
        
        <contentUpdateDate>2018-04-12 12:32:10</contentUpdateDate>
        
        
					
        
        <relations>
          
          
						
          
          <categories>
            
            
							
            
            <category classification="collection" type="belongsTo">
              
              
								
              
              <availableLanguages readOnly="true">de,en,es,fr,it,pl</availableLanguages>
              
              
								
              
              <code>/deliverable</code>
              
              
								
              
              <title>Project deliverable</title>
              
              
								
							
            
            </category>
            
            
							
            
            <category classification="deliverableType" type="isDeliveredAs">
              
              
								
              
              <availableLanguages readOnly="true">de,en,es,fr,it,pl</availableLanguages>
              
              
								
              
              <code>/DEC</code>
              
              
								
              
              <title>Websites, patent fillings, videos etc.</title>
              
              
								
							
            
            </category>
            
            
							
            
            <category classification="source" type="isProvidedBy">
              
              
								
              
              <availableLanguages readOnly="true">de,en,es,fr,it,pl</availableLanguages>
              
              
								
              
              <code>/corda</code>
              
              
								
              
              <title>CORDA</title>
              
              
								
							
            
            </category>
            
            
						
          
          </categories>
          
          
						
          
          <associations>
            
            
							
            
            <webLink source="corda" type="projectDeliverable">
              
              
								
							
									
              
              <language>en</language>
              
              
									
              
              <availableLanguages readOnly="true">en</availableLanguages>
              
              
									
              
              <url>https://www.ec.europa.eu/research/participants/documents/downloadPublic?documentIds=080166e5b5670416&amp;appId=PPGMS</url>
              
              
									
              
              <content>Documents download module Documents download module Document download Dear user, the requested document Attachment_0 is being prepared for download. Once the download is completed you may close this window by clicking on the close button. Close © European Commission  2018  - Documents download module - Version 2.6.0 - Build 20180216-0915</content>
              
              
								
            
            </webLink>
            
            
						
          
          </associations>
          
          
					
        
        </relations>
        
        
				
      
      </result>
      
      
			
      
      <result type="relatedResult">
        
        
				
			
					
        
        <availableLanguages readOnly="true">en</availableLanguages>
        
        
					
        
        <rcn>220231</rcn>
        
        
					
        
        <title>Periodic Reporting for period 1 - C3PO (advanced Concept for laser uplink/ downlink CommuniCation with sPace Objects)</title>
        
        
					
        
        <teaser>As observation and imaging capacities are continuously increasing for small satellite platforms, the downlink communication data rate becomes a major bottleneck. Nowadays, optical communication system concepts are developed worldwide as an alternative to radiofrequency...</teaser>
        
        
					
        
        <description>periodic</description>
        
        
					
        
        <contentUpdateDate>2018-03-02 16:01:23</contentUpdateDate>
        
        
					
        
        <relations>
          
          
						
          
          <categories>
            
            
							
            
            <category classification="collection" type="belongsTo">
              
              
								
              
              <availableLanguages readOnly="true">de,en,es,fr,it,pl</availableLanguages>
              
              
								
              
              <code>/pubsum</code>
              
              
								
              
              <title>Report Summary</title>
              
              
								
							
            
            </category>
            
            
							
            
            <category classification="resultCategory" type="relatedResultCategory">
              
              
								
              
              <availableLanguages readOnly="true">en</availableLanguages>
              
              
								
              
              <code>/report</code>
              
              
								
              
              <title>Report summary</title>
              
              
								
							
            
            </category>
            
            
							
            
            <category classification="source" type="isProvidedBy">
              
              
								
              
              <availableLanguages readOnly="true">de,en,es,fr,it,pl</availableLanguages>
              
              
								
              
              <code>/corda</code>
              
              
								
              
              <title>CORDA</title>
              
              
								
							
            
            </category>
            
            
						
          
          </categories>
          
          
						
          
          <associations>
            
            
							
            
            <webItem source="corda" type="relatedResultAttachment">
              
              
								
							
									
              
              <language>en</language>
              
              
									
              
              <availableLanguages readOnly="true">en,any</availableLanguages>
              
              
									
              
              <uri>/docs/results/h2020/637/637595_PS/c3po-2.png</uri>
              
              
									
              
              <alternativeText>Concept illustration</alternativeText>
              
              
									
              
              <mimetype readOnly="true">image/png</mimetype>
              
              
									
              
              <size readOnly="true">0</size>
              
              
								
            
            </webItem>
            
            
							
            
            <webItem source="corda" type="relatedResultAttachment">
              
              
								
							
									
              
              <language>en</language>
              
              
									
              
              <availableLanguages readOnly="true">en,any</availableLanguages>
              
              
									
              
              <uri>/docs/results/h2020/637/637595_PS/bandeau4-920x254.png</uri>
              
              
									
              
              <alternativeText>Project title</alternativeText>
              
              
									
              
              <mimetype readOnly="true">image/png</mimetype>
              
              
									
              
              <size readOnly="true">0</size>
              
              
								
            
            </webItem>
            
            
							
            
            <webLink source="corda" type="relatedWebsite">
              
              
								
							
									
              
              <language>en</language>
              
              
									
              
              <availableLanguages readOnly="true">en</availableLanguages>
              
              
									
              
              <url>http://c3po-h2020.eu/</url>
              
              
									
              
              <content />
              
              
								
            
            </webLink>
            
            
						
          
          </associations>
          
          
					
        
        </relations>
        
        
				
      
      </result>
      
      
			
      
      <result source="corda" type="relatedResult">
        
        
				
			
					
        
        <availableLanguages readOnly="true">en</availableLanguages>
        
        
					
        
        <rcn>225294</rcn>
        
        
					
        
        <title>Newsletter 1</title>
        
        
					
        
        <description>An article will be submitted to a non-technical daily newsletter. It would include an overall project description, achieved and expected results</description>
        
        
					
        
        <contentUpdateDate>2018-04-12 12:32:01</contentUpdateDate>
        
        
					
        
        <relations>
          
          
						
          
          <categories>
            
            
							
            
            <category classification="collection" type="belongsTo">
              
              
								
              
              <availableLanguages readOnly="true">de,en,es,fr,it,pl</availableLanguages>
              
              
								
              
              <code>/deliverable</code>
              
              
								
              
              <title>Project deliverable</title>
              
              
								
							
            
            </category>
            
            
							
            
            <category classification="deliverableType" type="isDeliveredAs">
              
              
								
              
              <availableLanguages readOnly="true">de,en,es,fr,it,pl</availableLanguages>
              
              
								
              
              <code>/DEC</code>
              
              
								
              
              <title>Websites, patent fillings, videos etc.</title>
              
              
								
							
            
            </category>
            
            
							
            
            <category classification="source" type="isProvidedBy">
              
              
								
              
              <availableLanguages readOnly="true">de,en,es,fr,it,pl</availableLanguages>
              
              
								
              
              <code>/corda</code>
              
              
								
              
              <title>CORDA</title>
              
              
								
							
            
            </category>
            
            
						
          
          </categories>
          
          
						
          
          <associations>
            
            
							
            
            <webLink source="corda" type="projectDeliverable">
              
              
								
							
									
              
              <language>en</language>
              
              
									
              
              <availableLanguages readOnly="true">en</availableLanguages>
              
              
									
              
              <url>https://www.ec.europa.eu/research/participants/documents/downloadPublic?documentIds=080166e5af0629b8&amp;appId=PPGMS</url>
              
              
									
              
              <content>Documents download module Documents download module Document download Dear user, the requested document Attachment_0 is being prepared for download. Once the download is completed you may close this window by clicking on the close button. Close © European Commission  2018  - Documents download module - Version 2.6.0 - Build 20180216-0915</content>
              
              
								
            
            </webLink>
            
            
						
          
          </associations>
          
          
					
        
        </relations>
        
        
				
      
      </result>
      
      
			
      
      <result source="corda" type="relatedResult">
        
        
				
			
					
        
        <availableLanguages readOnly="true">en</availableLanguages>
        
        
					
        
        <rcn>225292</rcn>
        
        
					
        
        <title>Webpage</title>
        
        
					
        
        <description>One of the main actions for maximising the project impact is the development, management and maintenance of internet website. TEM provides and webmasters this website for the project.

- The external part gathers all the non-confidential information on the project outcomes. Additionally, it will include the project scope and description, e-newsletter, upcoming events and publications sections.

- The internal part contains: actual project documentation and an archive system, contact platform for the internal users and a password secured access (few levels of confidentiality is taken into account in accessing to its content). (based on Sharepoint CMS. The final implementation is defined at the beginning of the project, taking onto account partners needs for data security)</description>
        
        
					
        
        <contentUpdateDate>2018-04-12 12:31:45</contentUpdateDate>
        
        
					
        
        <relations>
          
          
						
          
          <categories>
            
            
							
            
            <category classification="collection" type="belongsTo">
              
              
								
              
              <availableLanguages readOnly="true">de,en,es,fr,it,pl</availableLanguages>
              
              
								
              
              <code>/deliverable</code>
              
              
								
              
              <title>Project deliverable</title>
              
              
								
							
            
            </category>
            
            
							
            
            <category classification="deliverableType" type="isDeliveredAs">
              
              
								
              
              <availableLanguages readOnly="true">de,en,es,fr,it,pl</availableLanguages>
              
              
								
              
              <code>/DEC</code>
              
              
								
              
              <title>Websites, patent fillings, videos etc.</title>
              
              
								
							
            
            </category>
            
            
							
            
            <category classification="source" type="isProvidedBy">
              
              
								
              
              <availableLanguages readOnly="true">de,en,es,fr,it,pl</availableLanguages>
              
              
								
              
              <code>/corda</code>
              
              
								
              
              <title>CORDA</title>
              
              
								
							
            
            </category>
            
            
						
          
          </categories>
          
          
						
          
          <associations>
            
            
							
            
            <webLink source="corda" type="projectDeliverable">
              
              
								
							
									
              
              <language>en</language>
              
              
									
              
              <availableLanguages readOnly="true">en</availableLanguages>
              
              
									
              
              <url>https://www.ec.europa.eu/research/participants/documents/downloadPublic?documentIds=080166e5a4dcb05e&amp;appId=PPGMS</url>
              
              
									
              
              <content>Documents download module Documents download module Document download Dear user, the requested document Attachment_0 is being prepared for download. Once the download is completed you may close this window by clicking on the close button. Close © European Commission  2018  - Documents download module - Version 2.6.0 - Build 20180216-0915</content>
              
              
								
            
            </webLink>
            
            
						
          
          </associations>
          
          
					
        
        </relations>
        
        
				
      
      </result>
      
      
			
      
      <result source="corda" type="relatedResult">
        
        
				
			
					
        
        <availableLanguages readOnly="true">en</availableLanguages>
        
        
					
        
        <rcn>207472</rcn>
        
        
					
        
        <title>Advanced Concept for laser communication system for micro and nanosatellites</title>
        
        
					
        
        <details>
          
          
						
          
          <authors>Gouy, Yann; Wang, Qin; d'Humières, Benoît; Quintana Sanchez, Crisanto; O'Brien, Dominic; Platt, Duncan; KREZEL, Jerzy; Salter, Michael; MICHALKIEWICZ, Aneta; WAGNER, Paul; Steck, Emilie; THUEUX, Yoann; Vourc-h, Sebastien; Riede, Wolfgang</authors>
          
          
						
          
          <journalTitle>4S Symposium 2016</journalTitle>
          
          
						
          
          <journalNumber />
          
          
						
          
          <publisher>ESA &amp; CNES</publisher>
          
          
						
          
          <publishedYear>2016</publishedYear>
          
          
						
          
          <publishedPages />
          
          
					
        
        </details>
        
        
					
        
        <contentUpdateDate>2017-11-13 13:15:52</contentUpdateDate>
        
        
					
        
        <relations>
          
          
						
          
          <categories>
            
            
							
            
            <category classification="collection" type="belongsTo">
              
              
								
              
              <availableLanguages readOnly="true">de,en,es,fr,it,pl</availableLanguages>
              
              
								
              
              <code>/publication</code>
              
              
								
              
              <title>Project publication</title>
              
              
								
							
            
            </category>
            
            
							
            
            <category classification="projectPublication" type="isPublishedAs">
              
              
								
              
              <availableLanguages readOnly="true">de,en,es,fr,it,pl</availableLanguages>
              
              
								
              
              <code>/CONFERENCE_PROCEEDING</code>
              
              
								
              
              <title>Conference proceeding</title>
              
              
								
							
            
            </category>
            
            
							
            
            <category classification="source" type="isProvidedBy">
              
              
								
              
              <availableLanguages readOnly="true">de,en,es,fr,it,pl</availableLanguages>
              
              
								
              
              <code>/corda</code>
              
              
								
              
              <title>CORDA</title>
              
              
								
							
            
            </category>
            
            
						
          
          </categories>
          
          
					
        
        </relations>
        
        
				
      
      </result>
      
      
		
    
    </associations>
    
    
		
    
    <categories>
      
      
			
      
      <category classification="projectFundingSchemeCategory" type="relatedProjectFundingSchemeCategory">
        
        
				
        
        <availableLanguages readOnly="true">en</availableLanguages>
        
        
				
        
        <code>/RIA</code>
        
        
				
        
        <title>Research and Innovation action</title>
        
        
				
			
      
      </category>
      
      
		
    
    </categories>
    
    
	
  
  </relations>
  
  
	


</project>

