<?xml version="1.0" encoding="UTF-8"?>
<project xmlns="http://cordis.europa.eu">
  
  
	
	
  
  <language>en</language>
  
  
	
  
  <availableLanguages readOnly="true">en</availableLanguages>
  
  
	
  
  <rcn>193211</rcn>
  
  
	
  
  <reference>633310</reference>
  
  
	
  
  <acronym>Volcanoes Night III</acronym>
  
  
	
  
  <teaser>People have been fascinated by volcanoes ever since the dawn of mankind and treated them with utmost respect. The rapid development of converging technological areas, such as informatics, material science or space research multiplied our knowledge of earth processes and...</teaser>
  
  
	
  
  <objective>People have been fascinated by volcanoes ever since the dawn of mankind and treated them with utmost respect. The rapid development of converging technological areas, such as informatics, material science or space research multiplied our knowledge of earth processes and created some highly specialised fields within volcanology. At the same time a dramatic gap has formed between the professionals and the public. As a result, in today’s world, the work of volcanologists is nearly as mythical as the work of volcanoes in ancient times. The objective of this project is therefore to address this issue and bridge the gap between science and the general public of different ages. Participating scientists will not only talk about their field of research, but will also share their experience on how students can approach science and research institutions, providing perfect scenario to attract young people to science careers. During Volcanoes Night participants will be provided to access research facilities, and a complementary scheme of workshops, science cafés, excursions, presentations and challenge games will be arranged all to fuel the public’s curiosity, interest and understanding of research activities. As a backdrop to the Night volcanoes will be used not only to explain the work of volcanologists but also to explain what science is about and what scientists and researchers do during their daily work.</objective>
  
  
	
  
  <title>Volcanoes' Night III. - Researchers' Night of the Canary Islands</title>
  
  
	
  
  <totalCost>227225</totalCost>
  
  
	
  
  <ecMaxContribution>153000</ecMaxContribution>
  
  
	
  
  <startDate>2014-05-01</startDate>
  
  
	
  
  <endDate>2015-12-31</endDate>
  
  
	
  
  <contract>
    
    
		
    
    <duration>20</duration>
    
    
	
  
  </contract>
  
  
	
  
  <status>SIGNED</status>
  
  
	
  
  <sourceUpdateDate>2017-10-16 11:47:28</sourceUpdateDate>
  
  
	
  
  <contentCreationDate readOnly="true">2015-05-05 15:58:25</contentCreationDate>
  
  
	
  
  <contentUpdateDate>2015-03-25 16:50:52</contentUpdateDate>
  
  
	
  
  <lastUpdateDate readOnly="true">2017-11-08 18:00:12</lastUpdateDate>
  
  
	
  
  <relations>
    
    
		
    
    <associations>
      
      
			
      
      <call type="relatedCall">
        
        
				
			
					
        
        <rcn>186</rcn>
        
        
					
        
        <title>H2020-MSCA-NIGHT-2014</title>
        
        
					
        
        <identifier>H2020-MSCA-NIGHT-2014</identifier>
        
        
				
      
      </call>
      
      
			
      
      <organization ecContribution="32000" order="1" terminated="false" type="coordinator">
        
        
				
			
					
        
        <availableLanguages readOnly="true">en</availableLanguages>
        
        
					
        
        <rcn>2061058</rcn>
        
        
					
        
        <id>954900496</id>
        
        
					
        
        <vatNumber>ESB76559152</vatNumber>
        
        
					
        
        <legalName>LA PALMA RESEARCH CENTRE FOR FUTURE STUDIES SL</legalName>
        
        
					
        
        <shortName>LPRC</shortName>
        
        
					
        
        <address>
          
          
						
          
          <street>CALLE EL CASTILLO - EL FRONTON 37</street>
          
          
						
          
          <city>SANTA CRUZ DE LA PALMA</city>
          
          
						
          
          <postalCode>38787</postalCode>
          
          
						
          
          <country>ES</country>
          
          
						
          
          <url>www.lapalmacentre.eu</url>
          
          
					
        
        </address>
        
        
					
        
        <departmentName>Technology Foresight</departmentName>
        
        
					
        
        <relations>
          
          
						
          
          <categories>
            
            
							
            
            <category classification="organizationActivityType" type="relatedOrganizationActivityType">
              
              
								
              
              <availableLanguages readOnly="true">en</availableLanguages>
              
              
								
              
              <code>/PRC</code>
              
              
								
              
              <title>Private for-profit entities (excluding Higher or Secondary Education Establishments)</title>
              
              
								
							
            
            </category>
            
            
						
          
          </categories>
          
          
						
          
          <regions>
            
            
							
            
            <region type="relatedRegion">
              
              
								
							
									
              
              <name>Spain</name>
              
              
									
              
              <nutsCode>ES</nutsCode>
              
              
									
              
              <euCode>ES</euCode>
              
              
									
              
              <isoCode>ES</isoCode>
              
              
									
              
              <rcn>242387496</rcn>
              
              
								
            
            </region>
            
            
						
          
          </regions>
          
          
					
        
        </relations>
        
        
				
      
      </organization>
      
      
			
      
      <organization ecContribution="121000" order="2" terminated="false" type="participant">
        
        
				
			
					
        
        <availableLanguages readOnly="true">en</availableLanguages>
        
        
					
        
        <rcn>2141201</rcn>
        
        
					
        
        <id>992014054</id>
        
        
					
        
        <vatNumber>ESA38259115</vatNumber>
        
        
					
        
        <legalName>INSTITUTO TECNOLOGICO Y DE ENERGIAS RENOVABLES SA</legalName>
        
        
					
        
        <shortName>ITER, SA</shortName>
        
        
					
        
        <address>
          
          
						
          
          <street>POLÍGONO INDUSTRIAL DE GRANADILLA,  S/N</street>
          
          
						
          
          <city>GRANADILLA DE ABONA</city>
          
          
						
          
          <postalCode>38600</postalCode>
          
          
						
          
          <country>ES</country>
          
          
						
          
          <url>www.iter.es</url>
          
          
					
        
        </address>
        
        
					
        
        <relations>
          
          
						
          
          <categories>
            
            
							
            
            <category classification="organizationActivityType" type="relatedOrganizationActivityType">
              
              
								
              
              <availableLanguages readOnly="true">en</availableLanguages>
              
              
								
              
              <code>/PRC</code>
              
              
								
              
              <title>Private for-profit entities (excluding Higher or Secondary Education Establishments)</title>
              
              
								
							
            
            </category>
            
            
						
          
          </categories>
          
          
						
          
          <regions>
            
            
							
            
            <region type="relatedRegion">
              
              
								
							
									
              
              <name>Spain</name>
              
              
									
              
              <nutsCode>ES</nutsCode>
              
              
									
              
              <euCode>ES</euCode>
              
              
									
              
              <isoCode>ES</isoCode>
              
              
									
              
              <rcn>242387496</rcn>
              
              
								
            
            </region>
            
            
						
          
          </regions>
          
          
					
        
        </relations>
        
        
				
      
      </organization>
      
      
			
      
      <programme type="relatedSubProgramme">
        
        
				
			
					
        
        <availableLanguages readOnly="true">en</availableLanguages>
        
        
					
        
        <rcn>664549</rcn>
        
        
					
        
        <code>MSCA-NIGHT-2014</code>
        
        
					
        
        <frameworkProgramme>H2020-Topics</frameworkProgramme>
        
        
					
        
        <title>European Researchers' Night (NIGHT)</title>
        
        
					
        
        <parent>
          
          
						
          
          <programme>
            
            
							
            
            <rcn>20200</rcn>
            
            
							
            
            <code>H2020-Topics</code>
            
            
						
          
          </programme>
          
          
					
        
        </parent>
        
        
				
      
      </programme>
      
      
			
      
      <programme type="relatedProgramme">
        
        
				
			
					
        
        <availableLanguages readOnly="true">de,en,es,fr,it,pl</availableLanguages>
        
        
					
        
        <rcn>664119</rcn>
        
        
					
        
        <code>H2020-EU.1.3.5.</code>
        
        
					
        
        <frameworkProgramme>H2020</frameworkProgramme>
        
        
					
        
        <pga>H2020-EU.1.3.5.</pga>
        
        
					
        
        <title>Specific support and policy actions</title>
        
        
					
        
        <shortTitle>MSCA Specific support</shortTitle>
        
        
					
        
        <parent>
          
          
						
          
          <programme>
            
            
							
            
            <rcn>664109</rcn>
            
            
							
            
            <code>H2020-EU.1.3.</code>
            
            
							
            
            <parent>
              
              
								
              
              <programme>
                
                
									
                
                <rcn>664091</rcn>
                
                
									
                
                <code>H2020-EU.1.</code>
                
                
									
                
                <parent>
                  
                  
										
                  
                  <programme>
                    
                    
											
                    
                    <rcn>664087</rcn>
                    
                    
											
                    
                    <code>H2020-EC</code>
                    
                    
											
                    
                    <parent>
                      
                      
												
                      
                      <programme>
                        
                        
													
                        
                        <rcn>664086</rcn>
                        
                        
													
                        
                        <code>H2020</code>
                        
                        
												
                      
                      </programme>
                      
                      
											
                    
                    </parent>
                    
                    
										
                  
                  </programme>
                  
                  
									
                
                </parent>
                
                
								
              
              </programme>
              
              
							
            
            </parent>
            
            
						
          
          </programme>
          
          
					
        
        </parent>
        
        
				
      
      </programme>
      
      
			
      
      <result source="corda" type="relatedResult">
        
        
				
			
					
        
        <availableLanguages readOnly="true">en</availableLanguages>
        
        
					
        
        <rcn>206109</rcn>
        
        
					
        
        <title>Final management report</title>
        
        
					
        
        <description>The final management report will summarise the</description>
        
        
					
        
        <contentUpdateDate>2017-11-08 17:57:07</contentUpdateDate>
        
        
					
        
        <relations>
          
          
						
          
          <categories>
            
            
							
            
            <category classification="collection" type="belongsTo">
              
              
								
              
              <availableLanguages readOnly="true">de,en,es,fr,it,pl</availableLanguages>
              
              
								
              
              <code>/deliverable</code>
              
              
								
              
              <title>Project deliverable</title>
              
              
								
							
            
            </category>
            
            
							
            
            <category classification="deliverableType" type="isDeliveredAs">
              
              
								
              
              <availableLanguages readOnly="true">de,en,es,fr,it,pl</availableLanguages>
              
              
								
              
              <code>/R</code>
              
              
								
              
              <title>Document, report</title>
              
              
								
							
            
            </category>
            
            
							
            
            <category classification="source" type="isProvidedBy">
              
              
								
              
              <availableLanguages readOnly="true">de,en,es,fr,it,pl</availableLanguages>
              
              
								
              
              <code>/corda</code>
              
              
								
              
              <title>CORDA</title>
              
              
								
							
            
            </category>
            
            
						
          
          </categories>
          
          
						
          
          <associations>
            
            
							
            
            <webLink source="corda" type="projectDeliverable">
              
              
								
							
									
              
              <language>en</language>
              
              
									
              
              <availableLanguages readOnly="true">en</availableLanguages>
              
              
									
              
              <url>https://www.ec.europa.eu/research/participants/documents/downloadPublic?documentIds=080166e59e11059b&amp;appId=PPGMS</url>
              
              
									
              
              <content>Documents download module Documents download module Document download Dear user, the requested document Attachment_0 is being prepared for download. Once the download is completed you may close this window by clicking on the close button. Close © European Commission  2018  - Documents download module - Version 2.6.0 - Build 20180216-0915</content>
              
              
								
            
            </webLink>
            
            
						
          
          </associations>
          
          
					
        
        </relations>
        
        
				
      
      </result>
      
      
			
      
      <result source="corda" type="relatedResult">
        
        
				
			
					
        
        <availableLanguages readOnly="true">en</availableLanguages>
        
        
					
        
        <rcn>206107</rcn>
        
        
					
        
        <title>Report on activities during the night</title>
        
        
					
        
        <description>Deliverable will describe the various set of activties and their success rate (number of visitors they attracted) organised in all project venues during the nights. It will be accompined by photos taken during the events. PDF agendas will be incorporated in the Annexes.</description>
        
        
					
        
        <contentUpdateDate>2017-11-08 17:56:53</contentUpdateDate>
        
        
					
        
        <relations>
          
          
						
          
          <categories>
            
            
							
            
            <category classification="collection" type="belongsTo">
              
              
								
              
              <availableLanguages readOnly="true">de,en,es,fr,it,pl</availableLanguages>
              
              
								
              
              <code>/deliverable</code>
              
              
								
              
              <title>Project deliverable</title>
              
              
								
							
            
            </category>
            
            
							
            
            <category classification="deliverableType" type="isDeliveredAs">
              
              
								
              
              <availableLanguages readOnly="true">de,en,es,fr,it,pl</availableLanguages>
              
              
								
              
              <code>/R</code>
              
              
								
              
              <title>Document, report</title>
              
              
								
							
            
            </category>
            
            
							
            
            <category classification="source" type="isProvidedBy">
              
              
								
              
              <availableLanguages readOnly="true">de,en,es,fr,it,pl</availableLanguages>
              
              
								
              
              <code>/corda</code>
              
              
								
              
              <title>CORDA</title>
              
              
								
							
            
            </category>
            
            
						
          
          </categories>
          
          
						
          
          <associations>
            
            
							
            
            <webLink source="corda" type="projectDeliverable">
              
              
								
							
									
              
              <language>en</language>
              
              
									
              
              <availableLanguages readOnly="true">en</availableLanguages>
              
              
									
              
              <url>https://www.ec.europa.eu/research/participants/documents/downloadPublic?documentIds=080166e59e11059a&amp;appId=PPGMS</url>
              
              
									
              
              <content>Documents download module Documents download module Document download Dear user, the requested document Attachment_0 is being prepared for download. Once the download is completed you may close this window by clicking on the close button. Close © European Commission  2018  - Documents download module - Version 2.6.0 - Build 20180216-0915</content>
              
              
								
            
            </webLink>
            
            
						
          
          </associations>
          
          
					
        
        </relations>
        
        
				
      
      </result>
      
      
			
      
      <result type="relatedResult">
        
        
				
			
					
        
        <availableLanguages readOnly="true">en</availableLanguages>
        
        
					
        
        <rcn>187329</rcn>
        
        
					
        
        <title>Periodic Reporting for period 2 - Volcanoes Night III (Volcanoes' Night III. - Researchers' Night of the Canary Islands)</title>
        
        
					
        
        <teaser>VOLCANOES NIGHT III Researchers’ Night in the Canary Islands actually consists of the continuation of 2 previous successful events, on which the current project was relying.The rapid development of technological areas, such as informatics, material science or space research...</teaser>
        
        
					
        
        <description>periodic</description>
        
        
					
        
        <contentUpdateDate>2016-07-18 12:39:14</contentUpdateDate>
        
        
					
        
        <relations>
          
          
						
          
          <categories>
            
            
							
            
            <category classification="collection" type="belongsTo">
              
              
								
              
              <availableLanguages readOnly="true">de,en,es,fr,it,pl</availableLanguages>
              
              
								
              
              <code>/pubsum</code>
              
              
								
              
              <title>Report Summary</title>
              
              
								
							
            
            </category>
            
            
							
            
            <category classification="resultCategory" type="relatedResultCategory">
              
              
								
              
              <availableLanguages readOnly="true">en</availableLanguages>
              
              
								
              
              <code>/report</code>
              
              
								
              
              <title>Report summary</title>
              
              
								
							
            
            </category>
            
            
							
            
            <category classification="source" type="isProvidedBy">
              
              
								
              
              <availableLanguages readOnly="true">de,en,es,fr,it,pl</availableLanguages>
              
              
								
              
              <code>/corda</code>
              
              
								
              
              <title>CORDA</title>
              
              
								
							
            
            </category>
            
            
						
          
          </categories>
          
          
						
          
          <associations>
            
            
							
            
            <webItem source="corda" type="relatedResultAttachment">
              
              
								
							
									
              
              <language>en</language>
              
              
									
              
              <availableLanguages readOnly="true">en,any</availableLanguages>
              
              
									
              
              <uri>/docs/results/h2020/633/633310_PS/carteles-locales-la-noche-de-los-volcanes-2014-tenerife.jpg</uri>
              
              
									
              
              <alternativeText>Digital version of event poster of Puerto de la Cruz, Tenerife</alternativeText>
              
              
									
              
              <mimetype readOnly="true">image/jpeg</mimetype>
              
              
									
              
              <size readOnly="true">0</size>
              
              
								
            
            </webItem>
            
            
							
            
            <webItem source="corda" type="relatedResultAttachment">
              
              
								
							
									
              
              <language>en</language>
              
              
									
              
              <availableLanguages readOnly="true">en,any</availableLanguages>
              
              
									
              
              <uri>/docs/results/h2020/633/633310_PS/concurso-de-dibujos-fuencaliente.jpg</uri>
              
              
									
              
              <alternativeText>Children in front of their drawings in Fuencaliente, La Palma</alternativeText>
              
              
									
              
              <mimetype readOnly="true">image/jpeg</mimetype>
              
              
									
              
              <size readOnly="true">0</size>
              
              
								
            
            </webItem>
            
            
							
            
            <webItem source="corda" type="relatedResultAttachment">
              
              
								
							
									
              
              <language>en</language>
              
              
									
              
              <availableLanguages readOnly="true">en,any</availableLanguages>
              
              
									
              
              <uri>/docs/results/h2020/633/633310_PS/img-2833-1024x768.jpg</uri>
              
              
									
              
              <alternativeText>Exhibition of scientific posters in Pajara, Fuerteventura</alternativeText>
              
              
									
              
              <mimetype readOnly="true">image/jpeg</mimetype>
              
              
									
              
              <size readOnly="true">0</size>
              
              
								
            
            </webItem>
            
            
							
            
            <webItem source="corda" type="relatedResultAttachment">
              
              
								
							
									
              
              <language>en</language>
              
              
									
              
              <availableLanguages readOnly="true">en,any</availableLanguages>
              
              
									
              
              <uri>/docs/results/h2020/633/633310_PS/karen-victoria-alayon-hernandez-4-eso-casa-azul-2-premio-768x1024.jpg</uri>
              
              
									
              
              <alternativeText>Dibujo2 2015</alternativeText>
              
              
									
              
              <mimetype readOnly="true">image/jpeg</mimetype>
              
              
									
              
              <size readOnly="true">0</size>
              
              
								
            
            </webItem>
            
            
							
            
            <webItem source="corda" type="relatedResultAttachment">
              
              
								
							
									
              
              <language>en</language>
              
              
									
              
              <availableLanguages readOnly="true">en,any</availableLanguages>
              
              
									
              
              <uri>/docs/results/h2020/633/633310_PS/pancarta-4x1m-la-noche-de-los-volcanes-2014-af-02-la-palma.jpg</uri>
              
              
									
              
              <alternativeText>Banner for Fuencaliente, La Palma</alternativeText>
              
              
									
              
              <mimetype readOnly="true">image/jpeg</mimetype>
              
              
									
              
              <size readOnly="true">0</size>
              
              
								
            
            </webItem>
            
            
							
            
            <webItem source="corda" type="relatedResultAttachment">
              
              
								
							
									
              
              <language>en</language>
              
              
									
              
              <availableLanguages readOnly="true">en,any</availableLanguages>
              
              
									
              
              <uri>/docs/results/h2020/633/633310_PS/publications-summary-photo.jpg</uri>
              
              
									
              
              <alternativeText>Variety of project promotional material</alternativeText>
              
              
									
              
              <mimetype readOnly="true">image/jpeg</mimetype>
              
              
									
              
              <size readOnly="true">0</size>
              
              
								
            
            </webItem>
            
            
							
            
            <webItem source="corda" type="relatedResultAttachment">
              
              
								
							
									
              
              <language>en</language>
              
              
									
              
              <availableLanguages readOnly="true">en,any</availableLanguages>
              
              
									
              
              <uri>/docs/results/h2020/633/633310_PS/banners-web-la-noche-de-los-volcanes-2015-620x155-fuencaliente.jpg</uri>
              
              
									
              
              <alternativeText>Online banner - Fuencaliente 2015</alternativeText>
              
              
									
              
              <mimetype readOnly="true">image/jpeg</mimetype>
              
              
									
              
              <size readOnly="true">0</size>
              
              
								
            
            </webItem>
            
            
							
            
            <webItem source="corda" type="relatedResultAttachment">
              
              
								
							
									
              
              <language>en</language>
              
              
									
              
              <availableLanguages readOnly="true">en,any</availableLanguages>
              
              
									
              
              <uri>/docs/results/h2020/633/633310_PS/img-20141002-wa0010-1024x768.jpg</uri>
              
              
									
              
              <alternativeText>Release of turtles in Morro Jable beach, Fuerteventura</alternativeText>
              
              
									
              
              <mimetype readOnly="true">image/jpeg</mimetype>
              
              
									
              
              <size readOnly="true">0</size>
              
              
								
            
            </webItem>
            
            
							
            
            <webItem source="corda" type="relatedResultAttachment">
              
              
								
							
									
              
              <language>en</language>
              
              
									
              
              <availableLanguages readOnly="true">en,any</availableLanguages>
              
              
									
              
              <uri>/docs/results/h2020/633/633310_PS/img-20140930-wa0000.jpg</uri>
              
              
									
              
              <alternativeText>Telescopic observation in La Palma</alternativeText>
              
              
									
              
              <mimetype readOnly="true">image/jpeg</mimetype>
              
              
									
              
              <size readOnly="true">0</size>
              
              
								
            
            </webItem>
            
            
							
            
            <webItem source="corda" type="relatedResultAttachment">
              
              
								
							
									
              
              <language>en</language>
              
              
									
              
              <availableLanguages readOnly="true">en,any</availableLanguages>
              
              
									
              
              <uri>/docs/results/h2020/633/633310_PS/claudia-hernandez-garcia-6-primaria-pureza-de-maria-1-premio-768x1024.jpg</uri>
              
              
									
              
              <alternativeText>Dibujo1 2015</alternativeText>
              
              
									
              
              <mimetype readOnly="true">image/jpeg</mimetype>
              
              
									
              
              <size readOnly="true">0</size>
              
              
								
            
            </webItem>
            
            
							
            
            <webItem source="corda" type="relatedResultAttachment">
              
              
								
							
									
              
              <language>en</language>
              
              
									
              
              <availableLanguages readOnly="true">en,any</availableLanguages>
              
              
									
              
              <uri>/docs/results/h2020/633/633310_PS/img-2706-1024x768.jpg</uri>
              
              
									
              
              <alternativeText>Helicopter equipped with scientific instruments presented in Pajara, Fuerteventura</alternativeText>
              
              
									
              
              <mimetype readOnly="true">image/jpeg</mimetype>
              
              
									
              
              <size readOnly="true">0</size>
              
              
								
            
            </webItem>
            
            
							
            
            <webItem source="corda" type="relatedResultAttachment">
              
              
								
							
									
              
              <language>en</language>
              
              
									
              
              <availableLanguages readOnly="true">en,any</availableLanguages>
              
              
									
              
              <uri>/docs/results/h2020/633/633310_PS/dsc-0584-1024x680.jpg</uri>
              
              
									
              
              <alternativeText>EU Corner, Gran Canaria</alternativeText>
              
              
									
              
              <mimetype readOnly="true">image/jpeg</mimetype>
              
              
									
              
              <size readOnly="true">0</size>
              
              
								
            
            </webItem>
            
            
							
            
            <webItem source="corda" type="relatedResultAttachment">
              
              
								
							
									
              
              <language>en</language>
              
              
									
              
              <availableLanguages readOnly="true">en,any</availableLanguages>
              
              
									
              
              <uri>/docs/results/h2020/633/633310_PS/img-2743-1024x768.jpg</uri>
              
              
									
              
              <alternativeText>"""Geo-dough"" in Pajara, Fuerteventura"</alternativeText>
              
              
									
              
              <mimetype readOnly="true">image/jpeg</mimetype>
              
              
									
              
              <size readOnly="true">0</size>
              
              
								
            
            </webItem>
            
            
							
            
            <webItem source="corda" type="relatedResultAttachment">
              
              
								
							
									
              
              <language>en</language>
              
              
									
              
              <availableLanguages readOnly="true">en,any</availableLanguages>
              
              
									
              
              <uri>/docs/results/h2020/633/633310_PS/sara-diez-widera-2-eso-pureza-de-maria-3-premio-1024x768.jpg</uri>
              
              
									
              
              <alternativeText>Dibujo3 2015</alternativeText>
              
              
									
              
              <mimetype readOnly="true">image/jpeg</mimetype>
              
              
									
              
              <size readOnly="true">0</size>
              
              
								
            
            </webItem>
            
            
							
            
            <webItem source="corda" type="relatedResultAttachment">
              
              
								
							
									
              
              <language>en</language>
              
              
									
              
              <availableLanguages readOnly="true">en,any</availableLanguages>
              
              
									
              
              <uri>/docs/results/h2020/633/633310_PS/measuring-co2.jpg</uri>
              
              
									
              
              <alternativeText>Student measuring CO2 emission in Fuencaliente 2015</alternativeText>
              
              
									
              
              <mimetype readOnly="true">image/jpeg</mimetype>
              
              
									
              
              <size readOnly="true">0</size>
              
              
								
            
            </webItem>
            
            
							
            
            <webLink source="corda" type="relatedWebsite">
              
              
								
							
									
              
              <language>en</language>
              
              
									
              
              <availableLanguages readOnly="true">en</availableLanguages>
              
              
									
              
              <url>http://www.nochedevolcanes.es Common website for Spanish projects</url>
              
              
									
              
              <content>Description :Error reading from URL [http://www.nochedevolcanes.es Common website for Spanish projects] Message :www.nochedevolcanes.es Common website for Spanish projects</content>
              
              
								
            
            </webLink>
            
            
						
          
          </associations>
          
          
					
        
        </relations>
        
        
				
      
      </result>
      
      
			
      
      <result source="corda" type="relatedResult">
        
        
				
			
					
        
        <availableLanguages readOnly="true">en</availableLanguages>
        
        
					
        
        <rcn>206105</rcn>
        
        
					
        
        <title>Report on awareness campaign and samples of promotional material</title>
        
        
					
        
        <description>Report will compile information on the awareness activities carried out in advance (online and offline by all parties regionally and locally) the events and during the whole project lifecycle.</description>
        
        
					
        
        <contentUpdateDate>2017-11-08 17:56:42</contentUpdateDate>
        
        
					
        
        <relations>
          
          
						
          
          <categories>
            
            
							
            
            <category classification="collection" type="belongsTo">
              
              
								
              
              <availableLanguages readOnly="true">de,en,es,fr,it,pl</availableLanguages>
              
              
								
              
              <code>/deliverable</code>
              
              
								
              
              <title>Project deliverable</title>
              
              
								
							
            
            </category>
            
            
							
            
            <category classification="deliverableType" type="isDeliveredAs">
              
              
								
              
              <availableLanguages readOnly="true">de,en,es,fr,it,pl</availableLanguages>
              
              
								
              
              <code>/R</code>
              
              
								
              
              <title>Document, report</title>
              
              
								
							
            
            </category>
            
            
							
            
            <category classification="source" type="isProvidedBy">
              
              
								
              
              <availableLanguages readOnly="true">de,en,es,fr,it,pl</availableLanguages>
              
              
								
              
              <code>/corda</code>
              
              
								
              
              <title>CORDA</title>
              
              
								
							
            
            </category>
            
            
						
          
          </categories>
          
          
						
          
          <associations>
            
            
							
            
            <webLink source="corda" type="projectDeliverable">
              
              
								
							
									
              
              <language>en</language>
              
              
									
              
              <availableLanguages readOnly="true">en</availableLanguages>
              
              
									
              
              <url>https://www.ec.europa.eu/research/participants/documents/downloadPublic?documentIds=080166e59e10fb8f&amp;appId=PPGMS</url>
              
              
									
              
              <content>Documents download module Documents download module Document download Dear user, the requested document Attachment_0 is being prepared for download. Once the download is completed you may close this window by clicking on the close button. Close © European Commission  2018  - Documents download module - Version 2.6.0 - Build 20180216-0915</content>
              
              
								
            
            </webLink>
            
            
						
          
          </associations>
          
          
					
        
        </relations>
        
        
				
      
      </result>
      
      
			
      
      <result source="corda" type="relatedResult">
        
        
				
			
					
        
        <availableLanguages readOnly="true">en</availableLanguages>
        
        
					
        
        <rcn>206108</rcn>
        
        
					
        
        <title>Impact assessment and samples of questionnaires, enquiries</title>
        
        
					
        
        <description>Report will describe the findings of the  questionnaires and interviews carried out both in advance and during the nights. The English version of the surveys and samples of interviews will also be incorporated in the Annex.</description>
        
        
					
        
        <contentUpdateDate>2017-11-08 17:57:00</contentUpdateDate>
        
        
					
        
        <relations>
          
          
						
          
          <categories>
            
            
							
            
            <category classification="collection" type="belongsTo">
              
              
								
              
              <availableLanguages readOnly="true">de,en,es,fr,it,pl</availableLanguages>
              
              
								
              
              <code>/deliverable</code>
              
              
								
              
              <title>Project deliverable</title>
              
              
								
							
            
            </category>
            
            
							
            
            <category classification="deliverableType" type="isDeliveredAs">
              
              
								
              
              <availableLanguages readOnly="true">de,en,es,fr,it,pl</availableLanguages>
              
              
								
              
              <code>/R</code>
              
              
								
              
              <title>Document, report</title>
              
              
								
							
            
            </category>
            
            
							
            
            <category classification="source" type="isProvidedBy">
              
              
								
              
              <availableLanguages readOnly="true">de,en,es,fr,it,pl</availableLanguages>
              
              
								
              
              <code>/corda</code>
              
              
								
              
              <title>CORDA</title>
              
              
								
							
            
            </category>
            
            
						
          
          </categories>
          
          
						
          
          <associations>
            
            
							
            
            <webLink source="corda" type="projectDeliverable">
              
              
								
							
									
              
              <language>en</language>
              
              
									
              
              <availableLanguages readOnly="true">en</availableLanguages>
              
              
									
              
              <url>https://www.ec.europa.eu/research/participants/documents/downloadPublic?documentIds=080166e59e11099a&amp;appId=PPGMS</url>
              
              
									
              
              <content>Documents download module Documents download module Document download Dear user, the requested document Attachment_0 is being prepared for download. Once the download is completed you may close this window by clicking on the close button. Close © European Commission  2018  - Documents download module - Version 2.6.0 - Build 20180216-0915</content>
              
              
								
            
            </webLink>
            
            
						
          
          </associations>
          
          
					
        
        </relations>
        
        
				
      
      </result>
      
      
		
    
    </associations>
    
    
		
    
    <categories>
      
      
			
      
      <category classification="projectFundingSchemeCategory" type="relatedProjectFundingSchemeCategory">
        
        
				
        
        <availableLanguages readOnly="true">en</availableLanguages>
        
        
				
        
        <code>/CSA</code>
        
        
				
        
        <title>Coordination and support action</title>
        
        
				
			
      
      </category>
      
      
		
    
    </categories>
    
    
	
  
  </relations>
  
  
	


</project>

