<?xml version="1.0" encoding="UTF-8"?>
<project xmlns="http://cordis.europa.eu">
  
  
	
	
  
  <language>en</language>
  
  
	
  
  <availableLanguages readOnly="true">en</availableLanguages>
  
  
	
  
  <rcn>193452</rcn>
  
  
	
  
  <reference>637014</reference>
  
  
	
  
  <acronym>realFlow</acronym>
  
  
	
  
  <teaser>Besides their application in a very broad range of engineering disciplines, physically-based simulations have become a prevalent tool for all forms of computer-generated environments. Simulations of fluids are a particularly important area that has applications ranging from...</teaser>
  
  
	
  
  <objective>Besides their application in a very broad range of engineering disciplines, physically-based simulations have become a prevalent tool for all forms of computer-generated environments. Simulations of fluids are a particularly important area that has applications ranging from the design of aerodynamic bodies to the realization of impressive visual effects in movies.  However, despite their extremely wide-spread use there are fundamental problems: a lack of practical flow capturing technologies and the inherent difficulties of resolving crucial features such as turbulence. These issues are show-stoppers preventing the area from realizing its full potential for animations and interactive environments.

The goal of this research is to address these central problems: 1) by designing novel data-centric approaches for fluid simulations to enable re-use, and 2) by establishing an innovative pipeline for capturing flow motions yielding details that were previously unachievable.  To this end, I plan to design algorithms that tightly integrate accurate  physics solvers with methods for the reconstruction of motion from volumetric images. At the same time, I will work on novel structured representations that decompose complex flows into hierarchical space-time structures. These structured virtual counter-parts will not only enable powerful avenues for intuitive editing, but will also serve as a basis for robust and efficient data-driven fluid simulations. This virtualization of flows opens the door for interactive design tools and medical applications, allowing to incorporate complex physical constraints.  In addition, this research could radically change the way we work with synthetic and captured flow data, and has significant potential to break new ground in terms of data-centric work-flows for fluid simulations.</objective>
  
  
	
  
  <title>Virtualization of Real Flows for Animation and Simulation</title>
  
  
	
  
  <totalCost>1465603.75</totalCost>
  
  
	
  
  <ecMaxContribution>1465603.75</ecMaxContribution>
  
  
	
  
  <startDate>2015-05-01</startDate>
  
  
	
  
  <endDate>2020-04-30</endDate>
  
  
	
  
  <contract>
    
    
		
    
    <duration>60</duration>
    
    
	
  
  </contract>
  
  
	
  
  <status>SIGNED</status>
  
  
	
  
  <sourceUpdateDate>2016-11-23 15:07:24</sourceUpdateDate>
  
  
	
  
  <contentCreationDate readOnly="true">2015-05-05 16:19:09</contentCreationDate>
  
  
	
  
  <contentUpdateDate>2016-11-17 12:45:46</contentUpdateDate>
  
  
	
  
  <lastUpdateDate readOnly="true">2016-11-23 15:07:24</lastUpdateDate>
  
  
	
  
  <relations>
    
    
		
    
    <associations>
      
      
			
      
      <call type="relatedCall">
        
        
				
			
					
        
        <rcn>408</rcn>
        
        
					
        
        <title>ERC-2014-STG</title>
        
        
					
        
        <identifier>ERC-2014-STG</identifier>
        
        
				
      
      </call>
      
      
			
      
      <organization order="1" ecContribution="1465603.75" terminated="false" type="hostInstitution">
        
        
				
			
					
        
        <availableLanguages readOnly="true">en</availableLanguages>
        
        
					
        
        <rcn>1905691</rcn>
        
        
					
        
        <id>999977463</id>
        
        
					
        
        <vatNumber>DE811193231</vatNumber>
        
        
					
        
        <legalName>TECHNISCHE UNIVERSITAET MUENCHEN</legalName>
        
        
					
        
        <shortName>TUM</shortName>
        
        
					
        
        <address>
          
          
						
          
          <street>Arcisstrasse  21</street>
          
          
						
          
          <city>MUENCHEN</city>
          
          
						
          
          <postalCode>80333</postalCode>
          
          
						
          
          <country>DE</country>
          
          
						
          
          <url>www.tu-muenchen.de</url>
          
          
					
        
        </address>
        
        
					
        
        <departmentName>TUM Legal Office ZA5</departmentName>
        
        
					
        
        <relations>
          
          
						
          
          <categories>
            
            
							
            
            <category classification="organizationActivityType" type="relatedOrganizationActivityType">
              
              
								
              
              <availableLanguages readOnly="true">en</availableLanguages>
              
              
								
              
              <code>/HES</code>
              
              
								
              
              <title>Higher or Secondary Education Establishments</title>
              
              
								
							
            
            </category>
            
            
						
          
          </categories>
          
          
						
          
          <regions>
            
            
							
            
            <region type="relatedRegion">
              
              
								
							
									
              
              <name>Germany</name>
              
              
									
              
              <nutsCode>DE</nutsCode>
              
              
									
              
              <euCode>DE</euCode>
              
              
									
              
              <isoCode>DE</isoCode>
              
              
									
              
              <rcn>221940264</rcn>
              
              
								
            
            </region>
            
            
						
          
          </regions>
          
          
					
        
        </relations>
        
        
				
      
      </organization>
      
      
			
      
      <programme type="relatedSubProgramme">
        
        
				
			
					
        
        <availableLanguages readOnly="true">en</availableLanguages>
        
        
					
        
        <rcn>664783</rcn>
        
        
					
        
        <code>ERC-StG-2014</code>
        
        
					
        
        <frameworkProgramme>H2020-Topics</frameworkProgramme>
        
        
					
        
        <title>ERC Starting Grant</title>
        
        
					
        
        <parent>
          
          
						
          
          <programme>
            
            
							
            
            <rcn>20200</rcn>
            
            
							
            
            <code>H2020-Topics</code>
            
            
						
          
          </programme>
          
          
					
        
        </parent>
        
        
				
      
      </programme>
      
      
			
      
      <programme type="relatedProgramme">
        
        
				
			
					
        
        <availableLanguages readOnly="true">de,en,es,fr,it,pl</availableLanguages>
        
        
					
        
        <rcn>664099</rcn>
        
        
					
        
        <code>H2020-EU.1.1.</code>
        
        
					
        
        <frameworkProgramme>H2020</frameworkProgramme>
        
        
					
        
        <pga>H2020-EU.1.1.</pga>
        
        
					
        
        <title>EXCELLENT SCIENCE - European Research Council (ERC)</title>
        
        
					
        
        <shortTitle>European Research Council (ERC)</shortTitle>
        
        
					
        
        <parent>
          
          
						
          
          <programme>
            
            
							
            
            <rcn>664091</rcn>
            
            
							
            
            <code>H2020-EU.1.</code>
            
            
							
            
            <parent>
              
              
								
              
              <programme>
                
                
									
                
                <rcn>664087</rcn>
                
                
									
                
                <code>H2020-EC</code>
                
                
									
                
                <parent>
                  
                  
										
                  
                  <programme>
                    
                    
											
                    
                    <rcn>664086</rcn>
                    
                    
											
                    
                    <code>H2020</code>
                    
                    
										
                  
                  </programme>
                  
                  
									
                
                </parent>
                
                
								
              
              </programme>
              
              
							
            
            </parent>
            
            
						
          
          </programme>
          
          
					
        
        </parent>
        
        
				
      
      </programme>
      
      
			
      
      <result type="relatedResult">
        
        
				
			
					
        
        <availableLanguages readOnly="true">en</availableLanguages>
        
        
					
        
        <rcn>194974</rcn>
        
        
					
        
        <title>Periodic Reporting for period 1 - realFlow (Virtualization of Real Flows for Animation and Simulation)</title>
        
        
					
        
        <teaser>"This ERC StG project is titled "realFlow - Virtualization of Real Flows for Animation and Simulation". It's goal is to improve the simulation of physical processes and, above all, make it possible to generate such simulations more quickly. The focus here is on liquids and...</teaser>
        
        
					
        
        <description>periodic</description>
        
        
					
        
        <contentUpdateDate>2017-02-17 17:49:54</contentUpdateDate>
        
        
					
        
        <relations>
          
          
						
          
          <categories>
            
            
							
            
            <category classification="collection" type="belongsTo">
              
              
								
              
              <availableLanguages readOnly="true">de,en,es,fr,it,pl</availableLanguages>
              
              
								
              
              <code>/pubsum</code>
              
              
								
              
              <title>Report Summary</title>
              
              
								
							
            
            </category>
            
            
							
            
            <category classification="resultCategory" type="relatedResultCategory">
              
              
								
              
              <availableLanguages readOnly="true">en</availableLanguages>
              
              
								
              
              <code>/report</code>
              
              
								
              
              <title>Report summary</title>
              
              
								
							
            
            </category>
            
            
							
            
            <category classification="source" type="isProvidedBy">
              
              
								
              
              <availableLanguages readOnly="true">de,en,es,fr,it,pl</availableLanguages>
              
              
								
              
              <code>/corda</code>
              
              
								
              
              <title>CORDA</title>
              
              
								
							
            
            </category>
            
            
						
          
          </categories>
          
          
						
          
          <associations>
            
            
							
            
            <webItem type="relatedResultAttachment">
              
              
								
							
									
              
              <language>en</language>
              
              
									
              
              <availableLanguages readOnly="true">en,any</availableLanguages>
              
              
									
              
              <uri>/docs/results/h2020/637/637014_PS/tornado-blurvar-268.jpg</uri>
              
              
									
              
              <alternativeText>Different variations of a fluid simulation guided with our convex optimization approach.</alternativeText>
              
              
									
              
              <mimetype readOnly="true">image/jpeg</mimetype>
              
              
									
              
              <size readOnly="true">0</size>
              
              
								
            
            </webItem>
            
            
							
            
            <webItem type="relatedResultAttachment">
              
              
								
							
									
              
              <language>en</language>
              
              
									
              
              <availableLanguages readOnly="true">en,any</availableLanguages>
              
              
									
              
              <uri>/docs/results/h2020/637/637014_PS/20150804-vecpotential-glugging-high.jpg</uri>
              
              
									
              
              <alternativeText>A liquid simulation of glugging water with our novel stream-function based solver.</alternativeText>
              
              
									
              
              <mimetype readOnly="true">image/jpeg</mimetype>
              
              
									
              
              <size readOnly="true">0</size>
              
              
								
            
            </webItem>
            
            
						
          
          </associations>
          
          
					
        
        </relations>
        
        
				
      
      </result>
      
      
		
    
    </associations>
    
    
		
    
    <categories>
      
      
			
      
      <category classification="projectFundingSchemeCategory" type="relatedProjectFundingSchemeCategory">
        
        
				
        
        <availableLanguages readOnly="true">en</availableLanguages>
        
        
				
        
        <code>/ERC-STG</code>
        
        
				
        
        <title>Starting Grant</title>
        
        
				
			
      
      </category>
      
      
		
    
    </categories>
    
    
	
  
  </relations>
  
  
	


</project>

