<?xml version="1.0" encoding="UTF-8"?>
<project xmlns="http://cordis.europa.eu">
  
  
	
	
  
  <language>en</language>
  
  
	
  
  <availableLanguages readOnly="true">en</availableLanguages>
  
  
	
  
  <rcn>193280</rcn>
  
  
	
  
  <reference>634270</reference>
  
  
	
  
  <acronym>SITless</acronym>
  
  
	
  
  <teaser>The increase of the elderly population leads to increased prevalence of frailty, risk for poor health outcomes, and related health and social care costs. Lack of physical activity (PA) and established sedentary behaviours (SB) constitute an additional burden, as they are...</teaser>
  
  
	
  
  <objective>The increase of the elderly population leads to increased prevalence of frailty, risk for poor health outcomes, and related health and social care costs. Lack of physical activity (PA) and established sedentary behaviours (SB) constitute an additional burden, as they are related to progression of chronic disease and disabling conditions. An existing initiative to battle SB and insufficient PA levels are exercise referral schemes (ERS) implemented in primary care, where insufficiently active individuals are referred to a third party service (sports centre or leisure facility) that prescribes and monitors an exercise programme tailored to the patients’ needs. ERS had shown improvements in PA in the short-term, but may have limited power to change SB and produce long-term effects. Thus, ERS might be enhanced by self-management strategies (SMS) to promote behavioural change. Such strategies based on social cognitive theory have been shown to increase self-confidence, power to act, and involvement in exercise.
In a first stage, a systematic review, focus groups and a feasibility study will be conducted. Then, a three-armed pragmatic randomized controlled trial (RCT) will assess the long-term effectiveness of a complex intervention on sedentary behaviour (SB) in an elderly population, based on existing ERS enhanced by self-management strategies (SMS). It will be compared to ERS alone and to general recommendations.
The RCT will include 1138 subjects and will have a follow up of 18 months. The effect on SB will be measured as activity daily counts per minute and physical function. Secondary outcomes will include: healthcare use and costs, self-rated health and quality of life, mortality, morbidity, disability, institutionalization, mental health, social capital, sarcopenia and safety parameters. SITless will assess policy makers in deciding how or whether ERS should be further implemented or restructured in order to increase its adherence, efficacy and cost-effectiveness.</objective>
  
  
	
  
  <title>SITless: Exercise Referral Schemes enhanced by Self-Management Strategies to battle sedentary behaviour</title>
  
  
	
  
  <totalCost>4547560</totalCost>
  
  
	
  
  <ecMaxContribution>4547560</ecMaxContribution>
  
  
	
  
  <startDate>2015-05-01</startDate>
  
  
	
  
  <endDate>2019-04-30</endDate>
  
  
	
  
  <contract>
    
    
		
    
    <duration>48</duration>
    
    
	
  
  </contract>
  
  
	
  
  <status>SIGNED</status>
  
  
	
  
  <sourceUpdateDate>2017-11-20 13:20:35</sourceUpdateDate>
  
  
	
  
  <contentCreationDate readOnly="true">2015-05-05 16:04:30</contentCreationDate>
  
  
	
  
  <contentUpdateDate>2017-07-17 11:03:03</contentUpdateDate>
  
  
	
  
  <lastUpdateDate readOnly="true">2018-01-25 15:25:30</lastUpdateDate>
  
  
	
  
  <relations>
    
    
		
    
    <associations>
      
      
			
      
      <call type="relatedCall">
        
        
				
			
					
        
        <rcn>783</rcn>
        
        
					
        
        <title>H2020-PHC-2014-two-stage</title>
        
        
					
        
        <identifier>H2020-PHC-2014-two-stage</identifier>
        
        
				
      
      </call>
      
      
			
      
      <organization ecContribution="830380" order="5" terminated="false" type="participant">
        
        
				
			
					
        
        <availableLanguages readOnly="true">en</availableLanguages>
        
        
					
        
        <rcn>1905692</rcn>
        
        
					
        
        <id>999882209</id>
        
        
					
        
        <vatNumber>DE173703203</vatNumber>
        
        
					
        
        <legalName>UNIVERSITAET ULM</legalName>
        
        
					
        
        <shortName>UULM</shortName>
        
        
					
        
        <address>
          
          
						
          
          <street>HELMHOLTZSTRASSE  16</street>
          
          
						
          
          <city>ULM</city>
          
          
						
          
          <postalCode>89081</postalCode>
          
          
						
          
          <country>DE</country>
          
          
						
          
          <postBox>N/A</postBox>
          
          
						
          
          <url>www.uni-ulm.de</url>
          
          
					
        
        </address>
        
        
					
        
        <departmentName>DEPT. FOR FINANCIAL AFFAIRS</departmentName>
        
        
					
        
        <relations>
          
          
						
          
          <categories>
            
            
							
            
            <category classification="organizationActivityType" type="relatedOrganizationActivityType">
              
              
								
              
              <availableLanguages readOnly="true">en</availableLanguages>
              
              
								
              
              <code>/HES</code>
              
              
								
              
              <title>Higher or Secondary Education Establishments</title>
              
              
								
							
            
            </category>
            
            
						
          
          </categories>
          
          
						
          
          <regions>
            
            
							
            
            <region type="relatedRegion">
              
              
								
							
									
              
              <name>Germany</name>
              
              
									
              
              <nutsCode>DE</nutsCode>
              
              
									
              
              <euCode>DE</euCode>
              
              
									
              
              <isoCode>DE</isoCode>
              
              
									
              
              <rcn>221940264</rcn>
              
              
								
            
            </region>
            
            
						
          
          </regions>
          
          
					
        
        </relations>
        
        
				
      
      </organization>
      
      
			
      
      <organization ecContribution="233093.75" order="6" terminated="false" type="participant">
        
        
				
			
					
        
        <availableLanguages readOnly="true">en</availableLanguages>
        
        
					
        
        <rcn>2354352</rcn>
        
        
					
        
        <id>952693940</id>
        
        
					
        
        <legalName>SPORT INITIATIVE ET LOISIR BLEU ASSOCIATION</legalName>
        
        
					
        
        <shortName>SIEL BLEU</shortName>
        
        
					
        
        <address>
          
          
						
          
          <street>RUE DE LA KRUTENAU 42</street>
          
          
						
          
          <city>STRASBOURG</city>
          
          
						
          
          <postalCode>67000</postalCode>
          
          
						
          
          <country>FR</country>
          
          
					
        
        </address>
        
        
					
        
        <relations>
          
          
						
          
          <categories>
            
            
							
            
            <category classification="organizationActivityType" type="relatedOrganizationActivityType">
              
              
								
              
              <availableLanguages readOnly="true">en</availableLanguages>
              
              
								
              
              <code>/OTH</code>
              
              
								
              
              <title>Other</title>
              
              
								
							
            
            </category>
            
            
						
          
          </categories>
          
          
						
          
          <regions>
            
            
							
            
            <region type="relatedRegion">
              
              
								
							
									
              
              <name>France</name>
              
              
									
              
              <nutsCode>FR</nutsCode>
              
              
									
              
              <euCode>FR</euCode>
              
              
									
              
              <isoCode>FR</isoCode>
              
              
									
              
              <rcn>258902568</rcn>
              
              
								
            
            </region>
            
            
						
          
          </regions>
          
          
					
        
        </relations>
        
        
				
      
      </organization>
      
      
			
      
      <organization ecContribution="969610" order="4" terminated="false" type="participant">
        
        
				
			
					
        
        <availableLanguages readOnly="true">en</availableLanguages>
        
        
					
        
        <rcn>1906929</rcn>
        
        
					
        
        <id>999992013</id>
        
        
					
        
        <vatNumber>GB254799511</vatNumber>
        
        
					
        
        <legalName>THE QUEEN'S UNIVERSITY OF BELFAST</legalName>
        
        
					
        
        <shortName>QUB</shortName>
        
        
					
        
        <address>
          
          
						
          
          <street>UNIVERSITY ROAD LANYON BUILDING</street>
          
          
						
          
          <city>BELFAST</city>
          
          
						
          
          <postalCode>BT7 1NN</postalCode>
          
          
						
          
          <country>UK</country>
          
          
						
          
          <postBox>000</postBox>
          
          
						
          
          <url>www.qub.ac.uk</url>
          
          
					
        
        </address>
        
        
					
        
        <departmentName>Research Support Office</departmentName>
        
        
					
        
        <relations>
          
          
						
          
          <categories>
            
            
							
            
            <category classification="organizationActivityType" type="relatedOrganizationActivityType">
              
              
								
              
              <availableLanguages readOnly="true">en</availableLanguages>
              
              
								
              
              <code>/HES</code>
              
              
								
              
              <title>Higher or Secondary Education Establishments</title>
              
              
								
							
            
            </category>
            
            
						
          
          </categories>
          
          
						
          
          <regions>
            
            
							
            
            <region type="relatedRegion">
              
              
								
							
									
              
              <name>United Kingdom</name>
              
              
									
              
              <nutsCode>UK</nutsCode>
              
              
									
              
              <euCode>UK</euCode>
              
              
									
              
              <isoCode>GB</isoCode>
              
              
									
              
              <rcn>508725800</rcn>
              
              
								
            
            </region>
            
            
						
          
          </regions>
          
          
					
        
        </relations>
        
        
				
      
      </organization>
      
      
			
      
      <organization ecContribution="802918.75" order="3" terminated="false" type="participant">
        
        
				
			
					
        
        <availableLanguages readOnly="true">en</availableLanguages>
        
        
					
        
        <rcn>1907613</rcn>
        
        
					
        
        <id>999904616</id>
        
        
					
        
        <vatNumber>DK29283958</vatNumber>
        
        
					
        
        <legalName>SYDDANSK UNIVERSITET</legalName>
        
        
					
        
        <shortName>SDU</shortName>
        
        
					
        
        <address>
          
          
						
          
          <street>CAMPUSVEJ 55</street>
          
          
						
          
          <city>ODENSE M</city>
          
          
						
          
          <postalCode>5230</postalCode>
          
          
						
          
          <country>DK</country>
          
          
						
          
          <postBox>N/A</postBox>
          
          
						
          
          <url>www.sdu.dk</url>
          
          
					
        
        </address>
        
        
					
        
        <relations>
          
          
						
          
          <categories>
            
            
							
            
            <category classification="organizationActivityType" type="relatedOrganizationActivityType">
              
              
								
              
              <availableLanguages readOnly="true">en</availableLanguages>
              
              
								
              
              <code>/HES</code>
              
              
								
              
              <title>Higher or Secondary Education Establishments</title>
              
              
								
							
            
            </category>
            
            
						
          
          </categories>
          
          
						
          
          <regions>
            
            
							
            
            <region type="relatedRegion">
              
              
								
							
									
              
              <name>Denmark</name>
              
              
									
              
              <nutsCode>DK</nutsCode>
              
              
									
              
              <euCode>DK</euCode>
              
              
									
              
              <isoCode>DK</isoCode>
              
              
									
              
              <rcn>223513128</rcn>
              
              
								
            
            </region>
            
            
						
          
          </regions>
          
          
					
        
        </relations>
        
        
				
      
      </organization>
      
      
			
      
      <organization ecContribution="742423.75" order="2" terminated="false" type="participant">
        
        
				
			
					
        
        <availableLanguages readOnly="true">en</availableLanguages>
        
        
					
        
        <rcn>2121946</rcn>
        
        
					
        
        <id>996517376</id>
        
        
					
        
        <vatNumber>ESR5800622B</vatNumber>
        
        
					
        
        <legalName>Fundació Blanquerna</legalName>
        
        
					
        
        <shortName>FB</shortName>
        
        
					
        
        <address>
          
          
						
          
          <street>PASSEIG SANT GERVASI 47</street>
          
          
						
          
          <city>BARCELONA</city>
          
          
						
          
          <postalCode>08022</postalCode>
          
          
						
          
          <country>ES</country>
          
          
						
          
          <url>www.blanquerna.url.edu</url>
          
          
					
        
        </address>
        
        
					
        
        <relations>
          
          
						
          
          <categories>
            
            
							
            
            <category classification="organizationActivityType" type="relatedOrganizationActivityType">
              
              
								
              
              <availableLanguages readOnly="true">en</availableLanguages>
              
              
								
              
              <code>/HES</code>
              
              
								
              
              <title>Higher or Secondary Education Establishments</title>
              
              
								
							
            
            </category>
            
            
						
          
          </categories>
          
          
						
          
          <regions>
            
            
							
            
            <region type="relatedRegion">
              
              
								
							
									
              
              <name>Spain</name>
              
              
									
              
              <nutsCode>ES</nutsCode>
              
              
									
              
              <euCode>ES</euCode>
              
              
									
              
              <isoCode>ES</isoCode>
              
              
									
              
              <rcn>242387496</rcn>
              
              
								
            
            </region>
            
            
						
          
          </regions>
          
          
					
        
        </relations>
        
        
				
      
      </organization>
      
      
			
      
      <organization ecContribution="179450" order="7" terminated="false" type="participant">
        
        
				
			
					
        
        <availableLanguages readOnly="true">en</availableLanguages>
        
        
					
        
        <rcn>1906499</rcn>
        
        
					
        
        <id>999974165</id>
        
        
					
        
        <vatNumber>GB671798093</vatNumber>
        
        
					
        
        <legalName>UNIVERSITY OF GLASGOW</legalName>
        
        
					
        
        <shortName>UGLA</shortName>
        
        
					
        
        <address>
          
          
						
          
          <street>UNIVERSITY AVENUE</street>
          
          
						
          
          <city>GLASGOW</city>
          
          
						
          
          <postalCode>G12 8QQ</postalCode>
          
          
						
          
          <country>UK</country>
          
          
						
          
          <postBox>000</postBox>
          
          
						
          
          <url>www.gla.ac.uk</url>
          
          
					
        
        </address>
        
        
					
        
        <departmentName>School of Computing Science</departmentName>
        
        
					
        
        <relations>
          
          
						
          
          <categories>
            
            
							
            
            <category classification="organizationActivityType" type="relatedOrganizationActivityType">
              
              
								
              
              <availableLanguages readOnly="true">en</availableLanguages>
              
              
								
              
              <code>/HES</code>
              
              
								
              
              <title>Higher or Secondary Education Establishments</title>
              
              
								
							
            
            </category>
            
            
						
          
          </categories>
          
          
						
          
          <regions>
            
            
							
            
            <region type="relatedRegion">
              
              
								
							
									
              
              <name>United Kingdom</name>
              
              
									
              
              <nutsCode>UK</nutsCode>
              
              
									
              
              <euCode>UK</euCode>
              
              
									
              
              <isoCode>GB</isoCode>
              
              
									
              
              <rcn>508725800</rcn>
              
              
								
            
            </region>
            
            
						
          
          </regions>
          
          
					
        
        </relations>
        
        
				
      
      </organization>
      
      
			
      
      <organization ecContribution="789683.75" order="1" terminated="false" type="coordinator">
        
        
				
			
					
        
        <availableLanguages readOnly="true">en</availableLanguages>
        
        
					
        
        <rcn>2354347</rcn>
        
        
					
        
        <id>998928505</id>
        
        
					
        
        <vatNumber>ESG63202071</vatNumber>
        
        
					
        
        <legalName>FUNDACIO SALUT I ENVELLIMENT</legalName>
        
        
					
        
        <shortName>FSIE</shortName>
        
        
					
        
        <address>
          
          
						
          
          <street>SANT ANTONI MARIA CLARET 171</street>
          
          
						
          
          <city>BARCELONA</city>
          
          
						
          
          <postalCode>08041</postalCode>
          
          
						
          
          <country>ES</country>
          
          
					
        
        </address>
        
        
					
        
        <relations>
          
          
						
          
          <categories>
            
            
							
            
            <category classification="organizationActivityType" type="relatedOrganizationActivityType">
              
              
								
              
              <availableLanguages readOnly="true">en</availableLanguages>
              
              
								
              
              <code>/PRC</code>
              
              
								
              
              <title>Private for-profit entities (excluding Higher or Secondary Education Establishments)</title>
              
              
								
							
            
            </category>
            
            
							
            
            <category classification="organizationActivityType" type="relatedOrganizationActivityType">
              
              
								
              
              <availableLanguages readOnly="true">en</availableLanguages>
              
              
								
              
              <code>/HES</code>
              
              
								
              
              <title>Higher or Secondary Education Establishments</title>
              
              
								
							
            
            </category>
            
            
						
          
          </categories>
          
          
						
          
          <regions>
            
            
							
            
            <region type="relatedRegion">
              
              
								
							
									
              
              <name>Spain</name>
              
              
									
              
              <nutsCode>ES</nutsCode>
              
              
									
              
              <euCode>ES</euCode>
              
              
									
              
              <isoCode>ES</isoCode>
              
              
									
              
              <rcn>242387496</rcn>
              
              
								
            
            </region>
            
            
						
          
          </regions>
          
          
					
        
        </relations>
        
        
				
      
      </organization>
      
      
			
      
      <programme type="relatedProgramme">
        
        
				
			
					
        
        <availableLanguages readOnly="true">de,en,es,fr,it,pl</availableLanguages>
        
        
					
        
        <rcn>664237</rcn>
        
        
					
        
        <code>H2020-EU.3.1.</code>
        
        
					
        
        <frameworkProgramme>H2020</frameworkProgramme>
        
        
					
        
        <pga>H2020-EU.3.1.</pga>
        
        
					
        
        <title>SOCIETAL CHALLENGES - Health, demographic change and well-being</title>
        
        
					
        
        <shortTitle>Health</shortTitle>
        
        
					
        
        <parent>
          
          
						
          
          <programme>
            
            
							
            
            <rcn>664235</rcn>
            
            
							
            
            <code>H2020-EU.3.</code>
            
            
							
            
            <parent>
              
              
								
              
              <programme>
                
                
									
                
                <rcn>664087</rcn>
                
                
									
                
                <code>H2020-EC</code>
                
                
									
                
                <parent>
                  
                  
										
                  
                  <programme>
                    
                    
											
                    
                    <rcn>664086</rcn>
                    
                    
											
                    
                    <code>H2020</code>
                    
                    
										
                  
                  </programme>
                  
                  
									
                
                </parent>
                
                
								
              
              </programme>
              
              
							
            
            </parent>
            
            
						
          
          </programme>
          
          
					
        
        </parent>
        
        
				
      
      </programme>
      
      
			
      
      <programme type="relatedSubProgramme">
        
        
				
			
					
        
        <availableLanguages readOnly="true">en</availableLanguages>
        
        
					
        
        <rcn>665188</rcn>
        
        
					
        
        <code>PHC-17-2014</code>
        
        
					
        
        <frameworkProgramme>H2020-Topics</frameworkProgramme>
        
        
					
        
        <title>Comparing the effectiveness of existing healthcare interventions in the elderly</title>
        
        
					
        
        <parent>
          
          
						
          
          <programme>
            
            
							
            
            <rcn>20200</rcn>
            
            
							
            
            <code>H2020-Topics</code>
            
            
						
          
          </programme>
          
          
					
        
        </parent>
        
        
				
      
      </programme>
      
      
			
      
      <result source="corda" type="relatedResult">
        
        
				
			
					
        
        <availableLanguages readOnly="true">en</availableLanguages>
        
        
					
        
        <rcn>206793</rcn>
        
        
					
        
        <title>Project website online and scientific dissemination plan</title>
        
        
					
        
        <description>The Project website will be online. It will include description of the project. 
Scientific dissemination plan will establish the bases for proper communication through articles, presentations and networking.</description>
        
        
					
        
        <contentUpdateDate>2017-11-10 16:31:58</contentUpdateDate>
        
        
					
        
        <relations>
          
          
						
          
          <categories>
            
            
							
            
            <category classification="collection" type="belongsTo">
              
              
								
              
              <availableLanguages readOnly="true">de,en,es,fr,it,pl</availableLanguages>
              
              
								
              
              <code>/deliverable</code>
              
              
								
              
              <title>Project deliverable</title>
              
              
								
							
            
            </category>
            
            
							
            
            <category classification="deliverableType" type="isDeliveredAs">
              
              
								
              
              <availableLanguages readOnly="true">de,en,es,fr,it,pl</availableLanguages>
              
              
								
              
              <code>/DEC</code>
              
              
								
              
              <title>Websites, patent fillings, videos etc.</title>
              
              
								
							
            
            </category>
            
            
							
            
            <category classification="source" type="isProvidedBy">
              
              
								
              
              <availableLanguages readOnly="true">de,en,es,fr,it,pl</availableLanguages>
              
              
								
              
              <code>/corda</code>
              
              
								
              
              <title>CORDA</title>
              
              
								
							
            
            </category>
            
            
						
          
          </categories>
          
          
						
          
          <associations>
            
            
							
            
            <webLink source="corda" type="projectDeliverable">
              
              
								
							
									
              
              <language>en</language>
              
              
									
              
              <availableLanguages readOnly="true">en</availableLanguages>
              
              
									
              
              <url>https://www.ec.europa.eu/research/participants/documents/downloadPublic?documentIds=080166e5a2576b10&amp;appId=PPGMS</url>
              
              
									
              
              <content>Documents download module Documents download module Document download Dear user, the requested document Attachment_0 is being prepared for download. Once the download is completed you may close this window by clicking on the close button. Close © European Commission  2018  - Documents download module - Version 2.6.0 - Build 20180216-0915</content>
              
              
								
            
            </webLink>
            
            
						
          
          </associations>
          
          
					
        
        </relations>
        
        
				
      
      </result>
      
      
			
      
      <result type="relatedResult">
        
        
				
			
					
        
        <availableLanguages readOnly="true">en</availableLanguages>
        
        
					
        
        <rcn>198110</rcn>
        
        
					
        
        <title>Periodic Reporting for period 1 - SITless (SITless: Exercise Referral Schemes enhanced by Self-Management Strategies to battle sedentary behaviour)</title>
        
        
					
        
        <teaser>Ageing is associated with an increased risk of frailty, functional loss and poor health outcomes. Lack of physical activity (PA) and sedentary behaviour (SB) have been associated with the progression of chronic disease and disability and are currently considered as two key...</teaser>
        
        
					
        
        <description>periodic</description>
        
        
					
        
        <contentUpdateDate>2017-05-16 17:47:50</contentUpdateDate>
        
        
					
        
        <relations>
          
          
						
          
          <categories>
            
            
							
            
            <category classification="collection" type="belongsTo">
              
              
								
              
              <availableLanguages readOnly="true">de,en,es,fr,it,pl</availableLanguages>
              
              
								
              
              <code>/pubsum</code>
              
              
								
              
              <title>Report Summary</title>
              
              
								
							
            
            </category>
            
            
							
            
            <category classification="resultCategory" type="relatedResultCategory">
              
              
								
              
              <availableLanguages readOnly="true">en</availableLanguages>
              
              
								
              
              <code>/report</code>
              
              
								
              
              <title>Report summary</title>
              
              
								
							
            
            </category>
            
            
							
            
            <category classification="source" type="isProvidedBy">
              
              
								
              
              <availableLanguages readOnly="true">de,en,es,fr,it,pl</availableLanguages>
              
              
								
              
              <code>/corda</code>
              
              
								
              
              <title>CORDA</title>
              
              
								
							
            
            </category>
            
            
						
          
          </categories>
          
          
						
          
          <associations>
            
            
							
            
            <webItem source="corda" type="relatedResultAttachment">
              
              
								
							
									
              
              <language>en</language>
              
              
									
              
              <availableLanguages readOnly="true">en,any</availableLanguages>
              
              
									
              
              <uri>/docs/results/h2020/634/634270_PS/sitless-final-300.jpg</uri>
              
              
									
              
              <alternativeText>SITLESS logo</alternativeText>
              
              
									
              
              <mimetype readOnly="true">image/jpeg</mimetype>
              
              
									
              
              <size readOnly="true">0</size>
              
              
								
            
            </webItem>
            
            
							
            
            <webLink source="corda" type="relatedWebsite">
              
              
								
							
									
              
              <language>en</language>
              
              
									
              
              <availableLanguages readOnly="true">en</availableLanguages>
              
              
									
              
              <url>http://sitless.eu</url>
              
              
									
              
              <content>SITLESS Share us on Menu Home Background of the SITLESS project Background Physical Activity (PA) Sedentary Behaviour (SB) Self-Management-Strategies (SMS) About SITLESS Objectives, Vision &amp; Aims SITLESS Consortium Intervention sites, design and outcomes Dissemination Board Publication committee Advisory Board SITLESS Logo Dissemination Activities Workshops &amp; Conferences SITLESS Consortium Meetings Downloads Stakeholders Contact Online Repository Barcelona - 1. Consortium meeting Barcelona - 1. Consortium meeting Working hard Belfast - 2. Consortium meeting Belfast - 2. Consortium meeting Eat, stand and talk Belfast - 2. Consortium meeting Corsortium + Advisory Board members Belfast - 2. Consortium meeting Round table discussion - local advisory board members + consortium Odense - 3. Consortium meeting Evaluation of the feasability study Odense - 3. Consortium meeting Evaluation of the feasability study Odense - 3. Consortium meeting Coffee break Odense - 3. Consortium meeting The facilities at University of Southern Denmark Ulm - 4. Consortium meeting Ulm - 4. Consortium meeting Round table discussion - local advisory board members + consortium Barcelona - 5. Consortium meeting Barcelona - 5. Consortium meeting Recent posts SITLESS video sitless Ikke kategoriseret 13. March 201813. March 2018 0 Comment The video is briefly trying the explain what the European research project ‘SITLESS’ is about. http://sitless.eu/wp-content/uploads/2018/03/SITLESS-movie-v7.mp4 SITLESS – Study protocol sitless Ikke kategoriseret 22. May 201720. June 2017 0 Comment The study protocol for the SITLESS project has been published and can be found in the links below: Link 1 Link 2 Read more Background Older adults aged 65 and over are the fastest growing segment of the World‘s population (World Health Organisation [WHO], 2011). Although prolongation of life remains an important public health goal, of even greater significance is the preservation of the capacity toRead more Physical Activity (PA)   Physical activity has well documented health benefits (Pedersen et al., 2006). It is well established that physical activity plays a key role in the prevention of non-communicable diseases and disabilities among the elderly due to its close relationship withRead more Sedentary Behaviour (SB) Sedentary Behaviour (SB) is defined as any waking behaviour characterized by an energy expenditure ≤ 1.5 metabolic equivalent (METs) while in a sitting or reclining posture. The effect of SB on health is two-fold; firstly, the amount of time spentRead more SITLESS Consortium FUNDACIÓ SALUT I ENVELLIMENT (FSIE) Brief description: The Fundació Salut i Envelliment UAB (Health and Ageing Foundation) is a private non-profit foundation at the Universitat Autònoma de Barcelona. FSIE’s main objective is to improve knowledge of different aspects related toRead more Advisory Board Each intervention site (SDU, QUB, FB-FSIE, UULM) will convene a local advisory board, including profiles such as: health service commissioners (mainly from primary care), public health practitioners, policy makers, physical activity specialists, members of the public (mainly older people from older people organizations). Purpose ofRead more Intervention sites, design and outcomes A complex intervention consisting on an Exercise Referral Schemes intervention with Self-Management Strategies will be delivered in primary care or community settings in urban areas of Catalonia – Spain (FB-FSIE), Syddanmark – Denmark (SDU), Baden-Württemberg – Germany (UULM) and Northern Ireland –Read more Recent Posts SITLESS video SITLESS – Study protocol Biomarkers associated with sedentary behaviour in older adults First SITLESS publication Reducing sedentary behaviour among older adults – The SITLESS Project (HEPA Symposium, 29th September 2016) Pages About SITLESS Advisory Board Dissemination Board SITLESS Consortium Background of the SITLESS project Background Physical Activity (PA) Sedentary Behaviour (SB) Contact Dissemination Activities Workshops &amp; Conferences Downloads Home Intervention sites, design and outcomes Objectives, Vision &amp; Aims Online Repository Publication committee Self-Management-Strategies (SMS) SITLESS Consortium Meetings SITLESS Logo Stakeholders Downloads SITLESS roll-up 496.09 KB Download The SITLESS Project - HEPA Symposium, 29th September 2016 192.17 KB Download Biomarkers associated with sedentary behaviour in older adults: a systematic review 952.98 KB Download Public Health Research Workshop (FP7 and Horizon 2020 research projects) 631.28 KB Download Giné-Garriga et al 2017 - The SITLESS project 4.00 KB Download Copyright © 2018 SITLESS Theme by: ThemeGrill Powered by: WordPress</content>
              
              
								
            
            </webLink>
            
            
						
          
          </associations>
          
          
					
        
        </relations>
        
        
				
      
      </result>
      
      
		
    
    </associations>
    
    
		
    
    <categories>
      
      
			
      
      <category classification="projectFundingSchemeCategory" type="relatedProjectFundingSchemeCategory">
        
        
				
        
        <availableLanguages readOnly="true">en</availableLanguages>
        
        
				
        
        <code>/RIA</code>
        
        
				
        
        <title>Research and Innovation action</title>
        
        
				
			
      
      </category>
      
      
		
    
    </categories>
    
    
	
  
  </relations>
  
  
	


</project>

