<?xml version="1.0" encoding="UTF-8"?>
<project xmlns="http://cordis.europa.eu">
  
  
	
	
  
  <language>en</language>
  
  
	
  
  <availableLanguages readOnly="true">en</availableLanguages>
  
  
	
  
  <rcn>193226</rcn>
  
  
	
  
  <reference>633382</reference>
  
  
	
  
  <acronym>ARTofscience</acronym>
  
  
	
  
  <teaser>The overall concept of our proposal is “Art of science” for both years respectively taking place on Friday 26 Septemper 2014 and Friday 25 September 2015 where we intend to generate an awareness and interest towards science by bringing scientists and all sections of the...</teaser>
  
  
	
  
  <objective>The overall concept of our proposal is “Art of science” for both years respectively taking place on Friday 26 Septemper 2014 and Friday 25 September 2015 where we intend to generate an awareness and interest towards science by bringing scientists and all sections of the public close to each together in Istanbul, Turkey. Here, with this concept, we would like to enhance public recognition of researchers and their work, encourage active participation into scientific planning, experimentation and outcomes in one approache. Our approach is to assist the participants to be acquainted with how they “live, love, fun and learn” science in their daily life. For example, we will present them opportunities to the see how science affects our life, to experience the science in daily life by hands-on and minds-on activities, and to shape their view of science as a way of knowing. The participants will also have the opportunity to be introduced to the latest scientific developments in various fields by meeting and discussing with scientists. Vice versa, the researchers will find chance to make their work publically known. Furthermore, students at all levels will make meaning of their science courses, feel themselves closer to science and scientists, and eventually become more confident about science. Additional idea of the researchers’ night is to recognize the participants to be aware of the role of European Union framework programmes, the impact and effect they have had on the well-being of the public. This idea will be introduced by several activities involving participants and facilities demonstrated to the participants in EU corner.</objective>
  
  
	
  
  <title>Activities Releated to Science</title>
  
  
	
  
  <totalCost>105673.75</totalCost>
  
  
	
  
  <ecMaxContribution>76000</ecMaxContribution>
  
  
	
  
  <startDate>2014-06-01</startDate>
  
  
	
  
  <endDate>2015-10-31</endDate>
  
  
	
  
  <contract>
    
    
		
    
    <duration>17</duration>
    
    
	
  
  </contract>
  
  
	
  
  <status>SIGNED</status>
  
  
	
  
  <sourceUpdateDate>2017-10-16 11:47:28</sourceUpdateDate>
  
  
	
  
  <contentCreationDate readOnly="true">2015-05-05 15:59:46</contentCreationDate>
  
  
	
  
  <contentUpdateDate>2016-11-23 16:37:57</contentUpdateDate>
  
  
	
  
  <lastUpdateDate readOnly="true">2017-11-09 10:36:13</lastUpdateDate>
  
  
	
  
  <relations>
    
    
		
    
    <associations>
      
      
			
      
      <call type="relatedCall">
        
        
				
			
					
        
        <rcn>186</rcn>
        
        
					
        
        <title>H2020-MSCA-NIGHT-2014</title>
        
        
					
        
        <identifier>H2020-MSCA-NIGHT-2014</identifier>
        
        
				
      
      </call>
      
      
			
      
      <organization ecContribution="76000" order="1" terminated="false" type="coordinator">
        
        
				
			
					
        
        <availableLanguages readOnly="true">en</availableLanguages>
        
        
					
        
        <rcn>2171588</rcn>
        
        
					
        
        <id>968597575</id>
        
        
					
        
        <vatNumber>TR0680578123</vatNumber>
        
        
					
        
        <legalName>ISTANBUL AYDIN UNIVERSITESI VAKFI</legalName>
        
        
					
        
        <shortName>IAU</shortName>
        
        
					
        
        <address>
          
          
						
          
          <street>INONU CADDESI 38 BESYOL MAH</street>
          
          
						
          
          <city>KUCUKCEKMECE ISTANBUL</city>
          
          
						
          
          <postalCode>34295</postalCode>
          
          
						
          
          <country>TR</country>
          
          
						
          
          <url>www.aydin.edu.tr</url>
          
          
					
        
        </address>
        
        
					
        
        <relations>
          
          
						
          
          <categories>
            
            
							
            
            <category classification="organizationActivityType" type="relatedOrganizationActivityType">
              
              
								
              
              <availableLanguages readOnly="true">en</availableLanguages>
              
              
								
              
              <code>/HES</code>
              
              
								
              
              <title>Higher or Secondary Education Establishments</title>
              
              
								
							
            
            </category>
            
            
						
          
          </categories>
          
          
						
          
          <regions>
            
            
							
            
            <region type="relatedRegion">
              
              
								
							
									
              
              <name>Turkey</name>
              
              
									
              
              <nutsCode>TR</nutsCode>
              
              
									
              
              <euCode>TR</euCode>
              
              
									
              
              <isoCode>TR</isoCode>
              
              
									
              
              <rcn>493783592</rcn>
              
              
								
            
            </region>
            
            
						
          
          </regions>
          
          
					
        
        </relations>
        
        
				
      
      </organization>
      
      
			
      
      <programme type="relatedSubProgramme">
        
        
				
			
					
        
        <availableLanguages readOnly="true">en</availableLanguages>
        
        
					
        
        <rcn>664549</rcn>
        
        
					
        
        <code>MSCA-NIGHT-2014</code>
        
        
					
        
        <frameworkProgramme>H2020-Topics</frameworkProgramme>
        
        
					
        
        <title>European Researchers' Night (NIGHT)</title>
        
        
					
        
        <parent>
          
          
						
          
          <programme>
            
            
							
            
            <rcn>20200</rcn>
            
            
							
            
            <code>H2020-Topics</code>
            
            
						
          
          </programme>
          
          
					
        
        </parent>
        
        
				
      
      </programme>
      
      
			
      
      <programme type="relatedProgramme">
        
        
				
			
					
        
        <availableLanguages readOnly="true">de,en,es,fr,it,pl</availableLanguages>
        
        
					
        
        <rcn>664119</rcn>
        
        
					
        
        <code>H2020-EU.1.3.5.</code>
        
        
					
        
        <frameworkProgramme>H2020</frameworkProgramme>
        
        
					
        
        <pga>H2020-EU.1.3.5.</pga>
        
        
					
        
        <title>Specific support and policy actions</title>
        
        
					
        
        <shortTitle>MSCA Specific support</shortTitle>
        
        
					
        
        <parent>
          
          
						
          
          <programme>
            
            
							
            
            <rcn>664109</rcn>
            
            
							
            
            <code>H2020-EU.1.3.</code>
            
            
							
            
            <parent>
              
              
								
              
              <programme>
                
                
									
                
                <rcn>664091</rcn>
                
                
									
                
                <code>H2020-EU.1.</code>
                
                
									
                
                <parent>
                  
                  
										
                  
                  <programme>
                    
                    
											
                    
                    <rcn>664087</rcn>
                    
                    
											
                    
                    <code>H2020-EC</code>
                    
                    
											
                    
                    <parent>
                      
                      
												
                      
                      <programme>
                        
                        
													
                        
                        <rcn>664086</rcn>
                        
                        
													
                        
                        <code>H2020</code>
                        
                        
												
                      
                      </programme>
                      
                      
											
                    
                    </parent>
                    
                    
										
                  
                  </programme>
                  
                  
									
                
                </parent>
                
                
								
              
              </programme>
              
              
							
            
            </parent>
            
            
						
          
          </programme>
          
          
					
        
        </parent>
        
        
				
      
      </programme>
      
      
			
      
      <result type="relatedResult">
        
        
				
			
					
        
        <availableLanguages readOnly="true">en</availableLanguages>
        
        
					
        
        <rcn>190010</rcn>
        
        
					
        
        <title>Periodic Reporting for period 1 - ARTofscience (Activities Releated to Science)</title>
        
        
					
        
        <teaser>The overall concept of the proposal entitled “Art of science” relied on tending to generate  awareness and interest towards science by bringing scientists and all sections of the general public close to each together on 26th Septemper 2014 in Istanbul, Turkey. The very...</teaser>
        
        
					
        
        <description>periodic</description>
        
        
					
        
        <contentUpdateDate>2016-11-03 11:54:11</contentUpdateDate>
        
        
					
        
        <relations>
          
          
						
          
          <categories>
            
            
							
            
            <category classification="collection" type="belongsTo">
              
              
								
              
              <availableLanguages readOnly="true">de,en,es,fr,it,pl</availableLanguages>
              
              
								
              
              <code>/pubsum</code>
              
              
								
              
              <title>Report Summary</title>
              
              
								
							
            
            </category>
            
            
							
            
            <category classification="resultCategory" type="relatedResultCategory">
              
              
								
              
              <availableLanguages readOnly="true">en</availableLanguages>
              
              
								
              
              <code>/report</code>
              
              
								
              
              <title>Report summary</title>
              
              
								
							
            
            </category>
            
            
							
            
            <category classification="source" type="isProvidedBy">
              
              
								
              
              <availableLanguages readOnly="true">de,en,es,fr,it,pl</availableLanguages>
              
              
								
              
              <code>/corda</code>
              
              
								
              
              <title>CORDA</title>
              
              
								
							
            
            </category>
            
            
						
          
          </categories>
          
          
						
          
          <associations>
            
            
							
            
            <webItem source="corda" type="relatedResultAttachment">
              
              
								
							
									
              
              <language>en</language>
              
              
									
              
              <availableLanguages readOnly="true">en,any</availableLanguages>
              
              
									
              
              <uri>/docs/results/h2020/633/633382_PS/fot4.jpg</uri>
              
              
									
              
              <alternativeText>Bicycle activity</alternativeText>
              
              
									
              
              <mimetype readOnly="true">image/jpeg</mimetype>
              
              
									
              
              <size readOnly="true">0</size>
              
              
								
            
            </webItem>
            
            
							
            
            <webItem source="corda" type="relatedResultAttachment">
              
              
								
							
									
              
              <language>en</language>
              
              
									
              
              <availableLanguages readOnly="true">en,any</availableLanguages>
              
              
									
              
              <uri>/docs/results/h2020/633/633382_PS/fot6.jpg</uri>
              
              
									
              
              <alternativeText>Seminar</alternativeText>
              
              
									
              
              <mimetype readOnly="true">image/jpeg</mimetype>
              
              
									
              
              <size readOnly="true">0</size>
              
              
								
            
            </webItem>
            
            
							
            
            <webItem source="corda" type="relatedResultAttachment">
              
              
								
							
									
              
              <language>en</language>
              
              
									
              
              <availableLanguages readOnly="true">en,any</availableLanguages>
              
              
									
              
              <uri>/docs/results/h2020/633/633382_PS/fot2.jpg</uri>
              
              
									
              
              <alternativeText>Photo: general view</alternativeText>
              
              
									
              
              <mimetype readOnly="true">image/jpeg</mimetype>
              
              
									
              
              <size readOnly="true">0</size>
              
              
								
            
            </webItem>
            
            
							
            
            <webItem source="corda" type="relatedResultAttachment">
              
              
								
							
									
              
              <language>en</language>
              
              
									
              
              <availableLanguages readOnly="true">en,any</availableLanguages>
              
              
									
              
              <uri>/docs/results/h2020/633/633382_PS/fot3.jpg</uri>
              
              
									
              
              <alternativeText>Photo from the workshop</alternativeText>
              
              
									
              
              <mimetype readOnly="true">image/jpeg</mimetype>
              
              
									
              
              <size readOnly="true">0</size>
              
              
								
            
            </webItem>
            
            
							
            
            <webItem source="corda" type="relatedResultAttachment">
              
              
								
							
									
              
              <language>en</language>
              
              
									
              
              <availableLanguages readOnly="true">en,any</availableLanguages>
              
              
									
              
              <uri>/docs/results/h2020/633/633382_PS/fotfot.jpg</uri>
              
              
									
              
              <alternativeText>Photo from the workshop</alternativeText>
              
              
									
              
              <mimetype readOnly="true">image/jpeg</mimetype>
              
              
									
              
              <size readOnly="true">0</size>
              
              
								
            
            </webItem>
            
            
							
            
            <webItem source="corda" type="relatedResultAttachment">
              
              
								
							
									
              
              <language>en</language>
              
              
									
              
              <availableLanguages readOnly="true">en,any</availableLanguages>
              
              
									
              
              <uri>/docs/results/h2020/633/633382_PS/fot7.jpg</uri>
              
              
									
              
              <alternativeText>General view</alternativeText>
              
              
									
              
              <mimetype readOnly="true">image/jpeg</mimetype>
              
              
									
              
              <size readOnly="true">0</size>
              
              
								
            
            </webItem>
            
            
							
            
            <webItem source="corda" type="relatedResultAttachment">
              
              
								
							
									
              
              <language>en</language>
              
              
									
              
              <availableLanguages readOnly="true">en,any</availableLanguages>
              
              
									
              
              <uri>/docs/results/h2020/633/633382_PS/fot8.jpg</uri>
              
              
									
              
              <alternativeText>Photo from the workshop</alternativeText>
              
              
									
              
              <mimetype readOnly="true">image/jpeg</mimetype>
              
              
									
              
              <size readOnly="true">0</size>
              
              
								
            
            </webItem>
            
            
							
            
            <webItem source="corda" type="relatedResultAttachment">
              
              
								
							
									
              
              <language>en</language>
              
              
									
              
              <availableLanguages readOnly="true">en,any</availableLanguages>
              
              
									
              
              <uri>/docs/results/h2020/633/633382_PS/fotnew.png</uri>
              
              
									
              
              <alternativeText>From the news</alternativeText>
              
              
									
              
              <mimetype readOnly="true">image/png</mimetype>
              
              
									
              
              <size readOnly="true">0</size>
              
              
								
            
            </webItem>
            
            
							
            
            <webItem source="corda" type="relatedResultAttachment">
              
              
								
							
									
              
              <language>en</language>
              
              
									
              
              <availableLanguages readOnly="true">en,any</availableLanguages>
              
              
									
              
              <uri>/docs/results/h2020/633/633382_PS/fot5.jpg</uri>
              
              
									
              
              <alternativeText>Games</alternativeText>
              
              
									
              
              <mimetype readOnly="true">image/jpeg</mimetype>
              
              
									
              
              <size readOnly="true">0</size>
              
              
								
            
            </webItem>
            
            
							
            
            <webItem source="corda" type="relatedResultAttachment">
              
              
								
							
									
              
              <language>en</language>
              
              
									
              
              <availableLanguages readOnly="true">en,any</availableLanguages>
              
              
									
              
              <uri>/docs/results/h2020/633/633382_PS/fot9.jpg</uri>
              
              
									
              
              <alternativeText>Photo from the workshop</alternativeText>
              
              
									
              
              <mimetype readOnly="true">image/jpeg</mimetype>
              
              
									
              
              <size readOnly="true">0</size>
              
              
								
            
            </webItem>
            
            
							
            
            <webItem source="corda" type="relatedResultAttachment">
              
              
								
							
									
              
              <language>en</language>
              
              
									
              
              <availableLanguages readOnly="true">en,any</availableLanguages>
              
              
									
              
              <uri>/docs/results/h2020/633/633382_PS/fot1.jpg</uri>
              
              
									
              
              <alternativeText>Photo from the workshop</alternativeText>
              
              
									
              
              <mimetype readOnly="true">image/jpeg</mimetype>
              
              
									
              
              <size readOnly="true">0</size>
              
              
								
            
            </webItem>
            
            
							
            
            <webLink source="corda" type="relatedWebsite">
              
              
								
							
									
              
              <language>en</language>
              
              
									
              
              <availableLanguages readOnly="true">en</availableLanguages>
              
              
									
              
              <url>http://www.abbilimeglencegunu.org</url>
              
              
									
              
              <content>ノベルティに最高なオリジナルタオルを作る！ – ノベルティに最高なオリジナルタオルを作ろう ノベルティに最高なオリジナルタオルを作る！ ノベルティに最高なオリジナルタオルを作ろう Menu ホーム オリジナルタオルを販促に活かす 16年12月14日  |  コメントはまだありません  |  未分類 オリジナルタオルをノベルティとして作る時、以前はペラペラのタオル生地が利用されていましたが、現在はシャーリングやマイクロファイバーといった生地を利用したものが登場しています。厚みが十分あり、水分をしっかり吸収してくれる高級タオルをノベルティとして利用している企業や店舗も多く、非常に人気が高いといいます。 無料で送るもの、記念として利用するものがノベルティですが、無料だからこそ気が利いた商品、顧客や取引先がこれは気が利いていると思うモノを送りたいと考える企業、店舗が多くなっているのです。オリジナルタオルを制作する側も、タオルソムリエなどが常駐し、希望価格に応じた最適なタオル生地を選んでくれたり、顧客の年齢層などに応じてデザインや大きさ、種類などを選択してくれるという所もあります。 デザインなどは自由に設定できる所がほとんどですし、企業のロゴやお店のイメージなどを伝えて、そのイメージにそったオリジナルタオルのデザインを考えてくれるタオル制作業者がほとんどです。 ノベルティだからこそ、顧客が嬉しいと思ってくれる商品を選択したいという時、今、質の高いオリジナルタオルが人気となっています。毎日利用するタオルをノベルティとして顧客や取引先にどのような気持ちで作るのか、最近はこうした販売促進について非常に真剣に考える企業や店舗が多くなっているのです。 Related posts: ノベルティの世界も変わってきている 種類もデザインもいろいろ楽しいオリジナルタオル 大きさもいろいろなオリジナルタオル 大きさもいろいろなオリジナルタオル 16年12月06日  |  コメントはまだありません  |  未分類 タオルと一口にいっても、色々なものがあります。ミニタオル、手ぬぐい、ハンドタオル、バスタオル、スポーツタオル、マフラータオル、フェイスタオル、それぞれ大きさが違いますし、使い勝手も違います。 以前は店舗や企業から頂くタオルというと、ほとんどがフェイスタオルでした。でも今は、スポーツ関連のメーカーさんなどからはスポーツ観戦の際にマフラーとしても利用出来るマフラータオルという事も多くなっていますし、大判のバスタオルをノベルティとして配っている企業もあります。これは、赤ちゃんのブランケットに出来たり、ちょっとした寒さ除けなどにも利用できて便利です。 お子さんがいるご家庭ではミニタオルやハンドタオルなどが重宝します。夏などはハンドタオルやミニタオルなどを汗拭きに持っていくことが多くなりますし、ほどよい大きさなので何枚あっても嬉しいです。可愛いオリジナルキャラクターのプリントが施されていたり、提携しているアニメキャラクターがプリントされているノベルティなどになると大人気で、もう1枚欲しいという要望があったりするものです。 名入れタオルも最近は色々なものがあり、カラフルでふんわりとした風合いのタオルだったり、さわり心地のいい質の高いタオルが利用されるなど、昔とは全く違うタオルが利用されることが多くなっています。 Related posts: ノベルティの世界も変わってきている 種類もデザインもいろいろ楽しいオリジナルタオル オリジナルタオルを販促に活かす 種類もデザインもいろいろ楽しいオリジナルタオル 16年11月30日  |  コメントはまだありません  |  未分類 ノベルティで利用するオリジナルタオルというと、企業名がどーんと書かれている何の工夫もない白いペラペラの年始タオルなどを想像しますが、現在、ノベルティとして利用されるオリジナルタオルは色々なバリエーションがあり、なるほど、この企業工夫しているなとか、このお店、使う側の事を考えてくれているなと感じるものです。 例えば、形も、ただフェイスタオルという事ではなく、マフラータオルになっていることもあります。マフラーのような長さで、フェイスタオルよりも幅が狭いタオルです。こうしたタオルは汗を拭くときなどでも使い勝手がよく、寒い時には首に巻いてマフラーのように利用できるので非常に便利です。 また2色毛違いのジャガード織のタオルなどは、ボリュームがあります。どこかに持っていくという時でも、こうしたオリジナルタオルなら恥ずかしくないですし、厚みがあるので赤ちゃんの枕代わりに使うなど、色々な使い方ができます。 キャラクターなどを利用する企業では、凸凹で立体感を出せるジャガード織のタオルなどを利用し、キャラクターが立体的に見えるようなオリジナルタオルを利用しています。わざと企業名などを小さくしてあり、普段使いに利用できるように気を使ってくれています。近頃利用されているノベルティとしてのオリジナルタオルは、本当に色々なデザインがあるのです。 Related posts: ノベルティの世界も変わってきている 大きさもいろいろなオリジナルタオル オリジナルタオルを販促に活かす ノベルティの世界も変わってきている 16年11月22日  |  コメントはまだありません  |  未分類 ノベルティとして企業や店舗などからタオルを頂くことがあります。以前はただ企業名が入った白地のタオルだったり、カラフルでも大きく店舗の名前が入っていて、自宅用でしか利用できないようなオリジナルタオルが多かったのですが、最近は、利用する側をしっかり考慮してくれている、オリジナルタオルをノベルティとしていただくこともあり、そうした気の利いたオリジナルタオルを見ると、その企業や店舗のセンスがいいなと思いますし、顧客の事をよく考えてくれていると感じます。 ただ熨斗に包まれているオリジナルタオルではなく、最近はタオルを色々な形にして、ノベルティとして配っている所もあります。例えばクリスマスの季節になるとケーキのように形作られているタオルを頂けたり、まるでボールのように形作られたオリジナルタオルを頂くこともあります。ちょっとした工夫でタオル1枚でも非常に印象に残りますので、こうした工夫をノベルティに施すという事も、広告効果がある素晴らしい方法だと感じます。 昔頂いた企業の広告用のタオル、年始などの挨拶で頂くタオルというと、生地もペラペラで、糸がほつれていたりして、いかにも安い・・・・と感じさせるものが多かったのですが、最近ノベルティとしていただくオリジナルタオルは、生地がかなりいいもので、これはどこで購入されているのか？と聞きたくなるような高品質なものもあります。無料で顧客、お得意さんに配るものだから何でも安ければいいという事ではなく、もらって嬉しいと顧客が思ってくれるようなノベルティを、各企業、店舗が考えているのです。 当サイトはこうした高品質なタオルやちょっと工夫を施したオリジナルタオルなどをノベルティとして送る魅力をお伝えします。このサイトが皆様のお役にたてたら幸いです。 Related posts: 種類もデザインもいろいろ楽しいオリジナルタオル 大きさもいろいろなオリジナルタオル オリジナルタオルを販促に活かす 最近の投稿 オリジナルタオルを販促に活かす 大きさもいろいろなオリジナルタオル 種類もデザインもいろいろ楽しいオリジナルタオル ノベルティの世界も変わってきている アーカイブ 2016年12月 2016年11月 Correct Lite</content>
              
              
								
            
            </webLink>
            
            
						
          
          </associations>
          
          
					
        
        </relations>
        
        
				
      
      </result>
      
      
			
      
      <result source="corda" type="relatedResult">
        
        
				
			
					
        
        <availableLanguages readOnly="true">en</availableLanguages>
        
        
					
        
        <rcn>206134</rcn>
        
        
					
        
        <title>Awareness campaign</title>
        
        
					
        
        <description>we plan to use all communication devices. For example, online web sites, media, billboards, brochures, posters etc. Moreover, to announce the event to all audiences locally and nationally, we plan to contact with government organizations, such as municipalities, directorates of national ministry of education, and universities.</description>
        
        
					
        
        <contentUpdateDate>2017-11-09 10:32:54</contentUpdateDate>
        
        
					
        
        <relations>
          
          
						
          
          <categories>
            
            
							
            
            <category classification="collection" type="belongsTo">
              
              
								
              
              <availableLanguages readOnly="true">de,en,es,fr,it,pl</availableLanguages>
              
              
								
              
              <code>/deliverable</code>
              
              
								
              
              <title>Project deliverable</title>
              
              
								
							
            
            </category>
            
            
							
            
            <category classification="deliverableType" type="isDeliveredAs">
              
              
								
              
              <availableLanguages readOnly="true">de,en,es,fr,it,pl</availableLanguages>
              
              
								
              
              <code>/DEC</code>
              
              
								
              
              <title>Websites, patent fillings, videos etc.</title>
              
              
								
							
            
            </category>
            
            
							
            
            <category classification="source" type="isProvidedBy">
              
              
								
              
              <availableLanguages readOnly="true">de,en,es,fr,it,pl</availableLanguages>
              
              
								
              
              <code>/corda</code>
              
              
								
              
              <title>CORDA</title>
              
              
								
							
            
            </category>
            
            
						
          
          </categories>
          
          
						
          
          <associations>
            
            
							
            
            <webLink source="corda" type="projectDeliverable">
              
              
								
							
									
              
              <language>en</language>
              
              
									
              
              <availableLanguages readOnly="true">en</availableLanguages>
              
              
									
              
              <url>https://www.ec.europa.eu/research/participants/documents/downloadPublic?documentIds=080166e59d8c998f&amp;appId=PPGMS</url>
              
              
									
              
              <content>Documents download module Documents download module Document download Dear user, the requested document Attachment_0 is being prepared for download. Once the download is completed you may close this window by clicking on the close button. Close © European Commission  2018  - Documents download module - Version 2.6.0 - Build 20180216-0915</content>
              
              
								
            
            </webLink>
            
            
						
          
          </associations>
          
          
					
        
        </relations>
        
        
				
      
      </result>
      
      
			
      
      <result source="corda" type="relatedResult">
        
        
				
			
					
        
        <availableLanguages readOnly="true">en</availableLanguages>
        
        
					
        
        <rcn>206137</rcn>
        
        
					
        
        <title>Impact assessment</title>
        
        
					
        
        <description>Impact assessment will necessarily be done on the day of the event and ending after the event. This package involves both the collection of data about the impact of the events and the analyses of the collected data. The two different questionnaires for both years will be formed by Istanbul Aydın University, Faculty of Education and will address different age groups such as elementary and middle school students, high school students, university students and adults.</description>
        
        
					
        
        <contentUpdateDate>2017-11-09 10:33:04</contentUpdateDate>
        
        
					
        
        <relations>
          
          
						
          
          <categories>
            
            
							
            
            <category classification="collection" type="belongsTo">
              
              
								
              
              <availableLanguages readOnly="true">de,en,es,fr,it,pl</availableLanguages>
              
              
								
              
              <code>/deliverable</code>
              
              
								
              
              <title>Project deliverable</title>
              
              
								
							
            
            </category>
            
            
							
            
            <category classification="deliverableType" type="isDeliveredAs">
              
              
								
              
              <availableLanguages readOnly="true">de,en,es,fr,it,pl</availableLanguages>
              
              
								
              
              <code>/R</code>
              
              
								
              
              <title>Document, report</title>
              
              
								
							
            
            </category>
            
            
							
            
            <category classification="source" type="isProvidedBy">
              
              
								
              
              <availableLanguages readOnly="true">de,en,es,fr,it,pl</availableLanguages>
              
              
								
              
              <code>/corda</code>
              
              
								
              
              <title>CORDA</title>
              
              
								
							
            
            </category>
            
            
						
          
          </categories>
          
          
						
          
          <associations>
            
            
							
            
            <webLink source="corda" type="projectDeliverable">
              
              
								
							
									
              
              <language>en</language>
              
              
									
              
              <availableLanguages readOnly="true">en</availableLanguages>
              
              
									
              
              <url>https://www.ec.europa.eu/research/participants/documents/downloadPublic?documentIds=080166e59d8c8b8f&amp;appId=PPGMS</url>
              
              
									
              
              <content>Documents download module Documents download module Document download Dear user, the requested document Attachment_0 is being prepared for download. Once the download is completed you may close this window by clicking on the close button. Close © European Commission  2018  - Documents download module - Version 2.6.0 - Build 20180216-0915</content>
              
              
								
            
            </webLink>
            
            
						
          
          </associations>
          
          
					
        
        </relations>
        
        
				
      
      </result>
      
      
			
      
      <result source="corda" type="relatedResult">
        
        
				
			
					
        
        <availableLanguages readOnly="true">en</availableLanguages>
        
        
					
        
        <rcn>206139</rcn>
        
        
					
        
        <title>Management</title>
        
        
					
        
        <description>Management is coordinated by an executive committee and implemented by WP4 leaders and the team. Management involves all means of contacts, meetings, planning, invitations, and the coordination of the day. The work plan is explicated below under the title of management.</description>
        
        
					
        
        <contentUpdateDate>2017-11-09 10:33:10</contentUpdateDate>
        
        
					
        
        <relations>
          
          
						
          
          <categories>
            
            
							
            
            <category classification="collection" type="belongsTo">
              
              
								
              
              <availableLanguages readOnly="true">de,en,es,fr,it,pl</availableLanguages>
              
              
								
              
              <code>/deliverable</code>
              
              
								
              
              <title>Project deliverable</title>
              
              
								
							
            
            </category>
            
            
							
            
            <category classification="deliverableType" type="isDeliveredAs">
              
              
								
              
              <availableLanguages readOnly="true">de,en,es,fr,it,pl</availableLanguages>
              
              
								
              
              <code>/R</code>
              
              
								
              
              <title>Document, report</title>
              
              
								
							
            
            </category>
            
            
							
            
            <category classification="source" type="isProvidedBy">
              
              
								
              
              <availableLanguages readOnly="true">de,en,es,fr,it,pl</availableLanguages>
              
              
								
              
              <code>/corda</code>
              
              
								
              
              <title>CORDA</title>
              
              
								
							
            
            </category>
            
            
						
          
          </categories>
          
          
						
          
          <associations>
            
            
							
            
            <webLink source="corda" type="projectDeliverable">
              
              
								
							
									
              
              <language>en</language>
              
              
									
              
              <availableLanguages readOnly="true">en</availableLanguages>
              
              
									
              
              <url>https://www.ec.europa.eu/research/participants/documents/downloadPublic?documentIds=080166e59d8c9704&amp;appId=PPGMS</url>
              
              
									
              
              <content>Documents download module Documents download module Document download Dear user, the requested document Attachment_0 is being prepared for download. Once the download is completed you may close this window by clicking on the close button. Close © European Commission  2018  - Documents download module - Version 2.6.0 - Build 20180216-0915</content>
              
              
								
            
            </webLink>
            
            
						
          
          </associations>
          
          
					
        
        </relations>
        
        
				
      
      </result>
      
      
			
      
      <result source="corda" type="relatedResult">
        
        
				
			
					
        
        <availableLanguages readOnly="true">en</availableLanguages>
        
        
					
        
        <rcn>206135</rcn>
        
        
					
        
        <title>Activities during the night</title>
        
        
					
        
        <description>(including preparatory activities); we try to organize the event in collaboration with multiple universities, science centres, non-governmental organizations, charities, conservatories, and youth centres. By means of collaborations we try to bring as many and as diverse activities as possible to the interest of public in large.</description>
        
        
					
        
        <contentUpdateDate>2017-11-09 10:32:59</contentUpdateDate>
        
        
					
        
        <relations>
          
          
						
          
          <categories>
            
            
							
            
            <category classification="collection" type="belongsTo">
              
              
								
              
              <availableLanguages readOnly="true">de,en,es,fr,it,pl</availableLanguages>
              
              
								
              
              <code>/deliverable</code>
              
              
								
              
              <title>Project deliverable</title>
              
              
								
							
            
            </category>
            
            
							
            
            <category classification="deliverableType" type="isDeliveredAs">
              
              
								
              
              <availableLanguages readOnly="true">de,en,es,fr,it,pl</availableLanguages>
              
              
								
              
              <code>/R</code>
              
              
								
              
              <title>Document, report</title>
              
              
								
							
            
            </category>
            
            
							
            
            <category classification="source" type="isProvidedBy">
              
              
								
              
              <availableLanguages readOnly="true">de,en,es,fr,it,pl</availableLanguages>
              
              
								
              
              <code>/corda</code>
              
              
								
              
              <title>CORDA</title>
              
              
								
							
            
            </category>
            
            
						
          
          </categories>
          
          
						
          
          <associations>
            
            
							
            
            <webLink source="corda" type="projectDeliverable">
              
              
								
							
									
              
              <language>en</language>
              
              
									
              
              <availableLanguages readOnly="true">en</availableLanguages>
              
              
									
              
              <url>https://www.ec.europa.eu/research/participants/documents/downloadPublic?documentIds=080166e59df93cbf&amp;appId=PPGMS</url>
              
              
									
              
              <content>Documents download module Documents download module Document download Dear user, the requested document Attachment_0 is being prepared for download. Once the download is completed you may close this window by clicking on the close button. Close © European Commission  2018  - Documents download module - Version 2.6.0 - Build 20180216-0915</content>
              
              
								
            
            </webLink>
            
            
						
          
          </associations>
          
          
					
        
        </relations>
        
        
				
      
      </result>
      
      
		
    
    </associations>
    
    
		
    
    <categories>
      
      
			
      
      <category classification="projectFundingSchemeCategory" type="relatedProjectFundingSchemeCategory">
        
        
				
        
        <availableLanguages readOnly="true">en</availableLanguages>
        
        
				
        
        <code>/CSA</code>
        
        
				
        
        <title>Coordination and support action</title>
        
        
				
			
      
      </category>
      
      
		
    
    </categories>
    
    
	
  
  </relations>
  
  
	


</project>

