<?xml version="1.0" encoding="UTF-8"?>
<project xmlns="http://cordis.europa.eu">
  
  
	
	
  
  <language>en</language>
  
  
	
  
  <availableLanguages readOnly="true">en</availableLanguages>
  
  
	
  
  <rcn>193624</rcn>
  
  
	
  
  <reference>639088</reference>
  
  
	
  
  <acronym>SeSaMe</acronym>
  
  
	
  
  <teaser>Structural colour arises from constructive interference of light that is reflected at interfaces within periodic arrays of transparent materials. Their optical response is well understood and widely described in various biological organisms. Despite the maturity of the...</teaser>
  
  
	
  
  <objective>Structural colour arises from constructive interference of light that is reflected at interfaces within periodic arrays of transparent materials. Their optical response is well understood and widely described in various biological organisms. Despite the maturity of the research field, many important questions remain completely unsolved.
In order to elucidate the design principles that underlie the development of such structures in nature, I aim to study the assembly and optical response of both natural and bio-mimetic materials made by using the same materials as nature: cellulose and chitin. Bio-mimetic using natural building blocks will also reveal if disorder, always present in natural structures, is a direct consequence of intrinsic material limitations or if it has a biological significance.
Furthermore, understanding the assembly of natural materials will also allow the production of low cost, biodegradable photonic materials.</objective>
  
  
	
  
  <title>Sustainable routes for Smart photonic Materials</title>
  
  
	
  
  <totalCost>1500000</totalCost>
  
  
	
  
  <ecMaxContribution>1500000</ecMaxContribution>
  
  
	
  
  <startDate>2015-10-01</startDate>
  
  
	
  
  <endDate>2020-09-30</endDate>
  
  
	
  
  <contract>
    
    
		
    
    <duration>60</duration>
    
    
	
  
  </contract>
  
  
	
  
  <status>SIGNED</status>
  
  
	
  
  <sourceUpdateDate>2016-07-27 14:16:57</sourceUpdateDate>
  
  
	
  
  <contentCreationDate readOnly="true">2015-05-05 16:33:48</contentCreationDate>
  
  
	
  
  <contentUpdateDate>2016-06-30 10:46:08</contentUpdateDate>
  
  
	
  
  <lastUpdateDate readOnly="true">2016-07-27 14:16:57</lastUpdateDate>
  
  
	
  
  <relations>
    
    
		
    
    <associations>
      
      
			
      
      <call type="relatedCall">
        
        
				
			
					
        
        <rcn>408</rcn>
        
        
					
        
        <title>ERC-2014-STG</title>
        
        
					
        
        <identifier>ERC-2014-STG</identifier>
        
        
				
      
      </call>
      
      
			
      
      <organization ecContribution="1500000" order="1" terminated="false" type="hostInstitution">
        
        
				
			
					
        
        <availableLanguages readOnly="true">en</availableLanguages>
        
        
					
        
        <rcn>1905558</rcn>
        
        
					
        
        <id>999977172</id>
        
        
					
        
        <vatNumber>GB823847609</vatNumber>
        
        
					
        
        <legalName>THE CHANCELLOR MASTERS AND SCHOLARS OF THE UNIVERSITY OF CAMBRIDGE</legalName>
        
        
					
        
        <shortName>UCAM</shortName>
        
        
					
        
        <address>
          
          
						
          
          <street>TRINITY LANE THE OLD SCHOOLS</street>
          
          
						
          
          <city>CAMBRIDGE</city>
          
          
						
          
          <postalCode>CB2 1TN</postalCode>
          
          
						
          
          <country>UK</country>
          
          
						
          
          <postBox>N/A</postBox>
          
          
						
          
          <url>www.cam.ac.uk</url>
          
          
					
        
        </address>
        
        
					
        
        <departmentName>Cambridge Research Office</departmentName>
        
        
					
        
        <relations>
          
          
						
          
          <categories>
            
            
							
            
            <category classification="organizationActivityType" type="relatedOrganizationActivityType">
              
              
								
              
              <availableLanguages readOnly="true">en</availableLanguages>
              
              
								
              
              <code>/HES</code>
              
              
								
              
              <title>Higher or Secondary Education Establishments</title>
              
              
								
							
            
            </category>
            
            
						
          
          </categories>
          
          
						
          
          <regions>
            
            
							
            
            <region type="relatedRegion">
              
              
								
							
									
              
              <name>United Kingdom</name>
              
              
									
              
              <nutsCode>UK</nutsCode>
              
              
									
              
              <euCode>UK</euCode>
              
              
									
              
              <isoCode>GB</isoCode>
              
              
									
              
              <rcn>508725800</rcn>
              
              
								
            
            </region>
            
            
						
          
          </regions>
          
          
					
        
        </relations>
        
        
				
      
      </organization>
      
      
			
      
      <programme type="relatedSubProgramme">
        
        
				
			
					
        
        <availableLanguages readOnly="true">en</availableLanguages>
        
        
					
        
        <rcn>664783</rcn>
        
        
					
        
        <code>ERC-StG-2014</code>
        
        
					
        
        <frameworkProgramme>H2020-Topics</frameworkProgramme>
        
        
					
        
        <title>ERC Starting Grant</title>
        
        
					
        
        <parent>
          
          
						
          
          <programme>
            
            
							
            
            <rcn>20200</rcn>
            
            
							
            
            <code>H2020-Topics</code>
            
            
						
          
          </programme>
          
          
					
        
        </parent>
        
        
				
      
      </programme>
      
      
			
      
      <programme type="relatedProgramme">
        
        
				
			
					
        
        <availableLanguages readOnly="true">de,en,es,fr,it,pl</availableLanguages>
        
        
					
        
        <rcn>664099</rcn>
        
        
					
        
        <code>H2020-EU.1.1.</code>
        
        
					
        
        <frameworkProgramme>H2020</frameworkProgramme>
        
        
					
        
        <pga>H2020-EU.1.1.</pga>
        
        
					
        
        <title>EXCELLENT SCIENCE - European Research Council (ERC)</title>
        
        
					
        
        <shortTitle>European Research Council (ERC)</shortTitle>
        
        
					
        
        <parent>
          
          
						
          
          <programme>
            
            
							
            
            <rcn>664091</rcn>
            
            
							
            
            <code>H2020-EU.1.</code>
            
            
							
            
            <parent>
              
              
								
              
              <programme>
                
                
									
                
                <rcn>664087</rcn>
                
                
									
                
                <code>H2020-EC</code>
                
                
									
                
                <parent>
                  
                  
										
                  
                  <programme>
                    
                    
											
                    
                    <rcn>664086</rcn>
                    
                    
											
                    
                    <code>H2020</code>
                    
                    
										
                  
                  </programme>
                  
                  
									
                
                </parent>
                
                
								
              
              </programme>
              
              
							
            
            </parent>
            
            
						
          
          </programme>
          
          
					
        
        </parent>
        
        
				
      
      </programme>
      
      
			
      
      <result type="relatedResult">
        
        
				
			
					
        
        <availableLanguages readOnly="true">en</availableLanguages>
        
        
					
        
        <rcn>201992</rcn>
        
        
					
        
        <title>Periodic Reporting for period 1 - SeSaMe (Sustainable routes for Smart photonic Materials)</title>
        
        
					
        
        <teaser>The aim of the project is to fabricate and optically characterize bio-mimetic photonic structures using the same material as nature. This approach allows to answer fundamental questions about the biological significance of photonic structures in nature and their formation, but...</teaser>
        
        
					
        
        <description>periodic</description>
        
        
					
        
        <contentUpdateDate>2017-08-04 12:08:05</contentUpdateDate>
        
        
					
        
        <relations>
          
          
						
          
          <categories>
            
            
							
            
            <category classification="collection" type="belongsTo">
              
              
								
              
              <availableLanguages readOnly="true">de,en,es,fr,it,pl</availableLanguages>
              
              
								
              
              <code>/pubsum</code>
              
              
								
              
              <title>Report Summary</title>
              
              
								
							
            
            </category>
            
            
							
            
            <category classification="resultCategory" type="relatedResultCategory">
              
              
								
              
              <availableLanguages readOnly="true">en</availableLanguages>
              
              
								
              
              <code>/report</code>
              
              
								
              
              <title>Report summary</title>
              
              
								
							
            
            </category>
            
            
							
            
            <category classification="source" type="isProvidedBy">
              
              
								
              
              <availableLanguages readOnly="true">de,en,es,fr,it,pl</availableLanguages>
              
              
								
              
              <code>/corda</code>
              
              
								
              
              <title>CORDA</title>
              
              
								
							
            
            </category>
            
            
						
          
          </categories>
          
          
						
          
          <associations>
            
            
							
            
            <webItem source="corda" type="relatedResultAttachment">
              
              
								
							
									
              
              <language>en</language>
              
              
									
              
              <availableLanguages readOnly="true">en,any</availableLanguages>
              
              
									
              
              <uri>/docs/results/h2020/639/639088_PS/41598-2017-1496-fig1-html-2.jpg</uri>
              
              
									
              
              <alternativeText>The life cycle of the G. viridula from the egg to the adult stage</alternativeText>
              
              
									
              
              <mimetype readOnly="true">image/jpeg</mimetype>
              
              
									
              
              <size readOnly="true">0</size>
              
              
								
            
            </webItem>
            
            
							
            
            <webItem source="corda" type="relatedResultAttachment">
              
              
								
							
									
              
              <language>en</language>
              
              
									
              
              <availableLanguages readOnly="true">en,any</availableLanguages>
              
              
									
              
              <uri>/docs/results/h2020/639/639088_PS/adma201603386-gra-0001.png</uri>
              
              
									
              
              <alternativeText>The fabrication of flexible self-assembled cellulose nanocrystal films</alternativeText>
              
              
									
              
              <mimetype readOnly="true">image/png</mimetype>
              
              
									
              
              <size readOnly="true">0</size>
              
              
								
            
            </webItem>
            
            
							
            
            <webItem source="corda" type="relatedResultAttachment">
              
              
								
							
									
              
              <language>en</language>
              
              
									
              
              <availableLanguages readOnly="true">en,any</availableLanguages>
              
              
									
              
              <uri>/docs/results/h2020/639/639088_PS/nn-2016-03355a-0006.gif</uri>
              
              
									
              
              <alternativeText>Hierarchical cholesteric architectures  obtained by the self-assembly of cellulose nanocrystals</alternativeText>
              
              
									
              
              <mimetype readOnly="true">image/gif</mimetype>
              
              
									
              
              <size readOnly="true">0</size>
              
              
								
            
            </webItem>
            
            
							
            
            <webLink source="corda" type="relatedWebsite">
              
              
								
							
									
              
              <language>en</language>
              
              
									
              
              <availableLanguages readOnly="true">en</availableLanguages>
              
              
									
              
              <url>http://www.ch.cam.ac.uk/group/vignolini/</url>
              
              
									
              
              <content>302 Found Found The document has moved here. Apache/2.4.18 (Ubuntu) Server at www.ch.cam.ac.uk Port 80</content>
              
              
								
            
            </webLink>
            
            
						
          
          </associations>
          
          
					
        
        </relations>
        
        
				
      
      </result>
      
      
		
    
    </associations>
    
    
		
    
    <categories>
      
      
			
      
      <category classification="projectFundingSchemeCategory" type="relatedProjectFundingSchemeCategory">
        
        
				
        
        <availableLanguages readOnly="true">en</availableLanguages>
        
        
				
        
        <code>/ERC-STG</code>
        
        
				
        
        <title>Starting Grant</title>
        
        
				
			
      
      </category>
      
      
		
    
    </categories>
    
    
	
  
  </relations>
  
  
	


</project>

