<?xml version="1.0" encoding="UTF-8"?>
<project xmlns="http://cordis.europa.eu">
  
  
	
	
  
  <language>en</language>
  
  
	
  
  <availableLanguages readOnly="true">en</availableLanguages>
  
  
	
  
  <rcn>193406</rcn>
  
  
	
  
  <reference>636520</reference>
  
  
	
  
  <acronym>HERMES</acronym>
  
  
	
  
  <teaser>Rail freight transportation is a system service where a multitude of players, participants and systems providers bear a high degree of responsibility for its attractiveness and performance. It shows high efficiency as transportation means, in terms of land use and energy...</teaser>
  
  
	
  
  <objective>Rail freight transportation is a system service where a multitude of players, participants and systems providers bear a high degree of responsibility for its attractiveness and performance. It shows high efficiency as transportation means, in terms of land use and energy consumption and low greenhouse gas emissions. However rail’s market share of freight transportation and its economic efficiency continues to be limited. Aimed at overcoming such uncertainty, this project addresses one of the most important key resources for further developing rail freight transportation: the optimization of the performance of the rail freight wagon. The continuous pressure on environmental issues and energy efficient transport is forcing the rail transportation sector to enhance the rail logistics services and to incorporate innovative solutions to improve load capacity to keep the “best-in-class” position and, therefore, acquiring a much privileged position beyond alternative terrestrial transport source, as truck transportation. Thus, aimed at optimizing rail freight transportation, the main objective of this project is to holistically address the aspects that may improve freight wagon performance: enhanced logistics, improved multimodal operative, higher load capacity, optimized filling/emptying time and flexibility to transport multi-products. 

This project aims to achieve such optimization by combining industrial expertise on the freight wagon design and construction, advanced materials for lightweight construction and logistics with the research capabilities to incorporate innovation solutions and optimize material performance.</objective>
  
  
	
  
  <title>DEVELOPMENT OF SMART AND FLEXIBLE FREIGHT WAGONS AND FACILITIES FOR IMPROVED TRANSPORT OF GRANULAR MULTIMATERIALS. (HERMES)</title>
  
  
	
  
  <totalCost>6707335</totalCost>
  
  
	
  
  <ecMaxContribution>6705209</ecMaxContribution>
  
  
	
  
  <startDate>2015-05-01</startDate>
  
  
	
  
  <endDate>2018-04-30</endDate>
  
  
	
  
  <contract>
    
    
		
    
    <duration>36</duration>
    
    
	
  
  </contract>
  
  
	
  
  <status>SIGNED</status>
  
  
	
  
  <sourceUpdateDate>2017-07-07 14:06:57</sourceUpdateDate>
  
  
	
  
  <contentCreationDate readOnly="true">2015-05-05 16:15:08</contentCreationDate>
  
  
	
  
  <contentUpdateDate>2017-06-07 21:45:54</contentUpdateDate>
  
  
	
  
  <lastUpdateDate readOnly="true">2017-07-07 14:06:57</lastUpdateDate>
  
  
	
  
  <relations>
    
    
		
    
    <associations>
      
      
			
      
      <call type="relatedCall">
        
        
				
			
					
        
        <rcn>501</rcn>
        
        
					
        
        <title>H2020-MG-2014_TwoStages</title>
        
        
					
        
        <identifier>H2020-MG-2014_TwoStages</identifier>
        
        
				
      
      </call>
      
      
			
      
      <organization ecContribution="571561" order="4" terminated="false" type="participant">
        
        
				
			
					
        
        <availableLanguages readOnly="true">en</availableLanguages>
        
        
					
        
        <rcn>1906448</rcn>
        
        
					
        
        <id>999876874</id>
        
        
					
        
        <vatNumber>SE202100284101</vatNumber>
        
        
					
        
        <legalName>LULEA TEKNISKA UNIVERSITET</legalName>
        
        
					
        
        <shortName>LTU</shortName>
        
        
					
        
        <address>
          
          
						
          
          <street>UNIVERSITETSOMRADET PORSON</street>
          
          
						
          
          <city>LULEA</city>
          
          
						
          
          <postalCode>971 87</postalCode>
          
          
						
          
          <country>SE</country>
          
          
						
          
          <postBox>000</postBox>
          
          
						
          
          <url>www.ltu.se</url>
          
          
					
        
        </address>
        
        
					
        
        <departmentName>Department of Health Sciences</departmentName>
        
        
					
        
        <relations>
          
          
						
          
          <categories>
            
            
							
            
            <category classification="organizationActivityType" type="relatedOrganizationActivityType">
              
              
								
              
              <availableLanguages readOnly="true">en</availableLanguages>
              
              
								
              
              <code>/HES</code>
              
              
								
              
              <title>Higher or Secondary Education Establishments</title>
              
              
								
							
            
            </category>
            
            
						
          
          </categories>
          
          
						
          
          <regions>
            
            
							
            
            <region type="relatedRegion">
              
              
								
							
									
              
              <name>Sweden</name>
              
              
									
              
              <nutsCode>SE</nutsCode>
              
              
									
              
              <euCode>SE</euCode>
              
              
									
              
              <isoCode>SE</isoCode>
              
              
									
              
              <rcn>473598504</rcn>
              
              
								
            
            </region>
            
            
						
          
          </regions>
          
          
					
        
        </relations>
        
        
				
      
      </organization>
      
      
			
      
      <organization ecContribution="502350" order="2" terminated="false" type="participant">
        
        
				
			
					
        
        <availableLanguages readOnly="true">en</availableLanguages>
        
        
					
        
        <rcn>1915820</rcn>
        
        
					
        
        <id>999565892</id>
        
        
					
        
        <vatNumber>ESG60185543</vatNumber>
        
        
					
        
        <legalName>FUNDACIO CTM CENTRE TECNOLOGIC</legalName>
        
        
					
        
        <shortName>CTM</shortName>
        
        
					
        
        <address>
          
          
						
          
          <street>PLACA DE LA CIENCIA 2</street>
          
          
						
          
          <city>MANRESA BARCELONA</city>
          
          
						
          
          <postalCode>08243</postalCode>
          
          
						
          
          <country>ES</country>
          
          
						
          
          <postBox>000</postBox>
          
          
						
          
          <url>www.ctm.com.es</url>
          
          
					
        
        </address>
        
        
					
        
        <relations>
          
          
						
          
          <categories>
            
            
							
            
            <category classification="organizationActivityType" type="relatedOrganizationActivityType">
              
              
								
              
              <availableLanguages readOnly="true">en</availableLanguages>
              
              
								
              
              <code>/REC</code>
              
              
								
              
              <title>Research Organisations</title>
              
              
								
							
            
            </category>
            
            
						
          
          </categories>
          
          
						
          
          <regions>
            
            
							
            
            <region type="relatedRegion">
              
              
								
							
									
              
              <name>Spain</name>
              
              
									
              
              <nutsCode>ES</nutsCode>
              
              
									
              
              <euCode>ES</euCode>
              
              
									
              
              <isoCode>ES</isoCode>
              
              
									
              
              <rcn>242387496</rcn>
              
              
								
            
            </region>
            
            
						
          
          </regions>
          
          
					
        
        </relations>
        
        
				
      
      </organization>
      
      
			
      
      <organization ecContribution="315091" order="5" terminated="false" type="participant">
        
        
				
			
					
        
        <availableLanguages readOnly="true">en</availableLanguages>
        
        
					
        
        <rcn>2172573</rcn>
        
        
					
        
        <id>996339963</id>
        
        
					
        
        <legalName>Hempel A/S</legalName>
        
        
					
        
        <shortName>Hempel A/S</shortName>
        
        
					
        
        <address>
          
          
						
          
          <street>Lundtoftevej  150</street>
          
          
						
          
          <city>Kgs. Lyngby</city>
          
          
						
          
          <postalCode>2800</postalCode>
          
          
						
          
          <country>DK</country>
          
          
						
          
          <url>www.hempel.com</url>
          
          
					
        
        </address>
        
        
					
        
        <relations>
          
          
						
          
          <categories>
            
            
							
            
            <category classification="organizationActivityType" type="relatedOrganizationActivityType">
              
              
								
              
              <availableLanguages readOnly="true">en</availableLanguages>
              
              
								
              
              <code>/PRC</code>
              
              
								
              
              <title>Private for-profit entities (excluding Higher or Secondary Education Establishments)</title>
              
              
								
							
            
            </category>
            
            
						
          
          </categories>
          
          
						
          
          <regions>
            
            
							
            
            <region type="relatedRegion">
              
              
								
							
									
              
              <name>Denmark</name>
              
              
									
              
              <nutsCode>DK</nutsCode>
              
              
									
              
              <euCode>DK</euCode>
              
              
									
              
              <isoCode>DK</isoCode>
              
              
									
              
              <rcn>223513128</rcn>
              
              
								
            
            </region>
            
            
						
          
          </regions>
          
          
					
        
        </relations>
        
        
				
      
      </organization>
      
      
			
      
      <organization ecContribution="895005" order="7" terminated="false" type="participant">
        
        
				
			
					
        
        <availableLanguages readOnly="true">en</availableLanguages>
        
        
					
        
        <rcn>1942509</rcn>
        
        
					
        
        <id>953415232</id>
        
        
					
        
        <legalName>IDP INGENIERIA Y ARQUITECTURA IBERIA SL</legalName>
        
        
					
        
        <shortName>IDP</shortName>
        
        
					
        
        <address>
          
          
						
          
          <street>AVENIDA FRANCESC MACIA 60 3 PLANTA</street>
          
          
						
          
          <city>SABADELL BARCELONA</city>
          
          
						
          
          <postalCode>08208</postalCode>
          
          
						
          
          <country>ES</country>
          
          
						
          
          <url>www.idp.es</url>
          
          
					
        
        </address>
        
        
					
        
        <departmentName>Administration and Finance</departmentName>
        
        
					
        
        <relations>
          
          
						
          
          <categories>
            
            
							
            
            <category classification="organizationActivityType" type="relatedOrganizationActivityType">
              
              
								
              
              <availableLanguages readOnly="true">en</availableLanguages>
              
              
								
              
              <code>/PRC</code>
              
              
								
              
              <title>Private for-profit entities (excluding Higher or Secondary Education Establishments)</title>
              
              
								
							
            
            </category>
            
            
						
          
          </categories>
          
          
						
          
          <regions>
            
            
							
            
            <region type="relatedRegion">
              
              
								
							
									
              
              <name>Spain</name>
              
              
									
              
              <nutsCode>ES</nutsCode>
              
              
									
              
              <euCode>ES</euCode>
              
              
									
              
              <isoCode>ES</isoCode>
              
              
									
              
              <rcn>242387496</rcn>
              
              
								
            
            </region>
            
            
						
          
          </regions>
          
          
					
        
        </relations>
        
        
				
      
      </organization>
      
      
			
      
      <organization ecContribution="186500" order="8" terminated="false" type="participant">
        
        
				
			
					
        
        <availableLanguages readOnly="true">en</availableLanguages>
        
        
					
        
        <rcn>2397773</rcn>
        
        
					
        
        <id>960880449</id>
        
        
					
        
        <vatNumber>SE556313793301</vatNumber>
        
        
					
        
        <legalName>SSAB EMEA AB</legalName>
        
        
					
        
        <shortName>SSAB EMEA AB</shortName>
        
        
					
        
        <address>
          
          
						
          
          <street>N/A</street>
          
          
						
          
          <city>OXELOESUND</city>
          
          
						
          
          <postalCode>61380</postalCode>
          
          
						
          
          <country>SE</country>
          
          
					
        
        </address>
        
        
					
        
        <relations>
          
          
						
          
          <categories>
            
            
							
            
            <category classification="organizationActivityType" type="relatedOrganizationActivityType">
              
              
								
              
              <availableLanguages readOnly="true">en</availableLanguages>
              
              
								
              
              <code>/PRC</code>
              
              
								
              
              <title>Private for-profit entities (excluding Higher or Secondary Education Establishments)</title>
              
              
								
							
            
            </category>
            
            
						
          
          </categories>
          
          
						
          
          <regions>
            
            
							
            
            <region type="relatedRegion">
              
              
								
							
									
              
              <name>Sweden</name>
              
              
									
              
              <nutsCode>SE</nutsCode>
              
              
									
              
              <euCode>SE</euCode>
              
              
									
              
              <isoCode>SE</isoCode>
              
              
									
              
              <rcn>473598504</rcn>
              
              
								
            
            </region>
            
            
						
          
          </regions>
          
          
					
        
        </relations>
        
        
				
      
      </organization>
      
      
			
      
      <organization ecContribution="388875" order="9" terminated="false" type="participant">
        
        
				
			
					
        
        <availableLanguages readOnly="true">en</availableLanguages>
        
        
					
        
        <rcn>1905801</rcn>
        
        
					
        
        <id>999981246</id>
        
        
					
        
        <vatNumber>FR84775664113</vatNumber>
        
        
					
        
        <legalName>ASSOCIATION POUR LA RECHERCHE ET LE DEVELOPPEMENT DES METHODES ET PROCESSUS INDUSTRIELS</legalName>
        
        
					
        
        <shortName>ARMINES</shortName>
        
        
					
        
        <address>
          
          
						
          
          <street>BOULEVARD SAINT MICHEL 60</street>
          
          
						
          
          <city>PARIS</city>
          
          
						
          
          <postalCode>75272</postalCode>
          
          
						
          
          <country>FR</country>
          
          
						
          
          <postBox>000</postBox>
          
          
						
          
          <url>www.armines.net</url>
          
          
					
        
        </address>
        
        
					
        
        <departmentName>ARMINES</departmentName>
        
        
					
        
        <relations>
          
          
						
          
          <categories>
            
            
							
            
            <category classification="organizationActivityType" type="relatedOrganizationActivityType">
              
              
								
              
              <availableLanguages readOnly="true">en</availableLanguages>
              
              
								
              
              <code>/REC</code>
              
              
								
              
              <title>Research Organisations</title>
              
              
								
							
            
            </category>
            
            
						
          
          </categories>
          
          
						
          
          <regions>
            
            
							
            
            <region type="relatedRegion">
              
              
								
							
									
              
              <name>France</name>
              
              
									
              
              <nutsCode>FR</nutsCode>
              
              
									
              
              <euCode>FR</euCode>
              
              
									
              
              <isoCode>FR</isoCode>
              
              
									
              
              <rcn>258902568</rcn>
              
              
								
            
            </region>
            
            
						
          
          </regions>
          
          
					
        
        </relations>
        
        
				
      
      </organization>
      
      
			
      
      <organization ecContribution="518325" order="3" terminated="false" type="participant">
        
        
				
			
					
        
        <availableLanguages readOnly="true">en</availableLanguages>
        
        
					
        
        <rcn>1920912</rcn>
        
        
					
        
        <id>967388179</id>
        
        
					
        
        <vatNumber>ESQ0801576J</vatNumber>
        
        
					
        
        <legalName>Ferrocarrils de la Generalitat de Catalunya</legalName>
        
        
					
        
        <shortName>FGC</shortName>
        
        
					
        
        <address>
          
          
						
          
          <street>Carrer del Cardenal Sentmenat  4</street>
          
          
						
          
          <city>Barcelona</city>
          
          
						
          
          <postalCode>08017</postalCode>
          
          
						
          
          <country>ES</country>
          
          
						
          
          <url>http://www.fgc.cat</url>
          
          
					
        
        </address>
        
        
					
        
        <relations>
          
          
						
          
          <categories>
            
            
							
            
            <category classification="organizationActivityType" type="relatedOrganizationActivityType">
              
              
								
              
              <availableLanguages readOnly="true">en</availableLanguages>
              
              
								
              
              <code>/PUB</code>
              
              
								
              
              <title>Public bodies (excluding Research Organisations and Secondary or Higher Education Establishments)</title>
              
              
								
							
            
            </category>
            
            
						
          
          </categories>
          
          
						
          
          <regions>
            
            
							
            
            <region type="relatedRegion">
              
              
								
							
									
              
              <name>Spain</name>
              
              
									
              
              <nutsCode>ES</nutsCode>
              
              
									
              
              <euCode>ES</euCode>
              
              
									
              
              <isoCode>ES</isoCode>
              
              
									
              
              <rcn>242387496</rcn>
              
              
								
            
            </region>
            
            
						
          
          </regions>
          
          
					
        
        </relations>
        
        
				
      
      </organization>
      
      
			
      
      <organization ecContribution="727050" order="1" terminated="false" type="coordinator">
        
        
				
			
					
        
        <availableLanguages readOnly="true">en</availableLanguages>
        
        
					
        
        <rcn>2397766</rcn>
        
        
					
        
        <id>952810922</id>
        
        
					
        
        <legalName>IBERPOTASH SA</legalName>
        
        
					
        
        <shortName>IBP</shortName>
        
        
					
        
        <address>
          
          
						
          
          <street>CALLE AFORES S N</street>
          
          
						
          
          <city>SURIA</city>
          
          
						
          
          <postalCode>08260</postalCode>
          
          
						
          
          <country>ES</country>
          
          
					
        
        </address>
        
        
					
        
        <relations>
          
          
						
          
          <categories>
            
            
							
            
            <category classification="organizationActivityType" type="relatedOrganizationActivityType">
              
              
								
              
              <availableLanguages readOnly="true">en</availableLanguages>
              
              
								
              
              <code>/PRC</code>
              
              
								
              
              <title>Private for-profit entities (excluding Higher or Secondary Education Establishments)</title>
              
              
								
							
            
            </category>
            
            
						
          
          </categories>
          
          
						
          
          <regions>
            
            
							
            
            <region type="relatedRegion">
              
              
								
							
									
              
              <name>Spain</name>
              
              
									
              
              <nutsCode>ES</nutsCode>
              
              
									
              
              <euCode>ES</euCode>
              
              
									
              
              <isoCode>ES</isoCode>
              
              
									
              
              <rcn>242387496</rcn>
              
              
								
            
            </region>
            
            
						
          
          </regions>
          
          
					
        
        </relations>
        
        
				
      
      </organization>
      
      
			
      
      <organization ecContribution="2600452" order="6" terminated="false" type="participant">
        
        
				
			
					
        
        <availableLanguages readOnly="true">en</availableLanguages>
        
        
					
        
        <rcn>2397771</rcn>
        
        
					
        
        <id>942662685</id>
        
        
					
        
        <legalName>KIRUNA WAGON AB</legalName>
        
        
					
        
        <shortName>KIR</shortName>
        
        
					
        
        <address>
          
          
						
          
          <street>TRUCKVERKSTAN</street>
          
          
						
          
          <city>KIRUNA</city>
          
          
						
          
          <postalCode>981 38</postalCode>
          
          
						
          
          <country>SE</country>
          
          
					
        
        </address>
        
        
					
        
        <relations>
          
          
						
          
          <categories>
            
            
							
            
            <category classification="organizationActivityType" type="relatedOrganizationActivityType">
              
              
								
              
              <availableLanguages readOnly="true">en</availableLanguages>
              
              
								
              
              <code>/PRC</code>
              
              
								
              
              <title>Private for-profit entities (excluding Higher or Secondary Education Establishments)</title>
              
              
								
							
            
            </category>
            
            
						
          
          </categories>
          
          
						
          
          <regions>
            
            
							
            
            <region type="relatedRegion">
              
              
								
							
									
              
              <name>Sweden</name>
              
              
									
              
              <nutsCode>SE</nutsCode>
              
              
									
              
              <euCode>SE</euCode>
              
              
									
              
              <isoCode>SE</isoCode>
              
              
									
              
              <rcn>473598504</rcn>
              
              
								
            
            </region>
            
            
						
          
          </regions>
          
          
					
        
        </relations>
        
        
				
      
      </organization>
      
      
			
      
      <programme type="relatedSubProgramme">
        
        
				
			
					
        
        <availableLanguages readOnly="true">en</availableLanguages>
        
        
					
        
        <rcn>664893</rcn>
        
        
					
        
        <code>MG-2.2-2014</code>
        
        
					
        
        <frameworkProgramme>H2020-Topics</frameworkProgramme>
        
        
					
        
        <title>Smart Rail Services</title>
        
        
					
        
        <parent>
          
          
						
          
          <programme>
            
            
							
            
            <rcn>20200</rcn>
            
            
							
            
            <code>H2020-Topics</code>
            
            
						
          
          </programme>
          
          
					
        
        </parent>
        
        
				
      
      </programme>
      
      
			
      
      <programme type="relatedProgramme">
        
        
				
			
					
        
        <availableLanguages readOnly="true">de,en,es,fr,it,pl</availableLanguages>
        
        
					
        
        <rcn>664357</rcn>
        
        
					
        
        <code>H2020-EU.3.4.</code>
        
        
					
        
        <frameworkProgramme>H2020</frameworkProgramme>
        
        
					
        
        <pga>H2020-EU.3.4.</pga>
        
        
					
        
        <title>SOCIETAL CHALLENGES - Smart, Green And Integrated Transport</title>
        
        
					
        
        <shortTitle>Transport</shortTitle>
        
        
					
        
        <parent>
          
          
						
          
          <programme>
            
            
							
            
            <rcn>664235</rcn>
            
            
							
            
            <code>H2020-EU.3.</code>
            
            
							
            
            <parent>
              
              
								
              
              <programme>
                
                
									
                
                <rcn>664087</rcn>
                
                
									
                
                <code>H2020-EC</code>
                
                
									
                
                <parent>
                  
                  
										
                  
                  <programme>
                    
                    
											
                    
                    <rcn>664086</rcn>
                    
                    
											
                    
                    <code>H2020</code>
                    
                    
										
                  
                  </programme>
                  
                  
									
                
                </parent>
                
                
								
              
              </programme>
              
              
							
            
            </parent>
            
            
						
          
          </programme>
          
          
					
        
        </parent>
        
        
				
      
      </programme>
      
      
			
      
      <result type="relatedResult">
        
        
				
			
					
        
        <availableLanguages readOnly="true">en</availableLanguages>
        
        
					
        
        <rcn>198137</rcn>
        
        
					
        
        <title>Periodic Reporting for period 1 - HERMES (DEVELOPMENT OF SMART AND FLEXIBLE FREIGHT WAGONS AND FACILITIES FOR IMPROVED TRANSPORT OF GRANULAR MULTIMATERIALS. (HERMES))</title>
        
        
					
        
        <teaser>Rail freight transportation is a system service where a multitude of players, participants and systems providers bear a high degree of responsibility for its attractiveness and performance. It shows high efficiency as transport mean, in terms of land use and energy consumption...</teaser>
        
        
					
        
        <description>periodic</description>
        
        
					
        
        <contentUpdateDate>2017-05-17 11:15:19</contentUpdateDate>
        
        
					
        
        <relations>
          
          
						
          
          <categories>
            
            
							
            
            <category classification="collection" type="belongsTo">
              
              
								
              
              <availableLanguages readOnly="true">de,en,es,fr,it,pl</availableLanguages>
              
              
								
              
              <code>/pubsum</code>
              
              
								
              
              <title>Report Summary</title>
              
              
								
							
            
            </category>
            
            
							
            
            <category classification="resultCategory" type="relatedResultCategory">
              
              
								
              
              <availableLanguages readOnly="true">en</availableLanguages>
              
              
								
              
              <code>/report</code>
              
              
								
              
              <title>Report summary</title>
              
              
								
							
            
            </category>
            
            
							
            
            <category classification="source" type="isProvidedBy">
              
              
								
              
              <availableLanguages readOnly="true">de,en,es,fr,it,pl</availableLanguages>
              
              
								
              
              <code>/corda</code>
              
              
								
              
              <title>CORDA</title>
              
              
								
							
            
            </category>
            
            
						
          
          </categories>
          
          
						
          
          <associations>
            
            
							
            
            <webItem source="corda" type="relatedResultAttachment">
              
              
								
							
									
              
              <language>en</language>
              
              
									
              
              <availableLanguages readOnly="true">en,any</availableLanguages>
              
              
									
              
              <uri>/docs/results/h2020/636/636520_PS/design-of-the-unloading-station.png</uri>
              
              
									
              
              <alternativeText>HERMES unloading station</alternativeText>
              
              
									
              
              <mimetype readOnly="true">image/png</mimetype>
              
              
									
              
              <size readOnly="true">0</size>
              
              
								
            
            </webItem>
            
            
							
            
            <webItem source="corda" type="relatedResultAttachment">
              
              
								
							
									
              
              <language>en</language>
              
              
									
              
              <availableLanguages readOnly="true">en,any</availableLanguages>
              
              
									
              
              <uri>/docs/results/h2020/636/636520_PS/picture-of-the-hermes-wagon-prototype-for-ibp.png</uri>
              
              
									
              
              <alternativeText>HERMES wagon</alternativeText>
              
              
									
              
              <mimetype readOnly="true">image/png</mimetype>
              
              
									
              
              <size readOnly="true">0</size>
              
              
								
            
            </webItem>
            
            
							
            
            <webItem source="corda" type="relatedResultAttachment">
              
              
								
							
									
              
              <language>en</language>
              
              
									
              
              <availableLanguages readOnly="true">en,any</availableLanguages>
              
              
									
              
              <uri>/docs/results/h2020/636/636520_PS/schematic-description-of-the-olmts-system-that-is-being-developed.png</uri>
              
              
									
              
              <alternativeText>Schematic description of the OLMTS system that is being developed</alternativeText>
              
              
									
              
              <mimetype readOnly="true">image/png</mimetype>
              
              
									
              
              <size readOnly="true">0</size>
              
              
								
            
            </webItem>
            
            
							
            
            <webItem source="corda" type="relatedResultAttachment">
              
              
								
							
									
              
              <language>en</language>
              
              
									
              
              <availableLanguages readOnly="true">en,any</availableLanguages>
              
              
									
              
              <uri>/docs/results/h2020/636/636520_PS/3d-view-of-the-loading-facility.png</uri>
              
              
									
              
              <alternativeText>3D view of the loading facility developed in WP3</alternativeText>
              
              
									
              
              <mimetype readOnly="true">image/png</mimetype>
              
              
									
              
              <size readOnly="true">0</size>
              
              
								
            
            </webItem>
            
            
							
            
            <webItem source="corda" type="relatedResultAttachment">
              
              
								
							
									
              
              <language>en</language>
              
              
									
              
              <availableLanguages readOnly="true">en,any</availableLanguages>
              
              
									
              
              <uri>/docs/results/h2020/636/636520_PS/unloading-station-with-the-wagon.png</uri>
              
              
									
              
              <alternativeText>HERMES unloading station with the wagon</alternativeText>
              
              
									
              
              <mimetype readOnly="true">image/png</mimetype>
              
              
									
              
              <size readOnly="true">0</size>
              
              
								
            
            </webItem>
            
            
							
            
            <webLink source="corda" type="relatedWebsite">
              
              
								
							
									
              
              <language>en</language>
              
              
									
              
              <availableLanguages readOnly="true">en</availableLanguages>
              
              
									
              
              <url>http://www.hermes-h2020.eu</url>
              
              
									
              
              <content>Welcome to Hermes Project — Hermes Skip to content.Skip to navigation Toggle search Toggle navigation Personal tools Log in Home Project Consortium News Multimedia Suche Search Site only in current section   Home   News TEN-T Days 2016 Jul 08, 2016 Catalonia designs the wagon of the future May 02, 2016 BcnRail 2015 Sep 25, 2015 EU-funded Smart-Rail project Sep 04, 2015 HERMES Kick-off Meeting May 28, 2015 More news… Info HERMES Project Development of smart and flexible freight wagons and facilities for improved transport of granular multimaterials Kick-off meeting The 5th of May 2015 took place the kick-off meeting of the HERMES project at the headquarters of Kiruna Wagon, in Sweden and more than 20 technicians and researchers were present. Welcome to Hermes Project Development of smart and flexible freight wagons and facilities for improved transport of granular multimaterials Hermes is an european research project leaded by Iberpotash - ICL Iberia and funded by the European Commission under the Horizon 2020 Programme. The project has a duration of 36 months, a total budget of 6.7M € and is developed by 9 partners from France, Denmark, Spain and Sweden. The main objective of HERMES is to holistically address the aspects that may improve freight wagon performance at competitive prices: enhanced logistics operations, higher wagon load capacity, optimised loading/discharging processes and increase wagons flexibility in order to foster intermodality and allow a diversification of carried goods. Horizon 2020 is the biggest EU Research and Innovation programme ever with nearly €80 billion of funding available over 7 years (2014 to 2020) – in addition to the private investment that this money will attract. It promises more breakthroughs, discoveries and world-firsts by taking great ideas from the lab to the market.   The HERMES project is aligned with the objectives of SHIFT²RAIL and will ensure that the results can be used in further research in this programme. H2020 Research Programme This project has received funding from the European Union’s Horizon 2020 Programme for research, technological development and demonstration under grant agreement no 636520. Follow us @HermesH2020 Project Coordinator Dr. Ingrid Picas www.icliberia.com To top info@hermes-h2020.eu Site Map Accessibility Contact</content>
              
              
								
            
            </webLink>
            
            
						
          
          </associations>
          
          
					
        
        </relations>
        
        
				
      
      </result>
      
      
		
    
    </associations>
    
    
		
    
    <categories>
      
      
			
      
      <category classification="projectFundingSchemeCategory" type="relatedProjectFundingSchemeCategory">
        
        
				
        
        <availableLanguages readOnly="true">en</availableLanguages>
        
        
				
        
        <code>/RIA</code>
        
        
				
        
        <title>Research and Innovation action</title>
        
        
				
			
      
      </category>
      
      
		
    
    </categories>
    
    
	
  
  </relations>
  
  
	


</project>

