<?xml version="1.0" encoding="UTF-8"?>
<project xmlns="http://cordis.europa.eu">
  
  
	
	
  
  <language>en</language>
  
  
	
  
  <availableLanguages readOnly="true">en</availableLanguages>
  
  
	
  
  <rcn>193491</rcn>
  
  
	
  
  <reference>637412</reference>
  
  
	
  
  <acronym>META-STRESS</acronym>
  
  
	
  
  <teaser>Organisms in the wild are constantly challenged by environmental variation in e.g. resource quality. The goal of this project is to move beyond laboratory experiments to understand the mechanisms that allow organisms in the wild to cope with environmental stress. Understanding...</teaser>
  
  
	
  
  <objective>Organisms in the wild are constantly challenged by environmental variation in e.g. resource quality. The goal of this project is to move beyond laboratory experiments to understand the mechanisms that allow organisms in the wild to cope with environmental stress. Understanding the responses and mechanisms operating in wild populations is critical for assessing the eco-evolutionary consequences of environmental stress. 

The large metapopulation of the Glanville fritillary butterfly gives me a unique opportunity to study processes operating from genes within individuals all the way to metapopulation-level dynamics. I will use individuals sampled from families from specific local populations with known ecological background (based on &gt; 20 years of data) to experimentally test the influence of environmental stress on life-history variation. I will combine these experiments with simultaneous life-history assessments on the siblings remaining in the wild, thus effectively coupling laboratory and field-based studies. I will integrate the ecological studies with molecular approaches to unravel the significance of different mechanisms – candidate genes, epigenetic inheritance and intestinal microbial communities – potentially influencing individual responses to environmental challenges. I will focus on the influence of host plant quality as an environmental stressor, which is known to greatly influence life histories in many organisms, and which can be manipulated in the laboratory and assessed in the wild. 

The proposed research has potential for groundbreaking results in evolutionary ecology, as the results will increase our understanding of 1) how individual responses to unfavorable environmental conditions and the underlying mechanisms vary within and among local populations in a spatially and temporally heterogeneous environment, and 2) how the consequent life-history variation influences the ecological and microevolutionary dynamics of wild populations.</objective>
  
  
	
  
  <title>Unravelling life-history responses and underlying mechanisms to environmental stress in wild populations</title>
  
  
	
  
  <totalCost>1494882.5</totalCost>
  
  
	
  
  <ecMaxContribution>1494882.5</ecMaxContribution>
  
  
	
  
  <startDate>2015-04-01</startDate>
  
  
	
  
  <endDate>2020-03-31</endDate>
  
  
	
  
  <contract>
    
    
		
    
    <duration>60</duration>
    
    
	
  
  </contract>
  
  
	
  
  <status>SIGNED</status>
  
  
	
  
  <sourceUpdateDate>2016-12-01 11:40:00</sourceUpdateDate>
  
  
	
  
  <contentCreationDate readOnly="true">2015-05-05 16:22:31</contentCreationDate>
  
  
	
  
  <contentUpdateDate>2016-11-24 20:38:11</contentUpdateDate>
  
  
	
  
  <lastUpdateDate readOnly="true">2016-12-01 11:40:00</lastUpdateDate>
  
  
	
  
  <relations>
    
    
		
    
    <associations>
      
      
			
      
      <call type="relatedCall">
        
        
				
			
					
        
        <rcn>408</rcn>
        
        
					
        
        <title>ERC-2014-STG</title>
        
        
					
        
        <identifier>ERC-2014-STG</identifier>
        
        
				
      
      </call>
      
      
			
      
      <organization ecContribution="1494882.5" order="1" terminated="false" type="hostInstitution">
        
        
				
			
					
        
        <availableLanguages readOnly="true">en</availableLanguages>
        
        
					
        
        <rcn>1905568</rcn>
        
        
					
        
        <id>999994535</id>
        
        
					
        
        <vatNumber>FI03134717</vatNumber>
        
        
					
        
        <legalName>HELSINGIN YLIOPISTO</legalName>
        
        
					
        
        <shortName>UH</shortName>
        
        
					
        
        <address>
          
          
						
          
          <street>FABIANINKATU 33</street>
          
          
						
          
          <city>HELSINGIN YLIOPISTO</city>
          
          
						
          
          <postalCode>00014</postalCode>
          
          
						
          
          <country>FI</country>
          
          
						
          
          <postBox>3</postBox>
          
          
						
          
          <url>www.helsinki.fi</url>
          
          
					
        
        </address>
        
        
					
        
        <departmentName>Central Administration</departmentName>
        
        
					
        
        <relations>
          
          
						
          
          <categories>
            
            
							
            
            <category classification="organizationActivityType" type="relatedOrganizationActivityType">
              
              
								
              
              <availableLanguages readOnly="true">en</availableLanguages>
              
              
								
              
              <code>/HES</code>
              
              
								
              
              <title>Higher or Secondary Education Establishments</title>
              
              
								
							
            
            </category>
            
            
						
          
          </categories>
          
          
						
          
          <regions>
            
            
							
            
            <region type="relatedRegion">
              
              
								
							
									
              
              <name>Finland</name>
              
              
									
              
              <nutsCode>FI</nutsCode>
              
              
									
              
              <euCode>FI</euCode>
              
              
									
              
              <isoCode>FI</isoCode>
              
              
									
              
              <rcn>256543272</rcn>
              
              
								
            
            </region>
            
            
						
          
          </regions>
          
          
					
        
        </relations>
        
        
				
      
      </organization>
      
      
			
      
      <programme type="relatedSubProgramme">
        
        
				
			
					
        
        <availableLanguages readOnly="true">en</availableLanguages>
        
        
					
        
        <rcn>664783</rcn>
        
        
					
        
        <code>ERC-StG-2014</code>
        
        
					
        
        <frameworkProgramme>H2020-Topics</frameworkProgramme>
        
        
					
        
        <title>ERC Starting Grant</title>
        
        
					
        
        <parent>
          
          
						
          
          <programme>
            
            
							
            
            <rcn>20200</rcn>
            
            
							
            
            <code>H2020-Topics</code>
            
            
						
          
          </programme>
          
          
					
        
        </parent>
        
        
				
      
      </programme>
      
      
			
      
      <programme type="relatedProgramme">
        
        
				
			
					
        
        <availableLanguages readOnly="true">de,en,es,fr,it,pl</availableLanguages>
        
        
					
        
        <rcn>664099</rcn>
        
        
					
        
        <code>H2020-EU.1.1.</code>
        
        
					
        
        <frameworkProgramme>H2020</frameworkProgramme>
        
        
					
        
        <pga>H2020-EU.1.1.</pga>
        
        
					
        
        <title>EXCELLENT SCIENCE - European Research Council (ERC)</title>
        
        
					
        
        <shortTitle>European Research Council (ERC)</shortTitle>
        
        
					
        
        <parent>
          
          
						
          
          <programme>
            
            
							
            
            <rcn>664091</rcn>
            
            
							
            
            <code>H2020-EU.1.</code>
            
            
							
            
            <parent>
              
              
								
              
              <programme>
                
                
									
                
                <rcn>664087</rcn>
                
                
									
                
                <code>H2020-EC</code>
                
                
									
                
                <parent>
                  
                  
										
                  
                  <programme>
                    
                    
											
                    
                    <rcn>664086</rcn>
                    
                    
											
                    
                    <code>H2020</code>
                    
                    
										
                  
                  </programme>
                  
                  
									
                
                </parent>
                
                
								
              
              </programme>
              
              
							
            
            </parent>
            
            
						
          
          </programme>
          
          
					
        
        </parent>
        
        
				
      
      </programme>
      
      
			
      
      <result type="relatedResult">
        
        
				
			
					
        
        <availableLanguages readOnly="true">en</availableLanguages>
        
        
					
        
        <rcn>193709</rcn>
        
        
					
        
        <title>Periodic Reporting for period 1 - META-STRESS (Unravelling life-history responses and underlying mechanisms to environmental stress in wild populations)</title>
        
        
					
        
        <teaser>Organisms in the wild are constantly challenged by environmental variation for example in resource quality. The goal of the META-STRESS project is to move beyond laboratory experiments to understand the mechanisms that allow organisms in the wild to cope with environmental...</teaser>
        
        
					
        
        <description>periodic</description>
        
        
					
        
        <contentUpdateDate>2017-01-24 11:44:36</contentUpdateDate>
        
        
					
        
        <relations>
          
          
						
          
          <categories>
            
            
							
            
            <category classification="collection" type="belongsTo">
              
              
								
              
              <availableLanguages readOnly="true">de,en,es,fr,it,pl</availableLanguages>
              
              
								
              
              <code>/pubsum</code>
              
              
								
              
              <title>Report Summary</title>
              
              
								
							
            
            </category>
            
            
							
            
            <category classification="resultCategory" type="relatedResultCategory">
              
              
								
              
              <availableLanguages readOnly="true">en</availableLanguages>
              
              
								
              
              <code>/report</code>
              
              
								
              
              <title>Report summary</title>
              
              
								
							
            
            </category>
            
            
							
            
            <category classification="source" type="isProvidedBy">
              
              
								
              
              <availableLanguages readOnly="true">de,en,es,fr,it,pl</availableLanguages>
              
              
								
              
              <code>/corda</code>
              
              
								
              
              <title>CORDA</title>
              
              
								
							
            
            </category>
            
            
						
          
          </categories>
          
          
						
          
          <associations>
            
            
							
            
            <webLink source="corda" type="relatedWebsite">
              
              
								
							
									
              
              <language>en</language>
              
              
									
              
              <availableLanguages readOnly="true">en</availableLanguages>
              
              
									
              
              <url>https://www.helsinki.fi/en/researchgroups/metapopulation-research-centre/research-and-subgroups/life-history-evolution-research-group</url>
              
              
									
              
              <content>Life-history evolution | University of Helsinki Skip to main content University of Helsinki Menu FlammaCity of Helsinki en fi sv Home Research People Collaborators Contact Research People Collaborators Contact Life-history evolution Principal investigator: Marjo Saastamoinen Introduction The broad aim of our research is to understand the processes and the underlying genetic mechanisms that shape intraspecific life history variation in the wild. Most of our research focuses on understanding how organisms cope with environmental variation in nature, such as habitat fragmentation or environmental stress. Our main study system is the Glanville fritillary butterfly (Melitaea cinxia) metapopulation in the Åland Islands. This classic metapopulation consists of a network of hundreds of local populations that exist in a stochastic balance between local extinctions and re-colonizations. The long-term, since 1993, population level abundance data on the butterfly and numerous related ecological factors such as host plant density and parasitism prevalence, together with newly developed genomic tools allows us to synthesise in a multidisciplinary fashion the importance of both ecological and genetic factors influencing life history variation in the wild. In our research we couple observational data with experimental work. In 2017, we became part of the Research Centre for Ecological Change that unites leading experts in the field to utilize long-term series of ecological data to understand impacts of global change. Life-his­tory Evol­u­tion Research Group Research We seek to understand how habitat fragmentation and environmental variation shapes intraspecific differences in life history traits in... People We are located at the Biocentre 3 on Viikki Campus, Helsinki, Finland. Group members include researchers with different backgrounds,... Collaborators Many of our projects include international or national collaboration, and here is a list of some of those collaborators. If you are... Recent publications RSS Feed No results. View all @Marjo__S Follow 11.05.2018 NatureEcoEvo @NatureEcoEvo A poison'd chalice tale: butterfly extinction in an eco-evolutionary trap natureecoevocommunity.nature.com/posts/32973-a-… The story… twitter.com/i/web/status/9… Favorites 23 Retweets 11 10.05.2018 Eeva Furman @FurmanEeva Enjoy a fantastic illustration of evolution of butterflies in the fast pace of land use change.… twitter.com/i/web/status/9… Favorites 5 Retweets 1 @SuviIkonen Follow 20.04.2018 Cinxia Lammi @SuviIkonen All that we need: M.cinxia larvae, field laptops and sunny weather! Last moments of spring survey 2018. #Åland… twitter.com/i/web/status/9… Favorites 11 Retweets 2 18.04.2018 Cinxia Lammi @SuviIkonen Because of the cold spring M. cinxia larvae are still located very close to their winternest (which are marked with… twitter.com/i/web/status/9… Favorites 18 Retweets 1 Funding organizations Updated: 5.3.2018 Up University of Helsinki P.O. Box 3 (Fabianinkatu 33) 00014 University of Helsinki Switchboard: +358 (0) 2941 911 Contact Press and MediaWorking at the UniversityLibrary FlammaAbout the WebsiteGive Feedback © University of Helsinki 2018</content>
              
              
								
            
            </webLink>
            
            
						
          
          </associations>
          
          
					
        
        </relations>
        
        
				
      
      </result>
      
      
		
    
    </associations>
    
    
		
    
    <categories>
      
      
			
      
      <category classification="projectFundingSchemeCategory" type="relatedProjectFundingSchemeCategory">
        
        
				
        
        <availableLanguages readOnly="true">en</availableLanguages>
        
        
				
        
        <code>/ERC-STG</code>
        
        
				
        
        <title>Starting Grant</title>
        
        
				
			
      
      </category>
      
      
		
    
    </categories>
    
    
	
  
  </relations>
  
  
	


</project>

