<?xml version="1.0" encoding="UTF-8"?>
<project xmlns="http://cordis.europa.eu">
  
  
	
	
  
  <language>en</language>
  
  
	
  
  <availableLanguages readOnly="true">en</availableLanguages>
  
  
	
  
  <rcn>193312</rcn>
  
  
	
  
  <reference>634890</reference>
  
  
	
  
  <acronym>BeyondSeq</acronym>
  
  
	
  
  <teaser>Cytogenetic diagnostic approaches provide information on the single-chromosome level but suffer from low resolution and throughput. In contrast, next generation sequencing (NGS) based diagnostics provides single base resolution and high throughput but suffer from short reads...</teaser>
  
  
	
  
  <objective>Cytogenetic diagnostic approaches provide information on the single-chromosome level but suffer from low resolution and throughput. In contrast, next generation sequencing (NGS) based diagnostics provides single base resolution and high throughput but suffer from short reads that prevent analysis of large genomic aberrations as well as being prone to PCR-amplification bias and erasure of epigenetic information. This proposal aims to bridge the gap between these domains by analyzing long individual DNA molecules without PCR-amplification via utilization of emerging optical DNA mapping technologies. We specifically address three types of challenges to current genomic based diagnostics: 
1. Loss of relevant information such as DNA damage lesions, rare mutations or epigenetic markers following PCR amplification.
2. Limitations in resolving long-range variations in genomic layout and correlating them with single point mutations, preventing large scale screens.
3. Limitations imposed by the sample such as low sample amounts (micro biopsy, circulating tumor DNA) or inhomogeneous/highly variable samples (bacterial cultures).
We will develop a robust toolbox for integrated genetic and epigenetic profiling of single DNA molecules that will include automated sample preparation of native unamplified DNA as well as the hardware and software platforms and analysis tools for readout, extraction and quantification of medically relevant genomic information. This technology will be used to develop a set of specific, proof of principle diagnostic assays based on optical barcoding of individual DNA molecules. These assays will address: 
-Bacterial infections and antibiotic resistance 
-Diagnosis/prognosis tools for hematological malignancies
-Spinal Muscular Atrophy
-Early diagnosis of colorectal and lung cancer. 
Ultimately our project will provide reagents, prototype DNA barcoding devices and data analysis software ready for large scale validation and early stage commercialization.</objective>
  
  
	
  
  <title>Genomic diagnostics beyond the sequence</title>
  
  
	
  
  <totalCost>6034026.09</totalCost>
  
  
	
  
  <ecMaxContribution>6034026.09</ecMaxContribution>
  
  
	
  
  <startDate>2015-05-01</startDate>
  
  
	
  
  <endDate>2019-04-30</endDate>
  
  
	
  
  <contract>
    
    
		
    
    <duration>48</duration>
    
    
	
  
  </contract>
  
  
	
  
  <status>SIGNED</status>
  
  
	
  
  <sourceUpdateDate>2017-10-17 13:14:25</sourceUpdateDate>
  
  
	
  
  <contentCreationDate readOnly="true">2015-05-05 16:07:12</contentCreationDate>
  
  
	
  
  <contentUpdateDate>2017-08-17 12:51:16</contentUpdateDate>
  
  
	
  
  <lastUpdateDate readOnly="true">2017-11-10 16:43:53</lastUpdateDate>
  
  
	
  
  <relations>
    
    
		
    
    <associations>
      
      
			
      
      <call type="relatedCall">
        
        
				
			
					
        
        <rcn>783</rcn>
        
        
					
        
        <title>H2020-PHC-2014-two-stage</title>
        
        
					
        
        <identifier>H2020-PHC-2014-two-stage</identifier>
        
        
				
      
      </call>
      
      
			
      
      <organization ecContribution="245687.35" order="8" terminated="false" type="participant">
        
        
				
			
					
        
        <availableLanguages readOnly="true">en</availableLanguages>
        
        
					
        
        <rcn>2394402</rcn>
        
        
					
        
        <id>989201830</id>
        
        
					
        
        <vatNumber>GB973189088</vatNumber>
        
        
					
        
        <legalName>IMPASARA LIMITED</legalName>
        
        
					
        
        <shortName>IMP</shortName>
        
        
					
        
        <address>
          
          
						
          
          <street>43-45 DORSET STREET 2ND FLOOR</street>
          
          
						
          
          <city>LONDON</city>
          
          
						
          
          <postalCode>W1U 7NA</postalCode>
          
          
						
          
          <country>UK</country>
          
          
					
        
        </address>
        
        
					
        
        <relations>
          
          
						
          
          <categories>
            
            
							
            
            <category classification="organizationActivityType" type="relatedOrganizationActivityType">
              
              
								
              
              <availableLanguages readOnly="true">en</availableLanguages>
              
              
								
              
              <code>/PRC</code>
              
              
								
              
              <title>Private for-profit entities (excluding Higher or Secondary Education Establishments)</title>
              
              
								
							
            
            </category>
            
            
						
          
          </categories>
          
          
						
          
          <regions>
            
            
							
            
            <region type="relatedRegion">
              
              
								
							
									
              
              <name>United Kingdom</name>
              
              
									
              
              <nutsCode>UK</nutsCode>
              
              
									
              
              <euCode>UK</euCode>
              
              
									
              
              <isoCode>GB</isoCode>
              
              
									
              
              <rcn>508725800</rcn>
              
              
								
            
            </region>
            
            
						
          
          </regions>
          
          
					
        
        </relations>
        
        
				
      
      </organization>
      
      
			
      
      <organization ecContribution="703578.75" order="7" terminated="false" type="participant">
        
        
				
			
					
        
        <availableLanguages readOnly="true">en</availableLanguages>
        
        
					
        
        <rcn>1906227</rcn>
        
        
					
        
        <id>999907526</id>
        
        
					
        
        <vatNumber>GB729856187</vatNumber>
        
        
					
        
        <legalName>THE UNIVERSITY OF BIRMINGHAM</legalName>
        
        
					
        
        <shortName>UoB</shortName>
        
        
					
        
        <address>
          
          
						
          
          <street>Edgbaston</street>
          
          
						
          
          <city>BIRMINGHAM</city>
          
          
						
          
          <postalCode>B15 2TT</postalCode>
          
          
						
          
          <country>UK</country>
          
          
						
          
          <postBox>N/A</postBox>
          
          
						
          
          <url>www.bham.ac.uk</url>
          
          
					
        
        </address>
        
        
					
        
        <departmentName>Finance Office</departmentName>
        
        
					
        
        <relations>
          
          
						
          
          <categories>
            
            
							
            
            <category classification="organizationActivityType" type="relatedOrganizationActivityType">
              
              
								
              
              <availableLanguages readOnly="true">en</availableLanguages>
              
              
								
              
              <code>/HES</code>
              
              
								
              
              <title>Higher or Secondary Education Establishments</title>
              
              
								
							
            
            </category>
            
            
						
          
          </categories>
          
          
						
          
          <regions>
            
            
							
            
            <region type="relatedRegion">
              
              
								
							
									
              
              <name>United Kingdom</name>
              
              
									
              
              <nutsCode>UK</nutsCode>
              
              
									
              
              <euCode>UK</euCode>
              
              
									
              
              <isoCode>GB</isoCode>
              
              
									
              
              <rcn>508725800</rcn>
              
              
								
            
            </region>
            
            
						
          
          </regions>
          
          
					
        
        </relations>
        
        
				
      
      </organization>
      
      
			
      
      <organization ecContribution="674497.5" order="6" terminated="false" type="participant">
        
        
				
			
					
        
        <availableLanguages readOnly="true">en</availableLanguages>
        
        
					
        
        <rcn>2119883</rcn>
        
        
					
        
        <id>998680379</id>
        
        
					
        
        <vatNumber>FR44477699144</vatNumber>
        
        
					
        
        <legalName>GENOMIC VISION SA</legalName>
        
        
					
        
        <shortName>GV</shortName>
        
        
					
        
        <address>
          
          
						
          
          <street>80/84 RUE DES MEUNIERS</street>
          
          
						
          
          <city>BAGNEUX</city>
          
          
						
          
          <postalCode>92220</postalCode>
          
          
						
          
          <country>FR</country>
          
          
						
          
          <url>www.genomicvision.com</url>
          
          
					
        
        </address>
        
        
					
        
        <relations>
          
          
						
          
          <categories>
            
            
							
            
            <category classification="organizationActivityType" type="relatedOrganizationActivityType">
              
              
								
              
              <availableLanguages readOnly="true">en</availableLanguages>
              
              
								
              
              <code>/PRC</code>
              
              
								
              
              <title>Private for-profit entities (excluding Higher or Secondary Education Establishments)</title>
              
              
								
							
            
            </category>
            
            
						
          
          </categories>
          
          
						
          
          <regions>
            
            
							
            
            <region type="relatedRegion">
              
              
								
							
									
              
              <name>France</name>
              
              
									
              
              <nutsCode>FR</nutsCode>
              
              
									
              
              <euCode>FR</euCode>
              
              
									
              
              <isoCode>FR</isoCode>
              
              
									
              
              <rcn>258902568</rcn>
              
              
								
            
            </region>
            
            
						
          
          </regions>
          
          
					
        
        </relations>
        
        
				
      
      </organization>
      
      
			
      
      <organization ecContribution="1147250" order="1" terminated="false" type="coordinator">
        
        
				
			
					
        
        <availableLanguages readOnly="true">en</availableLanguages>
        
        
					
        
        <rcn>1906451</rcn>
        
        
					
        
        <id>999901609</id>
        
        
					
        
        <vatNumber>IL589931187</vatNumber>
        
        
					
        
        <legalName>TEL AVIV UNIVERSITY</legalName>
        
        
					
        
        <shortName>TAU</shortName>
        
        
					
        
        <address>
          
          
						
          
          <street>RAMAT AVIV</street>
          
          
						
          
          <city>TEL AVIV</city>
          
          
						
          
          <postalCode>69978</postalCode>
          
          
						
          
          <country>IL</country>
          
          
						
          
          <postBox>39040</postBox>
          
          
						
          
          <url>http://www.tau.ac.il/</url>
          
          
					
        
        </address>
        
        
					
        
        <departmentName>Research Authority</departmentName>
        
        
					
        
        <relations>
          
          
						
          
          <categories>
            
            
							
            
            <category classification="organizationActivityType" type="relatedOrganizationActivityType">
              
              
								
              
              <availableLanguages readOnly="true">en</availableLanguages>
              
              
								
              
              <code>/HES</code>
              
              
								
              
              <title>Higher or Secondary Education Establishments</title>
              
              
								
							
            
            </category>
            
            
						
          
          </categories>
          
          
						
          
          <regions>
            
            
							
            
            <region type="relatedRegion">
              
              
								
							
									
              
              <name>Israel</name>
              
              
									
              
              <nutsCode>IL</nutsCode>
              
              
									
              
              <euCode>IL</euCode>
              
              
									
              
              <isoCode>IL</isoCode>
              
              
									
              
              <rcn>307661352</rcn>
              
              
								
            
            </region>
            
            
						
          
          </regions>
          
          
					
        
        </relations>
        
        
				
      
      </organization>
      
      
			
      
      <organization ecContribution="844475" order="4" terminated="false" type="participant">
        
        
				
			
					
        
        <availableLanguages readOnly="true">en</availableLanguages>
        
        
					
        
        <rcn>1906564</rcn>
        
        
					
        
        <id>999907720</id>
        
        
					
        
        <vatNumber>IL557585585</vatNumber>
        
        
					
        
        <legalName>TECHNION - ISRAEL INSTITUTE OF TECHNOLOGY</legalName>
        
        
					
        
        <shortName>IIT</shortName>
        
        
					
        
        <address>
          
          
						
          
          <street>SENATE BUILDING TECHNION CITY</street>
          
          
						
          
          <city>HAIFA</city>
          
          
						
          
          <postalCode>32000</postalCode>
          
          
						
          
          <country>IL</country>
          
          
						
          
          <postBox>000</postBox>
          
          
						
          
          <url>www.technion.ac.il</url>
          
          
					
        
        </address>
        
        
					
        
        <departmentName>Liaison Office</departmentName>
        
        
					
        
        <relations>
          
          
						
          
          <categories>
            
            
							
            
            <category classification="organizationActivityType" type="relatedOrganizationActivityType">
              
              
								
              
              <availableLanguages readOnly="true">en</availableLanguages>
              
              
								
              
              <code>/HES</code>
              
              
								
              
              <title>Higher or Secondary Education Establishments</title>
              
              
								
							
            
            </category>
            
            
						
          
          </categories>
          
          
						
          
          <regions>
            
            
							
            
            <region type="relatedRegion">
              
              
								
							
									
              
              <name>Israel</name>
              
              
									
              
              <nutsCode>IL</nutsCode>
              
              
									
              
              <euCode>IL</euCode>
              
              
									
              
              <isoCode>IL</isoCode>
              
              
									
              
              <rcn>307661352</rcn>
              
              
								
            
            </region>
            
            
						
          
          </regions>
          
          
					
        
        </relations>
        
        
				
      
      </organization>
      
      
			
      
      <organization ecContribution="799863.75" order="3" terminated="false" type="participant">
        
        
				
			
					
        
        <availableLanguages readOnly="true">en</availableLanguages>
        
        
					
        
        <rcn>1906215</rcn>
        
        
					
        
        <id>999901318</id>
        
        
					
        
        <vatNumber>SE202100321101</vatNumber>
        
        
					
        
        <legalName>LUNDS UNIVERSITET</legalName>
        
        
					
        
        <shortName>ULUND</shortName>
        
        
					
        
        <address>
          
          
						
          
          <street>Paradisgatan  5c</street>
          
          
						
          
          <city>LUND</city>
          
          
						
          
          <postalCode>22100</postalCode>
          
          
						
          
          <country>SE</country>
          
          
						
          
          <postBox>117</postBox>
          
          
						
          
          <url>www.lu.se</url>
          
          
					
        
        </address>
        
        
					
        
        <departmentName>Dept. of Electrical and Information Technology</departmentName>
        
        
					
        
        <relations>
          
          
						
          
          <categories>
            
            
							
            
            <category classification="organizationActivityType" type="relatedOrganizationActivityType">
              
              
								
              
              <availableLanguages readOnly="true">en</availableLanguages>
              
              
								
              
              <code>/HES</code>
              
              
								
              
              <title>Higher or Secondary Education Establishments</title>
              
              
								
							
            
            </category>
            
            
						
          
          </categories>
          
          
						
          
          <regions>
            
            
							
            
            <region type="relatedRegion">
              
              
								
							
									
              
              <name>Sweden</name>
              
              
									
              
              <nutsCode>SE</nutsCode>
              
              
									
              
              <euCode>SE</euCode>
              
              
									
              
              <isoCode>SE</isoCode>
              
              
									
              
              <rcn>473598504</rcn>
              
              
								
            
            </region>
            
            
						
          
          </regions>
          
          
					
        
        </relations>
        
        
				
      
      </organization>
      
      
			
      
      <organization ecContribution="778312.49" order="5" terminated="false" type="participant">
        
        
				
			
					
        
        <availableLanguages readOnly="true">en</availableLanguages>
        
        
					
        
        <rcn>1905910</rcn>
        
        
					
        
        <id>999991334</id>
        
        
					
        
        <vatNumber>BE0419052173</vatNumber>
        
        
					
        
        <legalName>KATHOLIEKE UNIVERSITEIT LEUVEN</legalName>
        
        
					
        
        <shortName>KU Leuven</shortName>
        
        
					
        
        <address>
          
          
						
          
          <street>Oude Markt  13</street>
          
          
						
          
          <city>LEUVEN</city>
          
          
						
          
          <postalCode>3000</postalCode>
          
          
						
          
          <country>BE</country>
          
          
						
          
          <postBox>N/A</postBox>
          
          
						
          
          <url>www.kuleuven.be</url>
          
          
					
        
        </address>
        
        
					
        
        <departmentName>KU Leuven Research &amp; Development</departmentName>
        
        
					
        
        <relations>
          
          
						
          
          <categories>
            
            
							
            
            <category classification="organizationActivityType" type="relatedOrganizationActivityType">
              
              
								
              
              <availableLanguages readOnly="true">en</availableLanguages>
              
              
								
              
              <code>/HES</code>
              
              
								
              
              <title>Higher or Secondary Education Establishments</title>
              
              
								
							
            
            </category>
            
            
						
          
          </categories>
          
          
						
          
          <regions>
            
            
							
            
            <region type="relatedRegion">
              
              
								
							
									
              
              <name>Belgium</name>
              
              
									
              
              <nutsCode>BE</nutsCode>
              
              
									
              
              <euCode>BE</euCode>
              
              
									
              
              <isoCode>BE</isoCode>
              
              
									
              
              <rcn>188385832</rcn>
              
              
								
            
            </region>
            
            
						
          
          </regions>
          
          
					
        
        </relations>
        
        
				
      
      </organization>
      
      
			
      
      <organization ecContribution="840361.25" order="2" terminated="false" type="participant">
        
        
				
			
					
        
        <availableLanguages readOnly="true">en</availableLanguages>
        
        
					
        
        <rcn>1905553</rcn>
        
        
					
        
        <id>999980373</id>
        
        
					
        
        <vatNumber>SE556479559801</vatNumber>
        
        
					
        
        <legalName>CHALMERS TEKNISKA HOEGSKOLA AB</legalName>
        
        
					
        
        <shortName>CHALMERS</shortName>
        
        
					
        
        <address>
          
          
						
          
          <street>-</street>
          
          
						
          
          <city>GOETEBORG</city>
          
          
						
          
          <postalCode>41296</postalCode>
          
          
						
          
          <country>SE</country>
          
          
						
          
          <postBox>N/A</postBox>
          
          
						
          
          <url>www.chalmers.se</url>
          
          
					
        
        </address>
        
        
					
        
        <departmentName>SAFER - Vehicle and Traffic Safety Centre at Chalmers</departmentName>
        
        
					
        
        <relations>
          
          
						
          
          <categories>
            
            
							
            
            <category classification="organizationActivityType" type="relatedOrganizationActivityType">
              
              
								
              
              <availableLanguages readOnly="true">en</availableLanguages>
              
              
								
              
              <code>/HES</code>
              
              
								
              
              <title>Higher or Secondary Education Establishments</title>
              
              
								
							
            
            </category>
            
            
						
          
          </categories>
          
          
						
          
          <regions>
            
            
							
            
            <region type="relatedRegion">
              
              
								
							
									
              
              <name>Sweden</name>
              
              
									
              
              <nutsCode>SE</nutsCode>
              
              
									
              
              <euCode>SE</euCode>
              
              
									
              
              <isoCode>SE</isoCode>
              
              
									
              
              <rcn>473598504</rcn>
              
              
								
            
            </region>
            
            
						
          
          </regions>
          
          
					
        
        </relations>
        
        
				
      
      </organization>
      
      
			
      
      <programme type="relatedProgramme">
        
        
				
			
					
        
        <availableLanguages readOnly="true">de,en,es,fr,it,pl</availableLanguages>
        
        
					
        
        <rcn>664237</rcn>
        
        
					
        
        <code>H2020-EU.3.1.</code>
        
        
					
        
        <frameworkProgramme>H2020</frameworkProgramme>
        
        
					
        
        <pga>H2020-EU.3.1.</pga>
        
        
					
        
        <title>SOCIETAL CHALLENGES - Health, demographic change and well-being</title>
        
        
					
        
        <shortTitle>Health</shortTitle>
        
        
					
        
        <parent>
          
          
						
          
          <programme>
            
            
							
            
            <rcn>664235</rcn>
            
            
							
            
            <code>H2020-EU.3.</code>
            
            
							
            
            <parent>
              
              
								
              
              <programme>
                
                
									
                
                <rcn>664087</rcn>
                
                
									
                
                <code>H2020-EC</code>
                
                
									
                
                <parent>
                  
                  
										
                  
                  <programme>
                    
                    
											
                    
                    <rcn>664086</rcn>
                    
                    
											
                    
                    <code>H2020</code>
                    
                    
										
                  
                  </programme>
                  
                  
									
                
                </parent>
                
                
								
              
              </programme>
              
              
							
            
            </parent>
            
            
						
          
          </programme>
          
          
					
        
        </parent>
        
        
				
      
      </programme>
      
      
			
      
      <programme type="relatedSubProgramme">
        
        
				
			
					
        
        <availableLanguages readOnly="true">en</availableLanguages>
        
        
					
        
        <rcn>665179</rcn>
        
        
					
        
        <code>PHC-10-2014</code>
        
        
					
        
        <frameworkProgramme>H2020-Topics</frameworkProgramme>
        
        
					
        
        <title>Development of new diagnostic tools and technologies: in vitro devices, assays and platforms</title>
        
        
					
        
        <parent>
          
          
						
          
          <programme>
            
            
							
            
            <rcn>20200</rcn>
            
            
							
            
            <code>H2020-Topics</code>
            
            
						
          
          </programme>
          
          
					
        
        </parent>
        
        
				
      
      </programme>
      
      
			
      
      <result type="relatedResult">
        
        
				
			
					
        
        <availableLanguages readOnly="true">en</availableLanguages>
        
        
					
        
        <rcn>198167</rcn>
        
        
					
        
        <title>Periodic Reporting for period 1 - BeyondSeq (Genomic diagnostics beyond the sequence)</title>
        
        
					
        
        <teaser>Accurate diagnosis is a prerequisite for efficient health care. Ideally, if signs of pathogenesis could be detected before or at early stages of disease onset, then effective intervention and treatment may be administered. Many disease states are associate with genomic...</teaser>
        
        
					
        
        <description>periodic</description>
        
        
					
        
        <contentUpdateDate>2017-05-17 16:30:37</contentUpdateDate>
        
        
					
        
        <relations>
          
          
						
          
          <categories>
            
            
							
            
            <category classification="collection" type="belongsTo">
              
              
								
              
              <availableLanguages readOnly="true">de,en,es,fr,it,pl</availableLanguages>
              
              
								
              
              <code>/pubsum</code>
              
              
								
              
              <title>Report Summary</title>
              
              
								
							
            
            </category>
            
            
							
            
            <category classification="resultCategory" type="relatedResultCategory">
              
              
								
              
              <availableLanguages readOnly="true">en</availableLanguages>
              
              
								
              
              <code>/report</code>
              
              
								
              
              <title>Report summary</title>
              
              
								
							
            
            </category>
            
            
							
            
            <category classification="source" type="isProvidedBy">
              
              
								
              
              <availableLanguages readOnly="true">de,en,es,fr,it,pl</availableLanguages>
              
              
								
              
              <code>/corda</code>
              
              
								
              
              <title>CORDA</title>
              
              
								
							
            
            </category>
            
            
						
          
          </categories>
          
          
						
          
          <associations>
            
            
							
            
            <webItem source="corda" type="relatedResultAttachment">
              
              
								
							
									
              
              <language>en</language>
              
              
									
              
              <availableLanguages readOnly="true">en,any</availableLanguages>
              
              
									
              
              <uri>/docs/results/h2020/634/634890_PS/beyondseq-concept.jpg</uri>
              
              
									
              
              <alternativeText>Bridging the gap between Cytogenetics and next generation sequencing by single-molecule genomics</alternativeText>
              
              
									
              
              <mimetype readOnly="true">image/jpeg</mimetype>
              
              
									
              
              <size readOnly="true">0</size>
              
              
								
            
            </webItem>
            
            
							
            
            <webLink source="corda" type="relatedWebsite">
              
              
								
							
									
              
              <language>en</language>
              
              
									
              
              <availableLanguages readOnly="true">en</availableLanguages>
              
              
									
              
              <url>http://www.beyondseq.eu</url>
              
              
									
              
              <content />
              
              
								
            
            </webLink>
            
            
						
          
          </associations>
          
          
					
        
        </relations>
        
        
				
      
      </result>
      
      
			
      
      <result source="corda" type="relatedResult">
        
        
				
			
					
        
        <availableLanguages readOnly="true">en</availableLanguages>
        
        
					
        
        <rcn>206892</rcn>
        
        
					
        
        <title>Super-Resolution Genome Mapping in Silicon Nanochannels</title>
        
        
					
        
        <details>
          
          
						
          
          <authors>Jonathan Jeffet, Asaf Kobo, Tianxiang Su, Assaf Grunwald, Ori Green, Adam N. Nilsson, Eli Eisenberg, Tobias Ambjörnsson, Fredrik Westerlund, Elmar Weinhold, Doron Shabat, Prashant K. Purohit, Yuval Ebenstein</authors>
          
          
						
          
          <journalTitle>ACS Nano</journalTitle>
          
          
						
          
          <journalNumber>10/11</journalNumber>
          
          
						
          
          <publisher>American Chemical Society</publisher>
          
          
						
          
          <publishedYear>2016</publishedYear>
          
          
						
          
          <publishedPages>9823-9830</publishedPages>
          
          
					
        
        </details>
        
        
					
        
        <identifiers>
          
          
						
          
          <doi>10.1021/acsnano.6b05398</doi>
          
          
						
          
          <issn>1936-0851</issn>
          
          
					
        
        </identifiers>
        
        
					
        
        <contentUpdateDate>2017-11-10 16:40:42</contentUpdateDate>
        
        
					
        
        <relations>
          
          
						
          
          <categories>
            
            
							
            
            <category classification="collection" type="belongsTo">
              
              
								
              
              <availableLanguages readOnly="true">de,en,es,fr,it,pl</availableLanguages>
              
              
								
              
              <code>/publication</code>
              
              
								
              
              <title>Project publication</title>
              
              
								
							
            
            </category>
            
            
							
            
            <category classification="projectPublication" type="isPublishedAs">
              
              
								
              
              <availableLanguages readOnly="true">de,en,es,fr,it,pl</availableLanguages>
              
              
								
              
              <code>/PEER_REVIEWED_ARTICLE</code>
              
              
								
              
              <title>Peer reviewed article</title>
              
              
								
							
            
            </category>
            
            
							
            
            <category classification="source" type="isProvidedBy">
              
              
								
              
              <availableLanguages readOnly="true">de,en,es,fr,it,pl</availableLanguages>
              
              
								
              
              <code>/corda</code>
              
              
								
              
              <title>CORDA</title>
              
              
								
							
            
            </category>
            
            
						
          
          </categories>
          
          
					
        
        </relations>
        
        
				
      
      </result>
      
      
			
      
      <result source="corda" type="relatedResult">
        
        
				
			
					
        
        <availableLanguages readOnly="true">en</availableLanguages>
        
        
					
        
        <rcn>206895</rcn>
        
        
					
        
        <title>Direct identification of antibiotic resistance genes on single plasmid molecules using CRISPR/Cas9 in combination with optical DNA mapping</title>
        
        
					
        
        <details>
          
          
						
          
          <authors>Vilhelm Müller, Fredrika Rajer, Karolin Frykholm, Lena K. Nyberg, Saair Quaderi, Joachim Fritzsche, Erik Kristiansson, Tobias Ambjörnsson, Linus Sandegren, Fredrik Westerlund</authors>
          
          
						
          
          <journalTitle>Scientific Reports</journalTitle>
          
          
						
          
          <journalNumber>6</journalNumber>
          
          
						
          
          <publisher>Nature Publishing Group</publisher>
          
          
						
          
          <publishedYear>2016</publishedYear>
          
          
						
          
          <publishedPages>37938</publishedPages>
          
          
					
        
        </details>
        
        
					
        
        <identifiers>
          
          
						
          
          <doi>10.1038/srep37938</doi>
          
          
						
          
          <issn>2045-2322</issn>
          
          
					
        
        </identifiers>
        
        
					
        
        <contentUpdateDate>2017-11-10 16:40:51</contentUpdateDate>
        
        
					
        
        <relations>
          
          
						
          
          <categories>
            
            
							
            
            <category classification="collection" type="belongsTo">
              
              
								
              
              <availableLanguages readOnly="true">de,en,es,fr,it,pl</availableLanguages>
              
              
								
              
              <code>/publication</code>
              
              
								
              
              <title>Project publication</title>
              
              
								
							
            
            </category>
            
            
							
            
            <category classification="projectPublication" type="isPublishedAs">
              
              
								
              
              <availableLanguages readOnly="true">de,en,es,fr,it,pl</availableLanguages>
              
              
								
              
              <code>/PEER_REVIEWED_ARTICLE</code>
              
              
								
              
              <title>Peer reviewed article</title>
              
              
								
							
            
            </category>
            
            
							
            
            <category classification="source" type="isProvidedBy">
              
              
								
              
              <availableLanguages readOnly="true">de,en,es,fr,it,pl</availableLanguages>
              
              
								
              
              <code>/corda</code>
              
              
								
              
              <title>CORDA</title>
              
              
								
							
            
            </category>
            
            
						
          
          </categories>
          
          
					
        
        </relations>
        
        
				
      
      </result>
      
      
			
      
      <result source="corda" type="relatedResult">
        
        
				
			
					
        
        <availableLanguages readOnly="true">en</availableLanguages>
        
        
					
        
        <rcn>206888</rcn>
        
        
					
        
        <title>Fully sequenced and validated database of bacterial DNA</title>
        
        
					
        
        <description>Fully validated database of sequenced bacterial DNA.
A database of sequenced bacterial DNA, both chromosomal and plasmids, that has been validated with experiments on &gt;20 of the plasmids and &gt;20 of the bacterial strains in the database.</description>
        
        
					
        
        <contentUpdateDate>2017-11-10 16:40:29</contentUpdateDate>
        
        
					
        
        <relations>
          
          
						
          
          <categories>
            
            
							
            
            <category classification="collection" type="belongsTo">
              
              
								
              
              <availableLanguages readOnly="true">de,en,es,fr,it,pl</availableLanguages>
              
              
								
              
              <code>/deliverable</code>
              
              
								
              
              <title>Project deliverable</title>
              
              
								
							
            
            </category>
            
            
							
            
            <category classification="deliverableType" type="isDeliveredAs">
              
              
								
              
              <availableLanguages readOnly="true">de,en,es,fr,it,pl</availableLanguages>
              
              
								
              
              <code>/R</code>
              
              
								
              
              <title>Document, report</title>
              
              
								
							
            
            </category>
            
            
							
            
            <category classification="source" type="isProvidedBy">
              
              
								
              
              <availableLanguages readOnly="true">de,en,es,fr,it,pl</availableLanguages>
              
              
								
              
              <code>/corda</code>
              
              
								
              
              <title>CORDA</title>
              
              
								
							
            
            </category>
            
            
						
          
          </categories>
          
          
						
          
          <associations>
            
            
							
            
            <webLink source="corda" type="projectDeliverable">
              
              
								
							
									
              
              <language>en</language>
              
              
									
              
              <availableLanguages readOnly="true">en</availableLanguages>
              
              
									
              
              <url>https://www.ec.europa.eu/research/participants/documents/downloadPublic?documentIds=080166e5b2408f5b&amp;appId=PPGMS</url>
              
              
									
              
              <content>Documents download module Documents download module Document download Dear user, the requested document Attachment_0 is being prepared for download. Once the download is completed you may close this window by clicking on the close button. Close © European Commission  2018  - Documents download module - Version 2.6.0 - Build 20180216-0915</content>
              
              
								
            
            </webLink>
            
            
						
          
          </associations>
          
          
					
        
        </relations>
        
        
				
      
      </result>
      
      
			
      
      <result source="corda" type="relatedResult">
        
        
				
			
					
        
        <availableLanguages readOnly="true">en</availableLanguages>
        
        
					
        
        <rcn>206891</rcn>
        
        
					
        
        <title>Single-Molecule DNA Methylation Quantification Using Electro-optical Sensing in Solid-State Nanopores</title>
        
        
					
        
        <details>
          
          
						
          
          <authors>Tal Gilboa, Chen Torfstein, Matyas Juhasz, Assaf Grunwald, Yuval Ebenstein, Elmar Weinhold, Amit Meller</authors>
          
          
						
          
          <journalTitle>ACS Nano</journalTitle>
          
          
						
          
          <journalNumber>10/9</journalNumber>
          
          
						
          
          <publisher>American Chemical Society</publisher>
          
          
						
          
          <publishedYear>2016</publishedYear>
          
          
						
          
          <publishedPages>8861-8870</publishedPages>
          
          
					
        
        </details>
        
        
					
        
        <identifiers>
          
          
						
          
          <doi>10.1021/acsnano.6b04748</doi>
          
          
						
          
          <issn>1936-0851</issn>
          
          
					
        
        </identifiers>
        
        
					
        
        <contentUpdateDate>2017-11-10 16:40:39</contentUpdateDate>
        
        
					
        
        <relations>
          
          
						
          
          <categories>
            
            
							
            
            <category classification="collection" type="belongsTo">
              
              
								
              
              <availableLanguages readOnly="true">de,en,es,fr,it,pl</availableLanguages>
              
              
								
              
              <code>/publication</code>
              
              
								
              
              <title>Project publication</title>
              
              
								
							
            
            </category>
            
            
							
            
            <category classification="projectPublication" type="isPublishedAs">
              
              
								
              
              <availableLanguages readOnly="true">de,en,es,fr,it,pl</availableLanguages>
              
              
								
              
              <code>/PEER_REVIEWED_ARTICLE</code>
              
              
								
              
              <title>Peer reviewed article</title>
              
              
								
							
            
            </category>
            
            
							
            
            <category classification="source" type="isProvidedBy">
              
              
								
              
              <availableLanguages readOnly="true">de,en,es,fr,it,pl</availableLanguages>
              
              
								
              
              <code>/corda</code>
              
              
								
              
              <title>CORDA</title>
              
              
								
							
            
            </category>
            
            
						
          
          </categories>
          
          
					
        
        </relations>
        
        
				
      
      </result>
      
      
			
      
      <result source="corda" type="relatedResult">
        
        
				
			
					
        
        <availableLanguages readOnly="true">en</availableLanguages>
        
        
					
        
        <rcn>206890</rcn>
        
        
					
        
        <title>Project logo, leaflets, presentation &amp; website</title>
        
        
					
        
        <description>Project logo, leaflets, presentation &amp; website</description>
        
        
					
        
        <contentUpdateDate>2017-11-10 16:40:36</contentUpdateDate>
        
        
					
        
        <relations>
          
          
						
          
          <categories>
            
            
							
            
            <category classification="collection" type="belongsTo">
              
              
								
              
              <availableLanguages readOnly="true">de,en,es,fr,it,pl</availableLanguages>
              
              
								
              
              <code>/deliverable</code>
              
              
								
              
              <title>Project deliverable</title>
              
              
								
							
            
            </category>
            
            
							
            
            <category classification="deliverableType" type="isDeliveredAs">
              
              
								
              
              <availableLanguages readOnly="true">de,en,es,fr,it,pl</availableLanguages>
              
              
								
              
              <code>/O</code>
              
              
								
              
              <title>Other</title>
              
              
								
							
            
            </category>
            
            
							
            
            <category classification="source" type="isProvidedBy">
              
              
								
              
              <availableLanguages readOnly="true">de,en,es,fr,it,pl</availableLanguages>
              
              
								
              
              <code>/corda</code>
              
              
								
              
              <title>CORDA</title>
              
              
								
							
            
            </category>
            
            
						
          
          </categories>
          
          
						
          
          <associations>
            
            
							
            
            <webLink source="corda" type="projectDeliverable">
              
              
								
							
									
              
              <language>en</language>
              
              
									
              
              <availableLanguages readOnly="true">en</availableLanguages>
              
              
									
              
              <url>https://www.ec.europa.eu/research/participants/documents/downloadPublic?documentIds=080166e5ae99bac9&amp;appId=PPGMS</url>
              
              
									
              
              <content>Documents download module Documents download module Document download Dear user, the requested document Attachment_0 is being prepared for download. Once the download is completed you may close this window by clicking on the close button. Close © European Commission  2018  - Documents download module - Version 2.6.0 - Build 20180216-0915</content>
              
              
								
            
            </webLink>
            
            
						
          
          </associations>
          
          
					
        
        </relations>
        
        
				
      
      </result>
      
      
			
      
      <result source="corda" type="relatedResult">
        
        
				
			
					
        
        <availableLanguages readOnly="true">en</availableLanguages>
        
        
					
        
        <rcn>206894</rcn>
        
        
					
        
        <title>Rapid identification of intact bacterial resistance plasmids via optical mapping of single DNA molecules</title>
        
        
					
        
        <details>
          
          
						
          
          <authors>Lena K. Nyberg, Saair Quaderi, Gustav Emilsson, Nahid Karami, Erik Lagerstedt, Vilhelm Müller, Charleston Noble, Susanna Hammarberg, Adam N. Nilsson, Fei Sjöberg, Joachim Fritzsche, Erik Kristiansson, Linus Sandegren, Tobias Ambjörnsson, Fredrik Westerlund</authors>
          
          
						
          
          <journalTitle>Scientific Reports</journalTitle>
          
          
						
          
          <journalNumber>6</journalNumber>
          
          
						
          
          <publisher>Nature Publishing Group</publisher>
          
          
						
          
          <publishedYear>2016</publishedYear>
          
          
						
          
          <publishedPages>30410</publishedPages>
          
          
					
        
        </details>
        
        
					
        
        <identifiers>
          
          
						
          
          <doi>10.1038/srep30410</doi>
          
          
						
          
          <issn>2045-2322</issn>
          
          
					
        
        </identifiers>
        
        
					
        
        <contentUpdateDate>2017-11-10 16:40:48</contentUpdateDate>
        
        
					
        
        <relations>
          
          
						
          
          <categories>
            
            
							
            
            <category classification="collection" type="belongsTo">
              
              
								
              
              <availableLanguages readOnly="true">de,en,es,fr,it,pl</availableLanguages>
              
              
								
              
              <code>/publication</code>
              
              
								
              
              <title>Project publication</title>
              
              
								
							
            
            </category>
            
            
							
            
            <category classification="projectPublication" type="isPublishedAs">
              
              
								
              
              <availableLanguages readOnly="true">de,en,es,fr,it,pl</availableLanguages>
              
              
								
              
              <code>/PEER_REVIEWED_ARTICLE</code>
              
              
								
              
              <title>Peer reviewed article</title>
              
              
								
							
            
            </category>
            
            
							
            
            <category classification="source" type="isProvidedBy">
              
              
								
              
              <availableLanguages readOnly="true">de,en,es,fr,it,pl</availableLanguages>
              
              
								
              
              <code>/corda</code>
              
              
								
              
              <title>CORDA</title>
              
              
								
							
            
            </category>
            
            
						
          
          </categories>
          
          
					
        
        </relations>
        
        
				
      
      </result>
      
      
			
      
      <result source="corda" type="relatedResult">
        
        
				
			
					
        
        <availableLanguages readOnly="true">en</availableLanguages>
        
        
					
        
        <rcn>206889</rcn>
        
        
					
        
        <title>Dissemination plan</title>
        
        
					
        
        <description>Dissemination plan</description>
        
        
					
        
        <contentUpdateDate>2017-11-10 16:40:32</contentUpdateDate>
        
        
					
        
        <relations>
          
          
						
          
          <categories>
            
            
							
            
            <category classification="collection" type="belongsTo">
              
              
								
              
              <availableLanguages readOnly="true">de,en,es,fr,it,pl</availableLanguages>
              
              
								
              
              <code>/deliverable</code>
              
              
								
              
              <title>Project deliverable</title>
              
              
								
							
            
            </category>
            
            
							
            
            <category classification="deliverableType" type="isDeliveredAs">
              
              
								
              
              <availableLanguages readOnly="true">de,en,es,fr,it,pl</availableLanguages>
              
              
								
              
              <code>/R</code>
              
              
								
              
              <title>Document, report</title>
              
              
								
							
            
            </category>
            
            
							
            
            <category classification="source" type="isProvidedBy">
              
              
								
              
              <availableLanguages readOnly="true">de,en,es,fr,it,pl</availableLanguages>
              
              
								
              
              <code>/corda</code>
              
              
								
              
              <title>CORDA</title>
              
              
								
							
            
            </category>
            
            
						
          
          </categories>
          
          
						
          
          <associations>
            
            
							
            
            <webLink source="corda" type="projectDeliverable">
              
              
								
							
									
              
              <language>en</language>
              
              
									
              
              <availableLanguages readOnly="true">en</availableLanguages>
              
              
									
              
              <url>https://www.ec.europa.eu/research/participants/documents/downloadPublic?documentIds=080166e5b010a2ff&amp;appId=PPGMS</url>
              
              
									
              
              <content>Documents download module Documents download module Document download Dear user, the requested document Attachment_0 is being prepared for download. Once the download is completed you may close this window by clicking on the close button. Close © European Commission  2018  - Documents download module - Version 2.6.0 - Build 20180216-0915</content>
              
              
								
            
            </webLink>
            
            
						
          
          </associations>
          
          
					
        
        </relations>
        
        
				
      
      </result>
      
      
			
      
      <result source="corda" type="relatedResult">
        
        
				
			
					
        
        <availableLanguages readOnly="true">en</availableLanguages>
        
        
					
        
        <rcn>206893</rcn>
        
        
					
        
        <title>Rapid Tracing of Resistance Plasmids in a Nosocomial Outbreak Using Optical DNA Mapping</title>
        
        
					
        
        <details>
          
          
						
          
          <authors>Vilhelm Müller, Nahid Karami, Lena K. Nyberg, Christoffer Pichler, Paola C. Torche Pedreschi, Saair Quaderi, Joachim Fritzsche, Tobias Ambjörnsson, Christina Åhrén, Fredrik Westerlund</authors>
          
          
						
          
          <journalTitle>ACS Infectious Diseases</journalTitle>
          
          
						
          
          <journalNumber>2/5</journalNumber>
          
          
						
          
          <publisher>ACS Publications</publisher>
          
          
						
          
          <publishedYear>2016</publishedYear>
          
          
						
          
          <publishedPages>322-328</publishedPages>
          
          
					
        
        </details>
        
        
					
        
        <identifiers>
          
          
						
          
          <doi>10.1021/acsinfecdis.6b00017</doi>
          
          
						
          
          <issn>2373-8227</issn>
          
          
					
        
        </identifiers>
        
        
					
        
        <contentUpdateDate>2017-11-10 16:40:45</contentUpdateDate>
        
        
					
        
        <relations>
          
          
						
          
          <categories>
            
            
							
            
            <category classification="collection" type="belongsTo">
              
              
								
              
              <availableLanguages readOnly="true">de,en,es,fr,it,pl</availableLanguages>
              
              
								
              
              <code>/publication</code>
              
              
								
              
              <title>Project publication</title>
              
              
								
							
            
            </category>
            
            
							
            
            <category classification="projectPublication" type="isPublishedAs">
              
              
								
              
              <availableLanguages readOnly="true">de,en,es,fr,it,pl</availableLanguages>
              
              
								
              
              <code>/PEER_REVIEWED_ARTICLE</code>
              
              
								
              
              <title>Peer reviewed article</title>
              
              
								
							
            
            </category>
            
            
							
            
            <category classification="source" type="isProvidedBy">
              
              
								
              
              <availableLanguages readOnly="true">de,en,es,fr,it,pl</availableLanguages>
              
              
								
              
              <code>/corda</code>
              
              
								
              
              <title>CORDA</title>
              
              
								
							
            
            </category>
            
            
						
          
          </categories>
          
          
					
        
        </relations>
        
        
				
      
      </result>
      
      
			
      
      <result source="corda" type="relatedResult">
        
        
				
			
					
        
        <availableLanguages readOnly="true">en</availableLanguages>
        
        
					
        
        <rcn>206896</rcn>
        
        
					
        
        <title>Light-Enhancing Plasmonic-Nanopore Biosensor for Superior Single-Molecule Detection</title>
        
        
					
        
        <details>
          
          
						
          
          <authors>Ossama N. Assad, Tal Gilboa, Joshua Spitzberg, Matyas Juhasz, Elmar Weinhold, Amit Meller</authors>
          
          
						
          
          <journalTitle>Advanced Materials</journalTitle>
          
          
						
          
          <journalNumber />
          
          
						
          
          <publisher>United Nations Industrial Developement Organization</publisher>
          
          
						
          
          <publishedYear>2016</publishedYear>
          
          
						
          
          <publishedPages>1605442</publishedPages>
          
          
					
        
        </details>
        
        
					
        
        <identifiers>
          
          
						
          
          <doi>10.1002/adma.201605442</doi>
          
          
						
          
          <issn>0935-9648</issn>
          
          
					
        
        </identifiers>
        
        
					
        
        <contentUpdateDate>2017-11-10 16:40:55</contentUpdateDate>
        
        
					
        
        <relations>
          
          
						
          
          <categories>
            
            
							
            
            <category classification="collection" type="belongsTo">
              
              
								
              
              <availableLanguages readOnly="true">de,en,es,fr,it,pl</availableLanguages>
              
              
								
              
              <code>/publication</code>
              
              
								
              
              <title>Project publication</title>
              
              
								
							
            
            </category>
            
            
							
            
            <category classification="projectPublication" type="isPublishedAs">
              
              
								
              
              <availableLanguages readOnly="true">de,en,es,fr,it,pl</availableLanguages>
              
              
								
              
              <code>/PEER_REVIEWED_ARTICLE</code>
              
              
								
              
              <title>Peer reviewed article</title>
              
              
								
							
            
            </category>
            
            
							
            
            <category classification="source" type="isProvidedBy">
              
              
								
              
              <availableLanguages readOnly="true">de,en,es,fr,it,pl</availableLanguages>
              
              
								
              
              <code>/corda</code>
              
              
								
              
              <title>CORDA</title>
              
              
								
							
            
            </category>
            
            
						
          
          </categories>
          
          
					
        
        </relations>
        
        
				
      
      </result>
      
      
		
    
    </associations>
    
    
		
    
    <categories>
      
      
			
      
      <category classification="projectFundingSchemeCategory" type="relatedProjectFundingSchemeCategory">
        
        
				
        
        <availableLanguages readOnly="true">en</availableLanguages>
        
        
				
        
        <code>/RIA</code>
        
        
				
        
        <title>Research and Innovation action</title>
        
        
				
			
      
      </category>
      
      
		
    
    </categories>
    
    
	
  
  </relations>
  
  
	


</project>

