<?xml version="1.0" encoding="UTF-8"?>
<project xmlns="http://cordis.europa.eu">
  
  
	
	
  
  <language>en</language>
  
  
	
  
  <availableLanguages readOnly="true">en</availableLanguages>
  
  
	
  
  <rcn>193666</rcn>
  
  
	
  
  <reference>639707</reference>
  
  
	
  
  <acronym>REMEMBER</acronym>
  
  
	
  
  <teaser>Microbes in natural ecosystems are under constant evolutionary pressure from viruses. To survive in this hostile environment microbes have evolved an adaptive immune system called CRISPR-Cas. The immune system is based on incorporation of invader DNA sequences in a memory...</teaser>
  
  
	
  
  <objective>Microbes in natural ecosystems are under constant evolutionary pressure from viruses. To survive in this hostile environment microbes have evolved an adaptive immune system called CRISPR-Cas. The immune system is based on incorporation of invader DNA sequences in a memory locus (CRISPR), the formation of guide RNAs from this locus, and the degradation of invading target DNA using CRISPR RNA-guided protein complexes. Invaders escape immunity by making point mutations in the targeted region of their DNA, but hosts quickly restore immunity by integrating new memory sequences against the same invader in a process called priming. Recently, I have made the remarkable discovery that hosts mount a primed immune response even when facing heavily mutated invaders. This implies that the memory of the CRISPR-Cas system not only functions in the short term against relatively recent threats, but also remembers a range of revisiting old foes in the long term, providing a huge evolutionary benefit for the host in the arms race with their invaders.
	This proposal sets out to determine the mechanism of the enigmatic process of primed memory formation against heavily mutated invaders. Using a combination of genetic, biochemical and structural approaches, including state-of-the-art single molecule imaging of CRISPR immunity in living Escherichia coli cells, I will investigate the driving hypothesis that perfectly matching and degenerate targets are differentially recognized, and trigger either target DNA degradation or priming. Moreover, I will test the supposition that degenerate priming is a universal phenomenon among different CRISPR-Cas types. If this is the case, degenerate priming will impair the use of viruses as therapeutic agents to treat antibiotic resistant bacterial infections. To prevent CRISPR resistance I propose to screen for organic molecules that inhibit the formation of CRISPR resistance. These molecules can be co-administered with viruses to potentiate treatments.</objective>
  
  
	
  
  <title>Adaptive immunity in prokaryotes: how Bacteria do not forgive and do not forget their enemies</title>
  
  
	
  
  <totalCost>1499183.75</totalCost>
  
  
	
  
  <ecMaxContribution>1499183.75</ecMaxContribution>
  
  
	
  
  <startDate>2015-06-01</startDate>
  
  
	
  
  <endDate>2020-05-31</endDate>
  
  
	
  
  <contract>
    
    
		
    
    <duration>60</duration>
    
    
	
  
  </contract>
  
  
	
  
  <status>SIGNED</status>
  
  
	
  
  <sourceUpdateDate>2017-03-30 17:45:05</sourceUpdateDate>
  
  
	
  
  <contentCreationDate readOnly="true">2015-05-05 16:37:19</contentCreationDate>
  
  
	
  
  <contentUpdateDate>2017-03-27 20:47:01</contentUpdateDate>
  
  
	
  
  <lastUpdateDate readOnly="true">2017-03-30 17:45:05</lastUpdateDate>
  
  
	
  
  <relations>
    
    
		
    
    <associations>
      
      
			
      
      <call type="relatedCall">
        
        
				
			
					
        
        <rcn>408</rcn>
        
        
					
        
        <title>ERC-2014-STG</title>
        
        
					
        
        <identifier>ERC-2014-STG</identifier>
        
        
				
      
      </call>
      
      
			
      
      <organization ecContribution="125886.91" order="2" terminated="true" type="beneficiary">
        
        
				
			
					
        
        <availableLanguages readOnly="true">en</availableLanguages>
        
        
					
        
        <rcn>1906458</rcn>
        
        
					
        
        <id>999981634</id>
        
        
					
        
        <vatNumber>NL811383696B01</vatNumber>
        
        
					
        
        <legalName>WAGENINGEN UNIVERSITY</legalName>
        
        
					
        
        <shortName>WU</shortName>
        
        
					
        
        <address>
          
          
						
          
          <street>DROEVENDAALSESTEEG 4</street>
          
          
						
          
          <city>WAGENINGEN</city>
          
          
						
          
          <postalCode>6708 PB</postalCode>
          
          
						
          
          <country>NL</country>
          
          
						
          
          <postBox>9101</postBox>
          
          
						
          
          <url>http://www.wageningenur.nl/nl.htm</url>
          
          
					
        
        </address>
        
        
					
        
        <departmentName>Agrotechnology and Food Science Group</departmentName>
        
        
					
        
        <relations>
          
          
						
          
          <categories>
            
            
							
            
            <category classification="organizationActivityType" type="relatedOrganizationActivityType">
              
              
								
              
              <availableLanguages readOnly="true">en</availableLanguages>
              
              
								
              
              <code>/HES</code>
              
              
								
              
              <title>Higher or Secondary Education Establishments</title>
              
              
								
							
            
            </category>
            
            
						
          
          </categories>
          
          
						
          
          <regions>
            
            
							
            
            <region type="relatedRegion">
              
              
								
							
									
              
              <name>Netherlands</name>
              
              
									
              
              <nutsCode>NL</nutsCode>
              
              
									
              
              <euCode>NL</euCode>
              
              
									
              
              <isoCode>NL</isoCode>
              
              
									
              
              <rcn>391547432</rcn>
              
              
								
            
            </region>
            
            
						
          
          </regions>
          
          
					
        
        </relations>
        
        
				
      
      </organization>
      
      
			
      
      <organization ecContribution="1373296.84" order="1" terminated="false" type="hostInstitution">
        
        
				
			
					
        
        <availableLanguages readOnly="true">en</availableLanguages>
        
        
					
        
        <rcn>1905872</rcn>
        
        
					
        
        <id>999977366</id>
        
        
					
        
        <vatNumber>NL001569569B01</vatNumber>
        
        
					
        
        <legalName>TECHNISCHE UNIVERSITEIT DELFT</legalName>
        
        
					
        
        <shortName>TU Delft</shortName>
        
        
					
        
        <address>
          
          
						
          
          <street>STEVINWEG 1</street>
          
          
						
          
          <city>DELFT</city>
          
          
						
          
          <postalCode>2628 CN</postalCode>
          
          
						
          
          <country>NL</country>
          
          
						
          
          <postBox>5</postBox>
          
          
						
          
          <url>www.tudelft.nl</url>
          
          
					
        
        </address>
        
        
					
        
        <departmentName>Faculty of Civil Engineering and Geosciences</departmentName>
        
        
					
        
        <relations>
          
          
						
          
          <categories>
            
            
							
            
            <category classification="organizationActivityType" type="relatedOrganizationActivityType">
              
              
								
              
              <availableLanguages readOnly="true">en</availableLanguages>
              
              
								
              
              <code>/HES</code>
              
              
								
              
              <title>Higher or Secondary Education Establishments</title>
              
              
								
							
            
            </category>
            
            
						
          
          </categories>
          
          
						
          
          <regions>
            
            
							
            
            <region type="relatedRegion">
              
              
								
							
									
              
              <name>Netherlands</name>
              
              
									
              
              <nutsCode>NL</nutsCode>
              
              
									
              
              <euCode>NL</euCode>
              
              
									
              
              <isoCode>NL</isoCode>
              
              
									
              
              <rcn>391547432</rcn>
              
              
								
            
            </region>
            
            
						
          
          </regions>
          
          
					
        
        </relations>
        
        
				
      
      </organization>
      
      
			
      
      <programme type="relatedSubProgramme">
        
        
				
			
					
        
        <availableLanguages readOnly="true">en</availableLanguages>
        
        
					
        
        <rcn>664783</rcn>
        
        
					
        
        <code>ERC-StG-2014</code>
        
        
					
        
        <frameworkProgramme>H2020-Topics</frameworkProgramme>
        
        
					
        
        <title>ERC Starting Grant</title>
        
        
					
        
        <parent>
          
          
						
          
          <programme>
            
            
							
            
            <rcn>20200</rcn>
            
            
							
            
            <code>H2020-Topics</code>
            
            
						
          
          </programme>
          
          
					
        
        </parent>
        
        
				
      
      </programme>
      
      
			
      
      <programme type="relatedProgramme">
        
        
				
			
					
        
        <availableLanguages readOnly="true">de,en,es,fr,it,pl</availableLanguages>
        
        
					
        
        <rcn>664099</rcn>
        
        
					
        
        <code>H2020-EU.1.1.</code>
        
        
					
        
        <frameworkProgramme>H2020</frameworkProgramme>
        
        
					
        
        <pga>H2020-EU.1.1.</pga>
        
        
					
        
        <title>EXCELLENT SCIENCE - European Research Council (ERC)</title>
        
        
					
        
        <shortTitle>European Research Council (ERC)</shortTitle>
        
        
					
        
        <parent>
          
          
						
          
          <programme>
            
            
							
            
            <rcn>664091</rcn>
            
            
							
            
            <code>H2020-EU.1.</code>
            
            
							
            
            <parent>
              
              
								
              
              <programme>
                
                
									
                
                <rcn>664087</rcn>
                
                
									
                
                <code>H2020-EC</code>
                
                
									
                
                <parent>
                  
                  
										
                  
                  <programme>
                    
                    
											
                    
                    <rcn>664086</rcn>
                    
                    
											
                    
                    <code>H2020</code>
                    
                    
										
                  
                  </programme>
                  
                  
									
                
                </parent>
                
                
								
              
              </programme>
              
              
							
            
            </parent>
            
            
						
          
          </programme>
          
          
					
        
        </parent>
        
        
				
      
      </programme>
      
      
			
      
      <result type="relatedResult">
        
        
				
			
					
        
        <availableLanguages readOnly="true">en</availableLanguages>
        
        
					
        
        <rcn>205039</rcn>
        
        
					
        
        <title>Periodic Reporting for period 1 - REMEMBER (Adaptive immunity in prokaryotes: how Bacteria do not forgive and do not forget their enemies)</title>
        
        
					
        
        <teaser>Microbes in natural ecosystems are under constant evolutionary pressure from viruses. To survive in this hostile environment microbes have evolved an adaptive immune system called CRISPR-Cas. The REMEMBER project sets out to determine the mechanism of the enigmatic process of...</teaser>
        
        
					
        
        <description>periodic</description>
        
        
					
        
        <contentUpdateDate>2017-11-17 12:09:00</contentUpdateDate>
        
        
					
        
        <relations>
          
          
						
          
          <categories>
            
            
							
            
            <category classification="collection" type="belongsTo">
              
              
								
              
              <availableLanguages readOnly="true">de,en,es,fr,it,pl</availableLanguages>
              
              
								
              
              <code>/pubsum</code>
              
              
								
              
              <title>Report Summary</title>
              
              
								
							
            
            </category>
            
            
							
            
            <category classification="resultCategory" type="relatedResultCategory">
              
              
								
              
              <availableLanguages readOnly="true">en</availableLanguages>
              
              
								
              
              <code>/report</code>
              
              
								
              
              <title>Report summary</title>
              
              
								
							
            
            </category>
            
            
							
            
            <category classification="source" type="isProvidedBy">
              
              
								
              
              <availableLanguages readOnly="true">de,en,es,fr,it,pl</availableLanguages>
              
              
								
              
              <code>/corda</code>
              
              
								
              
              <title>CORDA</title>
              
              
								
							
            
            </category>
            
            
						
          
          </categories>
          
          
						
          
          <associations>
            
            
							
            
            <webLink source="corda" type="relatedWebsite">
              
              
								
							
									
              
              <language>en</language>
              
              
									
              
              <availableLanguages readOnly="true">en</availableLanguages>
              
              
									
              
              <url>http://www.brounslab.org</url>
              
              
									
              
              <content />
              
              
								
            
            </webLink>
            
            
						
          
          </associations>
          
          
					
        
        </relations>
        
        
				
      
      </result>
      
      
		
    
    </associations>
    
    
		
    
    <categories>
      
      
			
      
      <category classification="projectFundingSchemeCategory" type="relatedProjectFundingSchemeCategory">
        
        
				
        
        <availableLanguages readOnly="true">en</availableLanguages>
        
        
				
        
        <code>/ERC-STG</code>
        
        
				
        
        <title>Starting Grant</title>
        
        
				
			
      
      </category>
      
      
		
    
    </categories>
    
    
	
  
  </relations>
  
  
	


</project>

