<?xml version="1.0" encoding="UTF-8"?>
<project xmlns="http://cordis.europa.eu">
  
  
	
	
  
  <language>en</language>
  
  
	
  
  <availableLanguages readOnly="true">en</availableLanguages>
  
  
	
  
  <rcn>193213</rcn>
  
  
	
  
  <reference>633320</reference>
  
  
	
  
  <acronym>BS_Night_140926_150925</acronym>
  
  
	
  
  <teaser>Crossing Borders, pushing the limits of knowledge, inventing new methods, technologies, materials to improve our life. That´s what research is all about. What is needed for this is simple: a clever mind and curiosity. With the slogan Crossing Borders –there is a researcher...</teaser>
  
  
	
  
  <objective>Crossing Borders, pushing the limits of knowledge, inventing new methods, technologies, materials to improve our life. That´s what research is all about. What is needed for this is simple: a clever mind and curiosity. With the slogan Crossing Borders –there is a researcher in all of us we want to show how diverse research careers and findings can be and how they impact the everyday life. Furthermore, during the European Researchers´ Night we want to advertise research as a career especially to young people. This is why we are bringing researchers into town - research is right at home in Braunschweig. Our region is one of the most research intensive regions in Europe, boasting the highest density of scientists. To make this visible we are embarking in a bet: we want to assemble at least 1,000 researchers at a so-called Researcher-Flashmob. We expect around 10,000 visitors who are invited to be part of the bet before the event and who can be part of a whole range of small events on the night to get up-and-close with the researchers. Events include playing games together, an elevator pitch, hands-on-experiments or a Science Slam. This way we are encouraging people to enjoy research and show how research makes life easier. At the same time we dispel the myth surrounding researchers. An extensive awareness campaign before the event will help spreading the message even beyond the night itself. After the campaign we expect at least 85,000 people to know about the European Researchers´ Night (ERN) and its objectives.  
The Haus der Wissenschaft (House of Science) is the interface between all universities, research institutions and the city, economy, cultural and educational institutions of Braunschweig. Together with the TU Braunschweig, one of the oldest TUs in Germany and the city of Braunschweig we have the ability and experience to make an event like this run smoothly.</objective>
  
  
	
  
  <title>Crossing Borders - In jedem steckt ein Forscher / European Researchers Night 2014 + 2015</title>
  
  
	
  
  <totalCost>189000</totalCost>
  
  
	
  
  <ecMaxContribution>189000</ecMaxContribution>
  
  
	
  
  <startDate>2014-05-01</startDate>
  
  
	
  
  <endDate>2015-10-31</endDate>
  
  
	
  
  <contract>
    
    
		
    
    <duration>18</duration>
    
    
	
  
  </contract>
  
  
	
  
  <status>SIGNED</status>
  
  
	
  
  <sourceUpdateDate>2018-04-23 05:00:24</sourceUpdateDate>
  
  
	
  
  <contentCreationDate readOnly="true">2015-05-05 15:58:40</contentCreationDate>
  
  
	
  
  <contentUpdateDate>2017-08-08 08:55:43</contentUpdateDate>
  
  
	
  
  <lastUpdateDate readOnly="true">2018-05-03 11:31:26</lastUpdateDate>
  
  
	
  
  <relations>
    
    
		
    
    <associations>
      
      
			
      
      <call type="relatedCall">
        
        
				
			
					
        
        <rcn>186</rcn>
        
        
					
        
        <title>H2020-MSCA-NIGHT-2014</title>
        
        
					
        
        <identifier>H2020-MSCA-NIGHT-2014</identifier>
        
        
				
      
      </call>
      
      
			
      
      <organization ecContribution="12500" order="2" terminated="false" type="participant">
        
        
				
			
					
        
        <availableLanguages readOnly="true">en</availableLanguages>
        
        
					
        
        <rcn>1905809</rcn>
        
        
					
        
        <id>999861257</id>
        
        
					
        
        <vatNumber>DE152330858</vatNumber>
        
        
					
        
        <legalName>TECHNISCHE UNIVERSITAET BRAUNSCHWEIG</legalName>
        
        
					
        
        <shortName>TUBS</shortName>
        
        
					
        
        <address>
          
          
						
          
          <street>UNIVERSITAETSPLATZ 2</street>
          
          
						
          
          <city>BRAUNSCHWEIG</city>
          
          
						
          
          <postalCode>38106</postalCode>
          
          
						
          
          <country>DE</country>
          
          
						
          
          <postBox>000</postBox>
          
          
						
          
          <url>www.tu-braunschweig.de</url>
          
          
					
        
        </address>
        
        
					
        
        <departmentName>IGS</departmentName>
        
        
					
        
        <relations>
          
          
						
          
          <categories>
            
            
							
            
            <category classification="organizationActivityType" type="relatedOrganizationActivityType">
              
              
								
              
              <availableLanguages readOnly="true">en</availableLanguages>
              
              
								
              
              <code>/HES</code>
              
              
								
              
              <title>Higher or Secondary Education Establishments</title>
              
              
								
							
            
            </category>
            
            
						
          
          </categories>
          
          
						
          
          <regions>
            
            
							
            
            <region type="relatedRegion">
              
              
								
							
									
              
              <name>Germany</name>
              
              
									
              
              <nutsCode>DE</nutsCode>
              
              
									
              
              <euCode>DE</euCode>
              
              
									
              
              <isoCode>DE</isoCode>
              
              
									
              
              <rcn>221940264</rcn>
              
              
								
            
            </region>
            
            
						
          
          </regions>
          
          
					
        
        </relations>
        
        
				
      
      </organization>
      
      
			
      
      <organization ecContribution="176500" order="1" terminated="false" type="coordinator">
        
        
				
			
					
        
        <availableLanguages readOnly="true">en</availableLanguages>
        
        
					
        
        <rcn>2348334</rcn>
        
        
					
        
        <id>948643317</id>
        
        
					
        
        <vatNumber>DE258663945</vatNumber>
        
        
					
        
        <legalName>HAUS DER WISSENSCHAFT BRAUNSCHWEIG GMBH</legalName>
        
        
					
        
        <shortName>HDW</shortName>
        
        
					
        
        <address>
          
          
						
          
          <street>POCKELSSTRASSE 11</street>
          
          
						
          
          <city>BRAUNSCHWEIG</city>
          
          
						
          
          <postalCode>38106</postalCode>
          
          
						
          
          <country>DE</country>
          
          
					
        
        </address>
        
        
					
        
        <relations>
          
          
						
          
          <categories>
            
            
							
            
            <category classification="organizationActivityType" type="relatedOrganizationActivityType">
              
              
								
              
              <availableLanguages readOnly="true">en</availableLanguages>
              
              
								
              
              <code>/PRC</code>
              
              
								
              
              <title>Private for-profit entities (excluding Higher or Secondary Education Establishments)</title>
              
              
								
							
            
            </category>
            
            
						
          
          </categories>
          
          
						
          
          <regions>
            
            
							
            
            <region type="relatedRegion">
              
              
								
							
									
              
              <name>Germany</name>
              
              
									
              
              <nutsCode>DE</nutsCode>
              
              
									
              
              <euCode>DE</euCode>
              
              
									
              
              <isoCode>DE</isoCode>
              
              
									
              
              <rcn>221940264</rcn>
              
              
								
            
            </region>
            
            
						
          
          </regions>
          
          
					
        
        </relations>
        
        
				
      
      </organization>
      
      
			
      
      <programme type="relatedSubProgramme">
        
        
				
			
					
        
        <availableLanguages readOnly="true">en</availableLanguages>
        
        
					
        
        <rcn>664549</rcn>
        
        
					
        
        <code>MSCA-NIGHT-2014</code>
        
        
					
        
        <frameworkProgramme>H2020-Topics</frameworkProgramme>
        
        
					
        
        <title>European Researchers' Night (NIGHT)</title>
        
        
					
        
        <parent>
          
          
						
          
          <programme>
            
            
							
            
            <rcn>20200</rcn>
            
            
							
            
            <code>H2020-Topics</code>
            
            
						
          
          </programme>
          
          
					
        
        </parent>
        
        
				
      
      </programme>
      
      
			
      
      <programme type="relatedProgramme">
        
        
				
			
					
        
        <availableLanguages readOnly="true">de,en,es,fr,it,pl</availableLanguages>
        
        
					
        
        <rcn>664119</rcn>
        
        
					
        
        <code>H2020-EU.1.3.5.</code>
        
        
					
        
        <frameworkProgramme>H2020</frameworkProgramme>
        
        
					
        
        <pga>H2020-EU.1.3.5.</pga>
        
        
					
        
        <title>Specific support and policy actions</title>
        
        
					
        
        <shortTitle>MSCA Specific support</shortTitle>
        
        
					
        
        <parent>
          
          
						
          
          <programme>
            
            
							
            
            <rcn>664109</rcn>
            
            
							
            
            <code>H2020-EU.1.3.</code>
            
            
							
            
            <parent>
              
              
								
              
              <programme>
                
                
									
                
                <rcn>664091</rcn>
                
                
									
                
                <code>H2020-EU.1.</code>
                
                
									
                
                <parent>
                  
                  
										
                  
                  <programme>
                    
                    
											
                    
                    <rcn>664087</rcn>
                    
                    
											
                    
                    <code>H2020-EC</code>
                    
                    
											
                    
                    <parent>
                      
                      
												
                      
                      <programme>
                        
                        
													
                        
                        <rcn>664086</rcn>
                        
                        
													
                        
                        <code>H2020</code>
                        
                        
												
                      
                      </programme>
                      
                      
											
                    
                    </parent>
                    
                    
										
                  
                  </programme>
                  
                  
									
                
                </parent>
                
                
								
              
              </programme>
              
              
							
            
            </parent>
            
            
						
          
          </programme>
          
          
					
        
        </parent>
        
        
				
      
      </programme>
      
      
			
      
      <result source="corda" type="relatedResult">
        
        
				
			
					
        
        <availableLanguages readOnly="true">en</availableLanguages>
        
        
					
        
        <rcn>227709</rcn>
        
        
					
        
        <title>Impact Assessement</title>
        
        
					
        
        <description>o	Report on impact assessment (level of response, main conclusions, trends if relevant)
o	Samples (questionnaires, enquiries, interviews in English)</description>
        
        
					
        
        <contentUpdateDate>2018-05-03 11:30:22</contentUpdateDate>
        
        
					
        
        <relations>
          
          
						
          
          <categories>
            
            
							
            
            <category classification="collection" type="belongsTo">
              
              
								
              
              <availableLanguages readOnly="true">de,en,es,fr,it,pl</availableLanguages>
              
              
								
              
              <code>/deliverable</code>
              
              
								
              
              <title>Project deliverable</title>
              
              
								
							
            
            </category>
            
            
							
            
            <category classification="deliverableType" type="isDeliveredAs">
              
              
								
              
              <availableLanguages readOnly="true">de,en,es,fr,it,pl</availableLanguages>
              
              
								
              
              <code>/R</code>
              
              
								
              
              <title>Document, report</title>
              
              
								
							
            
            </category>
            
            
							
            
            <category classification="source" type="isProvidedBy">
              
              
								
              
              <availableLanguages readOnly="true">de,en,es,fr,it,pl</availableLanguages>
              
              
								
              
              <code>/corda</code>
              
              
								
              
              <title>CORDA</title>
              
              
								
							
            
            </category>
            
            
						
          
          </categories>
          
          
						
          
          <associations>
            
            
							
            
            <webLink source="corda" type="projectDeliverable">
              
              
								
							
									
              
              <language>en</language>
              
              
									
              
              <availableLanguages readOnly="true">en</availableLanguages>
              
              
									
              
              <url>https://www.ec.europa.eu/research/participants/documents/downloadPublic?documentIds=080166e59f20c975&amp;appId=PPGMS</url>
              
              
									
              
              <content>Documents download module Documents download module Document download Dear user, the requested document Attachment_0 is being prepared for download. Once the download is completed you may close this window by clicking on the close button. Close © European Commission  2018  - Documents download module - Version 2.6.0 - Build 20180216-0915</content>
              
              
								
            
            </webLink>
            
            
						
          
          </associations>
          
          
					
        
        </relations>
        
        
				
      
      </result>
      
      
			
      
      <result source="corda" type="relatedResult">
        
        
				
			
					
        
        <availableLanguages readOnly="true">en</availableLanguages>
        
        
					
        
        <rcn>227710</rcn>
        
        
					
        
        <title>Final management report</title>
        
        
					
        
        <description>Final management report</description>
        
        
					
        
        <contentUpdateDate>2018-05-03 11:30:42</contentUpdateDate>
        
        
					
        
        <relations>
          
          
						
          
          <categories>
            
            
							
            
            <category classification="collection" type="belongsTo">
              
              
								
              
              <availableLanguages readOnly="true">de,en,es,fr,it,pl</availableLanguages>
              
              
								
              
              <code>/deliverable</code>
              
              
								
              
              <title>Project deliverable</title>
              
              
								
							
            
            </category>
            
            
							
            
            <category classification="deliverableType" type="isDeliveredAs">
              
              
								
              
              <availableLanguages readOnly="true">de,en,es,fr,it,pl</availableLanguages>
              
              
								
              
              <code>/R</code>
              
              
								
              
              <title>Document, report</title>
              
              
								
							
            
            </category>
            
            
							
            
            <category classification="source" type="isProvidedBy">
              
              
								
              
              <availableLanguages readOnly="true">de,en,es,fr,it,pl</availableLanguages>
              
              
								
              
              <code>/corda</code>
              
              
								
              
              <title>CORDA</title>
              
              
								
							
            
            </category>
            
            
						
          
          </categories>
          
          
						
          
          <associations>
            
            
							
            
            <webLink source="corda" type="projectDeliverable">
              
              
								
							
									
              
              <language>en</language>
              
              
									
              
              <availableLanguages readOnly="true">en</availableLanguages>
              
              
									
              
              <url>https://www.ec.europa.eu/research/participants/documents/downloadPublic?documentIds=080166e59f2a9ff4&amp;appId=PPGMS</url>
              
              
									
              
              <content>Documents download module Documents download module Document download Dear user, the requested document Attachment_0 is being prepared for download. Once the download is completed you may close this window by clicking on the close button. Close © European Commission  2018  - Documents download module - Version 2.6.0 - Build 20180216-0915</content>
              
              
								
            
            </webLink>
            
            
						
          
          </associations>
          
          
					
        
        </relations>
        
        
				
      
      </result>
      
      
			
      
      <result source="corda" type="relatedResult">
        
        
				
			
					
        
        <availableLanguages readOnly="true">en</availableLanguages>
        
        
					
        
        <rcn>227707</rcn>
        
        
					
        
        <title>Report on activities during the night</title>
        
        
					
        
        <description>Report on the activities (type, success rate, participation, problems encountered), possibly accompanied by pictures, DVDs, videos…</description>
        
        
					
        
        <contentUpdateDate>2018-05-03 11:30:15</contentUpdateDate>
        
        
					
        
        <relations>
          
          
						
          
          <categories>
            
            
							
            
            <category classification="collection" type="belongsTo">
              
              
								
              
              <availableLanguages readOnly="true">de,en,es,fr,it,pl</availableLanguages>
              
              
								
              
              <code>/deliverable</code>
              
              
								
              
              <title>Project deliverable</title>
              
              
								
							
            
            </category>
            
            
							
            
            <category classification="deliverableType" type="isDeliveredAs">
              
              
								
              
              <availableLanguages readOnly="true">de,en,es,fr,it,pl</availableLanguages>
              
              
								
              
              <code>/R</code>
              
              
								
              
              <title>Document, report</title>
              
              
								
							
            
            </category>
            
            
							
            
            <category classification="source" type="isProvidedBy">
              
              
								
              
              <availableLanguages readOnly="true">de,en,es,fr,it,pl</availableLanguages>
              
              
								
              
              <code>/corda</code>
              
              
								
              
              <title>CORDA</title>
              
              
								
							
            
            </category>
            
            
						
          
          </categories>
          
          
						
          
          <associations>
            
            
							
            
            <webLink source="corda" type="projectDeliverable">
              
              
								
							
									
              
              <language>en</language>
              
              
									
              
              <availableLanguages readOnly="true">en</availableLanguages>
              
              
									
              
              <url>https://www.ec.europa.eu/research/participants/documents/downloadPublic?documentIds=080166e59f20bcc6&amp;appId=PPGMS</url>
              
              
									
              
              <content>Documents download module Documents download module Document download Dear user, the requested document Attachment_0 is being prepared for download. Once the download is completed you may close this window by clicking on the close button. Close © European Commission  2018  - Documents download module - Version 2.6.0 - Build 20180216-0915</content>
              
              
								
            
            </webLink>
            
            
						
          
          </associations>
          
          
					
        
        </relations>
        
        
				
      
      </result>
      
      
			
      
      <result source="corda" type="relatedResult">
        
        
				
			
					
        
        <availableLanguages readOnly="true">en</availableLanguages>
        
        
					
        
        <rcn>227704</rcn>
        
        
					
        
        <title>Report on awareness campaign</title>
        
        
					
        
        <description>o	Report on the awareness campaign (main communication means mobilised, number of articles, inserts, ads, posters, banners…)

o	Samples of the promotional material displayed</description>
        
        
					
        
        <contentUpdateDate>2018-05-03 11:30:03</contentUpdateDate>
        
        
					
        
        <relations>
          
          
						
          
          <categories>
            
            
							
            
            <category classification="collection" type="belongsTo">
              
              
								
              
              <availableLanguages readOnly="true">de,en,es,fr,it,pl</availableLanguages>
              
              
								
              
              <code>/deliverable</code>
              
              
								
              
              <title>Project deliverable</title>
              
              
								
							
            
            </category>
            
            
							
            
            <category classification="deliverableType" type="isDeliveredAs">
              
              
								
              
              <availableLanguages readOnly="true">de,en,es,fr,it,pl</availableLanguages>
              
              
								
              
              <code>/R</code>
              
              
								
              
              <title>Document, report</title>
              
              
								
							
            
            </category>
            
            
							
            
            <category classification="source" type="isProvidedBy">
              
              
								
              
              <availableLanguages readOnly="true">de,en,es,fr,it,pl</availableLanguages>
              
              
								
              
              <code>/corda</code>
              
              
								
              
              <title>CORDA</title>
              
              
								
							
            
            </category>
            
            
						
          
          </categories>
          
          
						
          
          <associations>
            
            
							
            
            <webLink source="corda" type="projectDeliverable">
              
              
								
							
									
              
              <language>en</language>
              
              
									
              
              <availableLanguages readOnly="true">en</availableLanguages>
              
              
									
              
              <url>https://www.ec.europa.eu/research/participants/documents/downloadPublic?documentIds=080166e59f20be44&amp;appId=PPGMS</url>
              
              
									
              
              <content>Documents download module Documents download module Document download Dear user, the requested document Attachment_0 is being prepared for download. Once the download is completed you may close this window by clicking on the close button. Close © European Commission  2018  - Documents download module - Version 2.6.0 - Build 20180216-0915</content>
              
              
								
            
            </webLink>
            
            
						
          
          </associations>
          
          
					
        
        </relations>
        
        
				
      
      </result>
      
      
			
      
      <result type="relatedResult">
        
        
				
			
					
        
        <availableLanguages readOnly="true">en</availableLanguages>
        
        
					
        
        <rcn>186185</rcn>
        
        
					
        
        <title>Periodic Reporting for period 2 - BS_Night_140926_150925 (Crossing Borders - In jedem steckt ein Forscher / European Researchers Night 2014 + 2015)</title>
        
        
					
        
        <teaser>"Crossing Borders, pushing the limits of knowledge, inventing new methods, technologies, materials to improve our life. That´s what research is all about. What is needed for this is simple: a clever mind and curiosity.With the slogan ""Crossing Borders, there is a researcher...</teaser>
        
        
					
        
        <description>periodic</description>
        
        
					
        
        <contentUpdateDate>2016-07-07 12:14:26</contentUpdateDate>
        
        
					
        
        <relations>
          
          
						
          
          <categories>
            
            
							
            
            <category classification="collection" type="belongsTo">
              
              
								
              
              <availableLanguages readOnly="true">de,en,es,fr,it,pl</availableLanguages>
              
              
								
              
              <code>/pubsum</code>
              
              
								
              
              <title>Report Summary</title>
              
              
								
							
            
            </category>
            
            
							
            
            <category classification="resultCategory" type="relatedResultCategory">
              
              
								
              
              <availableLanguages readOnly="true">en</availableLanguages>
              
              
								
              
              <code>/report</code>
              
              
								
              
              <title>Report summary</title>
              
              
								
							
            
            </category>
            
            
							
            
            <category classification="source" type="isProvidedBy">
              
              
								
              
              <availableLanguages readOnly="true">de,en,es,fr,it,pl</availableLanguages>
              
              
								
              
              <code>/corda</code>
              
              
								
              
              <title>CORDA</title>
              
              
								
							
            
            </category>
            
            
						
          
          </categories>
          
          
						
          
          <associations>
            
            
							
            
            <webItem source="corda" type="relatedResultAttachment">
              
              
								
							
									
              
              <language>en</language>
              
              
									
              
              <availableLanguages readOnly="true">en,any</availableLanguages>
              
              
									
              
              <uri>/docs/results/h2020/633/633320_PS/140926-hdw-0158-lq.jpg</uri>
              
              
									
              
              <alternativeText>"""Beat the brain"" at the city library"</alternativeText>
              
              
									
              
              <mimetype readOnly="true">image/jpeg</mimetype>
              
              
									
              
              <size readOnly="true">0</size>
              
              
								
            
            </webItem>
            
            
							
            
            <webItem source="corda" type="relatedResultAttachment">
              
              
								
							
									
              
              <language>en</language>
              
              
									
              
              <availableLanguages readOnly="true">en,any</availableLanguages>
              
              
									
              
              <uri>/docs/results/h2020/633/633320_PS/mg-2566-facebook.jpg</uri>
              
              
									
              
              <alternativeText>Night Impression</alternativeText>
              
              
									
              
              <mimetype readOnly="true">image/jpeg</mimetype>
              
              
									
              
              <size readOnly="true">0</size>
              
              
								
            
            </webItem>
            
            
							
            
            <webItem source="corda" type="relatedResultAttachment">
              
              
								
							
									
              
              <language>en</language>
              
              
									
              
              <availableLanguages readOnly="true">en,any</availableLanguages>
              
              
									
              
              <uri>/docs/results/h2020/633/633320_PS/img-6116.jpg</uri>
              
              
									
              
              <alternativeText>Late Night Science Slam participants</alternativeText>
              
              
									
              
              <mimetype readOnly="true">image/jpeg</mimetype>
              
              
									
              
              <size readOnly="true">0</size>
              
              
								
            
            </webItem>
            
            
							
            
            <webItem source="corda" type="relatedResultAttachment">
              
              
								
							
									
              
              <language>en</language>
              
              
									
              
              <availableLanguages readOnly="true">en,any</availableLanguages>
              
              
									
              
              <uri>/docs/results/h2020/633/633320_PS/140926-hdw-0243-lq.jpg</uri>
              
              
									
              
              <alternativeText>"a lecture of two young researchers, which took part at the competition ""Jugend forscht"""</alternativeText>
              
              
									
              
              <mimetype readOnly="true">image/jpeg</mimetype>
              
              
									
              
              <size readOnly="true">0</size>
              
              
								
            
            </webItem>
            
            
							
            
            <webItem source="corda" type="relatedResultAttachment">
              
              
								
							
									
              
              <language>en</language>
              
              
									
              
              <availableLanguages readOnly="true">en,any</availableLanguages>
              
              
									
              
              <uri>/docs/results/h2020/633/633320_PS/140926-hdw-0062-lq.jpg</uri>
              
              
									
              
              <alternativeText>Children testing a roboter</alternativeText>
              
              
									
              
              <mimetype readOnly="true">image/jpeg</mimetype>
              
              
									
              
              <size readOnly="true">0</size>
              
              
								
            
            </webItem>
            
            
							
            
            <webLink source="corda" type="relatedWebsite">
              
              
								
							
									
              
              <language>en</language>
              
              
									
              
              <availableLanguages readOnly="true">en</availableLanguages>
              
              
									
              
              <url>http://www.ern-bs.de</url>
              
              
									
              
              <content>Start - European Researchers Night 2015 Navigation überspringen Menü Start Aktuelles Info Programm film + Kunstwettbewerb Voting Forschungslandschaft Archiv Partner &amp; Sponsoren English Kontakt Impressum Ansprechpartner Haus der Wissenschaft Braunschweig GmbH info@hausderwissenschaft.org   25. September 2015 × Fragen stellen und Antworten finden: dazu lädt das Haus der Wissenschaft Braunschweig Haus der Wissenschaft Braunschweig gemeinsam mit Partnern aus Wissenschaft, Wirtschaft und Kultur am letzten Freitag im September ein. Die European Researchers’ Night ist eine Veranstaltung für alle, die Wissen wollen: Angesprochen sind sowohl die ForscherInnen selbst, als auch Unternehmen und die breite Öffentlichkeit. Von 15 Uhr bis in die Nacht können sich alle Interessierten im und rund um das Braunschweiger Schloss austauschen, vernetzen, ihre Neugierde stillen und gemeinsam Neues entdecken. Erfahren Sie mehr über die Bedeutung von Wissenschaft – zahlreiche Formate von Experimenten, Mitmach-Aktionen, Vorträgen bis hin zu Filmvorführungen geben die Möglichkeit, Forschung von Nahem zu erleben, anzufassen und den Dingen auf den Grund zu gehen. Sie sind neugierig, wollen Neues entdecken und Grenzen überschreiten? Dann seien Sie dabei! × Info × Die European Researchers’ Night findet jährlich europaweit am letzten Freitag im September statt und feiert 2015 bereits ihr zehnjähriges Jubiläum. Etwa 300 Städte in 24 europäischen und benachbarten Ländern laden am 25. September 2015 WissenschaftlerInnen und BesucherInnen zum Forschen, Experimentieren und Entdecken ein. Als einzige Stadt Deutschlands ist Braunschweig dieses Jahr zum zweiten Mal mit dabei! Weiterlesen Programm × Experimentieren, vernetzen, entdecken, weiterfragen! Dazu haben wir bei der European Researchers’ Night am 25. September bis in die Nacht hinein Zeit. Die lange Nacht der Forscher macht es in vielfältigen und abwechslungsreichen Programmpunkten möglich, miteinander in Kontakt zu treten, Neues zu entdecken, Neugierde zu stillen und einen intensiven Einblick in Forschung und Wissenschaft zu erhalten. Weiterlesen 26. September 2015 × European Researchersʼ Night Braunschweig 2015 Vom Nachmittag bis in die Nacht nutzten zahlreiche Besucher das abwechslungsreiche Programm rund um das Braunschweiger Schloss, um sich mit ForscherInnen auszutauschen. Weiterlesen European Researchersʼ Night Braunschweig 2015 24. September 2015 × Film+ geht zu Ende Mit dem ebenso unterhaltsamen wie wissenschaftlichen Vortrag »Die Zukunft aus »Zurück in die Zukunft« ist jetzt!« von Dr. Hubert Zitt ist unsere Reihe film+ schon wieder zu Ende gegangen. Weiterlesen Film+ geht zu Ende 18. September 2015 × Die Reise zum sichersten Ort der Erde Der dritte Filmabend in der Filmreihe film+, die wir in Kooperation mit dem C1 Cinema und der Braunschweiger Zeitung veranstalten, führte uns auf die »Reise zum sichersten Ort der Erde«. Weiterlesen Die Reise zum sichersten Ort der Erde 11. September 2015 × Film+ ─ die Zweite Der zweite Filmabend zum Vorprogramm der European Researchers’ Night Braunschweig 2015 eröffnete uns einen Einblick in die Welt der Teilchenphysik. Weiterlesen Film+ ─ die Zweite 04. September 2015 × Auftakt unseres Vorprogramms film + Am gestrigen Donnerstag startete unsere Filmreihe zur European Researchers’ Night Braunschweig 2015. Den Anfang machte der Film »Colors of Math«, der uns in die sinnliche Welt der Mathematik entführte. Weiterlesen Auftakt unseres Vorprogramms film + 02. September 2015 × Programm ist online! Für alle, die endlich wissen wollen, was es am 25. September zu sehen gibt, hat das Warten ein Ende: Unser Programm ist nun online und auch die Programmhefte starten noch diese Woche in die Verteilung. Viel Spaß beim Durchblättern! Weiterlesen Programm ist online! 24. August 2015 × Vorprogramm film+ startet Um uns allen die Wartezeit auf die European Researchers’ Night Braunschweig 2015 am 25. September zu verkürzen, startet nächste Woche als Vorprogramm die Reihe film+ in Kooperation mit dem C1 Cinema und der Braunschweiger Zeitung. Weiterlesen Vorprogramm film+ startet 17. August 2015 × Start des Publikumsvotings zum Kunstwettbewerb Ab heute können Sie für Ihren persönlichen Favoriten des Kunstwettbewerbs zur European Researchers᾽ Night Braunschweig 2015 abstimmen. Entscheiden Sie mit, welches Projekt den Publikumspreis erhalten soll! Weiterlesen Start des Publikumsvotings zum Kunstwettbewerb 20. Juli 2015 × Der Kunstwettbewerb geht in die nächste Runde! Bis Freitag konnten SchülerInnen der Oberstufen aus Braunschweig und der Region künstlerische Arbeiten für den Wettbewerb im Rahmen der diesjährigen European Researchers᾽ Night im Haus der Wissenschaft einreichen. Weiterlesen Der Kunstwettbewerb geht in die nächste Runde! 12. Juni 2015 × Website und Teaserfilm sind online Wir freuen uns über den offiziellen Start der Website sowie des Teaserfilms zur European Researchers᾽ Night Braunschweig 2015. Die Niedersächsische Ministerin für Wissenschaft und Kultur, Dr. Gabriele Heinen-Kljajić, hat auch in diesem Jahr die Schirmherrschaft für die Forschernacht übernommen. Weiterlesen Website und Teaserfilm sind online 08. Juni 2015 × Jetzt geht’s los! Die Vorbereitungen für die European Researchers’ Night Braunschweig 2015 am 25. September sind in vollem Gange. Weiterlesen Jetzt geht’s los! facebook.com/hausderwissenschaft youtube.com/hausderwissenschaft Die European Researchers' Night ist eine Veranstaltung des Haus der Wissenschaft Braunschweig in Zusammenarbeit mit den Hochschulen, Forschungseinrichtungen und den forschenden Unternehmen der Region Braunschweig sowie der Stadt Braunschweig. Das Haus der Wissenschaft wird gefördert durch die Öffentliche Versicherung Braunschweig. Das Projekt wird gefördert durch die Europäische Kommission im Rahmenprogramm für Forschung und Innovation HORIZONT 2020 unter der Finanzhilfevereinbarung Nr. 633320.</content>
              
              
								
            
            </webLink>
            
            
						
          
          </associations>
          
          
					
        
        </relations>
        
        
				
      
      </result>
      
      
		
    
    </associations>
    
    
		
    
    <categories>
      
      
			
      
      <category classification="projectFundingSchemeCategory" type="relatedProjectFundingSchemeCategory">
        
        
				
        
        <availableLanguages readOnly="true">en</availableLanguages>
        
        
				
        
        <code>/CSA</code>
        
        
				
        
        <title>Coordination and support action</title>
        
        
				
			
      
      </category>
      
      
		
    
    </categories>
    
    
	
  
  </relations>
  
  
	


</project>

