<?xml version="1.0" encoding="UTF-8"?>
<project xmlns="http://cordis.europa.eu">
  
  
	
	
  
  <language>en</language>
  
  
	
  
  <availableLanguages readOnly="true">en</availableLanguages>
  
  
	
  
  <rcn>193482</rcn>
  
  
	
  
  <reference>637313</reference>
  
  
	
  
  <acronym>ENTANGLED-TM-ALKANE</acronym>
  
  
	
  
  <teaser>The selective transformation of alkanes is an area of contemporary importance with wide-ranging implications for organic synthesis and the effective use of petroleum resources. While homogeneous transition metal catalysis is a potentially powerful means for achieving this...</teaser>
  
  
	
  
  <objective>The selective transformation of alkanes is an area of contemporary importance with wide-ranging implications for organic synthesis and the effective use of petroleum resources. While homogeneous transition metal catalysis is a potentially powerful means for achieving this objective, the fundamental organometallic chemistry of alkane activation reactions has proven to be exceedingly difficult to investigate due to the weakly interacting nature of alkanes. To address this knowledge gap and provide the foundation for future advancement of the field, ENTANGLED-TM-ALKANE outlines a systematic approach for the study of pivotal sigma–alkane complex intermediates; nominally transient and extremely reactive metal-alkane adducts formed through coordination of an intact C–H bond to the metal centre. Inspired from supramolecular chemistry, the approach involves the innovative use of systems containing alkane substrates held in close proximity to reactive metal centres through mechanical entanglement within supporting tridentate macrocyclic ‘pincer’ ligands (i.e. alkane based [2]rotaxanes and [2]catenanes). Through the interwoven topology of these systems, problematic dissociation reactions of sigma–alkane complexes will be circumvented, facilitating isolation and ultimately enabling their structure and reaction chemistry to be probed in much greater detail than has been previously possible. The project objectives are to: (a) develop and use new synthetic (supramolecular) methodologies for the preparation of these mechanically interlocked metal-alkane assemblies; (b) systematically investigate the organometallic chemistry of the metal centre and its interaction with the entangled alkane; and through variation of the macromolecules’ components (macrocycle donors and geometry, alkane, metal), (c) compile a definitive and unprecedented body of qualitative and quantitative structure-activity relationships for the activation alkanes using transition metals.</objective>
  
  
	
  
  <title>Entangled pincer ligand architectures and their application in the transition-metal-mediated activation of alkanes</title>
  
  
	
  
  <totalCost>1521137.33</totalCost>
  
  
	
  
  <ecMaxContribution>1521137.33</ecMaxContribution>
  
  
	
  
  <startDate>2015-04-01</startDate>
  
  
	
  
  <endDate>2020-03-31</endDate>
  
  
	
  
  <contract>
    
    
		
    
    <duration>60</duration>
    
    
	
  
  </contract>
  
  
	
  
  <status>SIGNED</status>
  
  
	
  
  <sourceUpdateDate>2017-10-17 13:14:25</sourceUpdateDate>
  
  
	
  
  <contentCreationDate readOnly="true">2015-05-05 16:21:45</contentCreationDate>
  
  
	
  
  <contentUpdateDate>2015-03-25 16:47:59</contentUpdateDate>
  
  
	
  
  <lastUpdateDate readOnly="true">2017-11-13 13:11:43</lastUpdateDate>
  
  
	
  
  <relations>
    
    
		
    
    <associations>
      
      
			
      
      <call type="relatedCall">
        
        
				
			
					
        
        <rcn>408</rcn>
        
        
					
        
        <title>ERC-2014-STG</title>
        
        
					
        
        <identifier>ERC-2014-STG</identifier>
        
        
				
      
      </call>
      
      
			
      
      <organization order="1" ecContribution="1521137.33" terminated="false" type="coordinator">
        
        
				
			
					
        
        <availableLanguages readOnly="true">en</availableLanguages>
        
        
					
        
        <rcn>1906421</rcn>
        
        
					
        
        <id>999976784</id>
        
        
					
        
        <vatNumber>GB545270058</vatNumber>
        
        
					
        
        <legalName>THE UNIVERSITY OF WARWICK</legalName>
        
        
					
        
        <shortName>UWA</shortName>
        
        
					
        
        <address>
          
          
						
          
          <street>Kirby Corner Road - University House</street>
          
          
						
          
          <city>COVENTRY</city>
          
          
						
          
          <postalCode>CV4 8UW</postalCode>
          
          
						
          
          <country>UK</country>
          
          
						
          
          <url>www.warwick.ac.uk</url>
          
          
					
        
        </address>
        
        
					
        
        <departmentName>Research Support Services</departmentName>
        
        
					
        
        <relations>
          
          
						
          
          <categories>
            
            
							
            
            <category classification="organizationActivityType" type="relatedOrganizationActivityType">
              
              
								
              
              <availableLanguages readOnly="true">en</availableLanguages>
              
              
								
              
              <code>/HES</code>
              
              
								
              
              <title>Higher or Secondary Education Establishments</title>
              
              
								
							
            
            </category>
            
            
						
          
          </categories>
          
          
						
          
          <regions>
            
            
							
            
            <region type="relatedRegion">
              
              
								
							
									
              
              <name>United Kingdom</name>
              
              
									
              
              <nutsCode>UK</nutsCode>
              
              
									
              
              <euCode>UK</euCode>
              
              
									
              
              <isoCode>GB</isoCode>
              
              
									
              
              <rcn>508725800</rcn>
              
              
								
            
            </region>
            
            
						
          
          </regions>
          
          
					
        
        </relations>
        
        
				
      
      </organization>
      
      
			
      
      <programme type="relatedSubProgramme">
        
        
				
			
					
        
        <availableLanguages readOnly="true">en</availableLanguages>
        
        
					
        
        <rcn>664783</rcn>
        
        
					
        
        <code>ERC-StG-2014</code>
        
        
					
        
        <frameworkProgramme>H2020-Topics</frameworkProgramme>
        
        
					
        
        <title>ERC Starting Grant</title>
        
        
					
        
        <parent>
          
          
						
          
          <programme>
            
            
							
            
            <rcn>20200</rcn>
            
            
							
            
            <code>H2020-Topics</code>
            
            
						
          
          </programme>
          
          
					
        
        </parent>
        
        
				
      
      </programme>
      
      
			
      
      <programme type="relatedProgramme">
        
        
				
			
					
        
        <availableLanguages readOnly="true">de,en,es,fr,it,pl</availableLanguages>
        
        
					
        
        <rcn>664099</rcn>
        
        
					
        
        <code>H2020-EU.1.1.</code>
        
        
					
        
        <frameworkProgramme>H2020</frameworkProgramme>
        
        
					
        
        <pga>H2020-EU.1.1.</pga>
        
        
					
        
        <title>EXCELLENT SCIENCE - European Research Council (ERC)</title>
        
        
					
        
        <shortTitle>European Research Council (ERC)</shortTitle>
        
        
					
        
        <parent>
          
          
						
          
          <programme>
            
            
							
            
            <rcn>664091</rcn>
            
            
							
            
            <code>H2020-EU.1.</code>
            
            
							
            
            <parent>
              
              
								
              
              <programme>
                
                
									
                
                <rcn>664087</rcn>
                
                
									
                
                <code>H2020-EC</code>
                
                
									
                
                <parent>
                  
                  
										
                  
                  <programme>
                    
                    
											
                    
                    <rcn>664086</rcn>
                    
                    
											
                    
                    <code>H2020</code>
                    
                    
										
                  
                  </programme>
                  
                  
									
                
                </parent>
                
                
								
              
              </programme>
              
              
							
            
            </parent>
            
            
						
          
          </programme>
          
          
					
        
        </parent>
        
        
				
      
      </programme>
      
      
			
      
      <result type="relatedResult">
        
        
				
			
					
        
        <availableLanguages readOnly="true">en</availableLanguages>
        
        
					
        
        <rcn>193708</rcn>
        
        
					
        
        <title>Periodic Reporting for period 1 - ENTANGLED-TM-ALKANE (Entangled pincer ligand architectures and their application in the transition-metal-mediated activation of alkanes)</title>
        
        
					
        
        <teaser>As the major components of petroleum and natural gas, alkanes are vast and low-cost raw materials. The development of mild catalytic processes for the direct exploitation of alkanes as chemical feedstocks would revolutionise the chemical industry and, through associated energy...</teaser>
        
        
					
        
        <description>periodic</description>
        
        
					
        
        <contentUpdateDate>2017-01-24 11:42:07</contentUpdateDate>
        
        
					
        
        <relations>
          
          
						
          
          <categories>
            
            
							
            
            <category classification="collection" type="belongsTo">
              
              
								
              
              <availableLanguages readOnly="true">de,en,es,fr,it,pl</availableLanguages>
              
              
								
              
              <code>/pubsum</code>
              
              
								
              
              <title>Report Summary</title>
              
              
								
							
            
            </category>
            
            
							
            
            <category classification="resultCategory" type="relatedResultCategory">
              
              
								
              
              <availableLanguages readOnly="true">en</availableLanguages>
              
              
								
              
              <code>/report</code>
              
              
								
              
              <title>Report summary</title>
              
              
								
							
            
            </category>
            
            
							
            
            <category classification="source" type="isProvidedBy">
              
              
								
              
              <availableLanguages readOnly="true">de,en,es,fr,it,pl</availableLanguages>
              
              
								
              
              <code>/corda</code>
              
              
								
              
              <title>CORDA</title>
              
              
								
							
            
            </category>
            
            
						
          
          </categories>
          
          
					
        
        </relations>
        
        
				
      
      </result>
      
      
			
      
      <result source="corda" type="relatedResult">
        
        
				
			
					
        
        <availableLanguages readOnly="true">en</availableLanguages>
        
        
					
        
        <rcn>207459</rcn>
        
        
					
        
        <title>Well-defined coinage metal transfer agents for the synthesis of NHC-based nickel, rhodium and palladium macrocycles</title>
        
        
					
        
        <details>
          
          
						
          
          <authors>Rhiann E. Andrew, Caroline M. Storey, Adrian B. Chaplin</authors>
          
          
						
          
          <journalTitle>Dalton Trans.</journalTitle>
          
          
						
          
          <journalNumber>45/21</journalNumber>
          
          
						
          
          <publisher>Royal Society of Chemistry</publisher>
          
          
						
          
          <publishedYear>2016</publishedYear>
          
          
						
          
          <publishedPages>8937-8944</publishedPages>
          
          
					
        
        </details>
        
        
					
        
        <identifiers>
          
          
						
          
          <doi>10.1039/c6dt01263a</doi>
          
          
						
          
          <issn>1477-9226</issn>
          
          
					
        
        </identifiers>
        
        
					
        
        <contentUpdateDate>2017-11-13 13:11:38</contentUpdateDate>
        
        
					
        
        <relations>
          
          
						
          
          <categories>
            
            
							
            
            <category classification="collection" type="belongsTo">
              
              
								
              
              <availableLanguages readOnly="true">de,en,es,fr,it,pl</availableLanguages>
              
              
								
              
              <code>/publication</code>
              
              
								
              
              <title>Project publication</title>
              
              
								
							
            
            </category>
            
            
							
            
            <category classification="projectPublication" type="isPublishedAs">
              
              
								
              
              <availableLanguages readOnly="true">de,en,es,fr,it,pl</availableLanguages>
              
              
								
              
              <code>/PEER_REVIEWED_ARTICLE</code>
              
              
								
              
              <title>Peer reviewed article</title>
              
              
								
							
            
            </category>
            
            
							
            
            <category classification="source" type="isProvidedBy">
              
              
								
              
              <availableLanguages readOnly="true">de,en,es,fr,it,pl</availableLanguages>
              
              
								
              
              <code>/corda</code>
              
              
								
              
              <title>CORDA</title>
              
              
								
							
            
            </category>
            
            
						
          
          </categories>
          
          
					
        
        </relations>
        
        
				
      
      </result>
      
      
		
    
    </associations>
    
    
		
    
    <categories>
      
      
			
      
      <category classification="projectFundingSchemeCategory" type="relatedProjectFundingSchemeCategory">
        
        
				
        
        <availableLanguages readOnly="true">en</availableLanguages>
        
        
				
        
        <code>/ERC-STG</code>
        
        
				
        
        <title>Starting Grant</title>
        
        
				
			
      
      </category>
      
      
		
    
    </categories>
    
    
	
  
  </relations>
  
  
	


</project>

